DATE ADDED TO CATALOG	PUBMEDID	FIRST AUTHOR	DATE	JOURNAL	LINK	STUDY	DISEASE/TRAIT	INITIAL SAMPLE SIZE	REPLICATION SAMPLE SIZE	REGION	CHR_ID	CHR_POS	REPORTED GENE(S)	MAPPED_GENE	UPSTREAM_GENE_ID	DOWNSTREAM_GENE_ID	SNP_GENE_IDS	UPSTREAM_GENE_DISTANCE	DOWNSTREAM_GENE_DISTANCE	STRONGEST SNP-RISK ALLELE	SNPS	MERGED	SNP_ID_CURRENT	CONTEXT	INTERGENIC	RISK ALLELE FREQUENCY	P-VALUE	PVALUE_MLOG	P-VALUE (TEXT)	OR or BETA	95% CI (TEXT)	PLATFORM [SNPS PASSING QC]	CNV	MAPPED_TRAIT	MAPPED_TRAIT_URI	STUDY ACCESSION	GENOTYPING TECHNOLOGY
2023-12-12	36914875	Shrine N	2023-03-13	Nat Genet	www.ncbi.nlm.nih.gov/pubmed/36914875	Multi-ancestry genome-wide association analyses improve resolution of genes and pathways influencing lung function and chronic obstructive pulmonary disease risk.	Lung function (FEV1)	475,645 European ancestry individuals, 8,590 African ancestry individuals, 85,279 East Asian ancestry individuals, 4,270 South Asian ancestry individuals, 14,668 Hispanic or Latin American individuals	NA	6q22.1	6	116937511		RFX6 - RPS29P13	ENSG00000185002	ENSG00000217089		5350	111159	rs6907088-T	rs6907088	0	6907088	intergenic_variant	1	0.671	7E-19	18.154901959985743		8.879	z score increase	Affymetrix, Illumina [63380712] (imputed)	N	forced expiratory volume	http://www.ebi.ac.uk/efo/EFO_0004314	GCST90244092	Genome-wide genotyping array
2023-12-12	36914875	Shrine N	2023-03-13	Nat Genet	www.ncbi.nlm.nih.gov/pubmed/36914875	Multi-ancestry genome-wide association analyses improve resolution of genes and pathways influencing lung function and chronic obstructive pulmonary disease risk.	Lung function (FEV1)	475,645 European ancestry individuals, 8,590 African ancestry individuals, 85,279 East Asian ancestry individuals, 4,270 South Asian ancestry individuals, 14,668 Hispanic or Latin American individuals	NA	2q37.3	2	238521941		LINC01107			ENSG00000225493			rs58568091-A	rs58568091	0	58568091	intron_variant	0	0.12	1E-18	18.0		8.827	z score increase	Affymetrix, Illumina [63380712] (imputed)	N	forced expiratory volume	http://www.ebi.ac.uk/efo/EFO_0004314	GCST90244092	Genome-wide genotyping array
2023-12-12	36914875	Shrine N	2023-03-13	Nat Genet	www.ncbi.nlm.nih.gov/pubmed/36914875	Multi-ancestry genome-wide association analyses improve resolution of genes and pathways influencing lung function and chronic obstructive pulmonary disease risk.	Lung function (FEV1)	475,645 European ancestry individuals, 8,590 African ancestry individuals, 85,279 East Asian ancestry individuals, 4,270 South Asian ancestry individuals, 14,668 Hispanic or Latin American individuals	NA	2p21	2	42333248		EML4 - COX7A2L	ENSG00000143924	ENSG00000115944		700	298	rs10490551-A	rs10490551	0	10490551	intergenic_variant	1	0.308	1E-18	18.0		8.82	z score increase	Affymetrix, Illumina [63380712] (imputed)	N	forced expiratory volume	http://www.ebi.ac.uk/efo/EFO_0004314	GCST90244092	Genome-wide genotyping array
2023-12-12	36914875	Shrine N	2023-03-13	Nat Genet	www.ncbi.nlm.nih.gov/pubmed/36914875	Multi-ancestry genome-wide association analyses improve resolution of genes and pathways influencing lung function and chronic obstructive pulmonary disease risk.	Lung function (FEV1)	475,645 European ancestry individuals, 8,590 African ancestry individuals, 85,279 East Asian ancestry individuals, 4,270 South Asian ancestry individuals, 14,668 Hispanic or Latin American individuals	NA	15q26.3	15	99692032		MEF2A			ENSG00000068305			rs28405185-A	rs28405185	0	28405185	intron_variant	0	0.228	2E-18	17.69897000433602		8.781	z score increase	Affymetrix, Illumina [63380712] (imputed)	N	forced expiratory volume	http://www.ebi.ac.uk/efo/EFO_0004314	GCST90244092	Genome-wide genotyping array
2023-12-12	36914875	Shrine N	2023-03-13	Nat Genet	www.ncbi.nlm.nih.gov/pubmed/36914875	Multi-ancestry genome-wide association analyses improve resolution of genes and pathways influencing lung function and chronic obstructive pulmonary disease risk.	Lung function (FEV1)	475,645 European ancestry individuals, 8,590 African ancestry individuals, 85,279 East Asian ancestry individuals, 4,270 South Asian ancestry individuals, 14,668 Hispanic or Latin American individuals	NA	6q24.1	6	139963809		FILNC1 - LINC02941	ENSG00000231426	ENSG00000236013		103333	12543	rs623331-T	rs623331	0	623331	intron_variant	1	0.261	2E-18	17.69897000433602		8.748	z score decrease	Affymetrix, Illumina [63380712] (imputed)	N	forced expiratory volume	http://www.ebi.ac.uk/efo/EFO_0004314	GCST90244092	Genome-wide genotyping array
2023-12-12	36914875	Shrine N	2023-03-13	Nat Genet	www.ncbi.nlm.nih.gov/pubmed/36914875	Multi-ancestry genome-wide association analyses improve resolution of genes and pathways influencing lung function and chronic obstructive pulmonary disease risk.	Lung function (FEV1)	475,645 European ancestry individuals, 8,590 African ancestry individuals, 85,279 East Asian ancestry individuals, 4,270 South Asian ancestry individuals, 14,668 Hispanic or Latin American individuals	NA	Xq25	X	123911196		XIAP			ENSG00000101966			rs28382749-A	rs28382749	0	28382749	3_prime_UTR_variant	0	0.7756	3E-18	17.522878745280337		8.727	z score increase	Affymetrix, Illumina [63380712] (imputed)	N	forced expiratory volume	http://www.ebi.ac.uk/efo/EFO_0004314	GCST90244092	Genome-wide genotyping array
2023-12-12	36914875	Shrine N	2023-03-13	Nat Genet	www.ncbi.nlm.nih.gov/pubmed/36914875	Multi-ancestry genome-wide association analyses improve resolution of genes and pathways influencing lung function and chronic obstructive pulmonary disease risk.	Lung function (FEV1)	475,645 European ancestry individuals, 8,590 African ancestry individuals, 85,279 East Asian ancestry individuals, 4,270 South Asian ancestry individuals, 14,668 Hispanic or Latin American individuals	NA	8q13.2	8	69454956		LINC01603			ENSG00000253479			rs1441207-C	rs1441207	0	1441207	intron_variant	0	0.294	3E-18	17.522878745280337		8.72	z score increase	Affymetrix, Illumina [63380712] (imputed)	N	forced expiratory volume	http://www.ebi.ac.uk/efo/EFO_0004314	GCST90244092	Genome-wide genotyping array
2023-12-12	36914875	Shrine N	2023-03-13	Nat Genet	www.ncbi.nlm.nih.gov/pubmed/36914875	Multi-ancestry genome-wide association analyses improve resolution of genes and pathways influencing lung function and chronic obstructive pulmonary disease risk.	Lung function (FEV1)	475,645 European ancestry individuals, 8,590 African ancestry individuals, 85,279 East Asian ancestry individuals, 4,270 South Asian ancestry individuals, 14,668 Hispanic or Latin American individuals	NA	Xp22.2	X	16843467		TXLNG, RBBP7			ENSG00000086712, ENSG00000102054			rs5969750-A	rs5969750	0	5969750	3_prime_UTR_variant	0	0.4794	4E-18	17.397940008672037		8.692	z score increase	Affymetrix, Illumina [63380712] (imputed)	N	forced expiratory volume	http://www.ebi.ac.uk/efo/EFO_0004314	GCST90244092	Genome-wide genotyping array
2023-12-12	36914875	Shrine N	2023-03-13	Nat Genet	www.ncbi.nlm.nih.gov/pubmed/36914875	Multi-ancestry genome-wide association analyses improve resolution of genes and pathways influencing lung function and chronic obstructive pulmonary disease risk.	Lung function (FEV1)	475,645 European ancestry individuals, 8,590 African ancestry individuals, 85,279 East Asian ancestry individuals, 4,270 South Asian ancestry individuals, 14,668 Hispanic or Latin American individuals	NA	10q24.33	10	103835672		SH3PXD2A			ENSG00000107957			rs10883922-C	rs10883922	0	10883922	intron_variant	0	0.605	5E-18	17.30102999566398		8.661	z score increase	Affymetrix, Illumina [63380712] (imputed)	N	forced expiratory volume	http://www.ebi.ac.uk/efo/EFO_0004314	GCST90244092	Genome-wide genotyping array
2023-12-12	36914875	Shrine N	2023-03-13	Nat Genet	www.ncbi.nlm.nih.gov/pubmed/36914875	Multi-ancestry genome-wide association analyses improve resolution of genes and pathways influencing lung function and chronic obstructive pulmonary disease risk.	Lung function (FEV1)	475,645 European ancestry individuals, 8,590 African ancestry individuals, 85,279 East Asian ancestry individuals, 4,270 South Asian ancestry individuals, 14,668 Hispanic or Latin American individuals	NA	1q41	1	218423955		TGFB2			ENSG00000092969			rs12048049-C	rs12048049	0	12048049	intron_variant	0	0.655	6E-18	17.221848749616356		8.635	z score decrease	Affymetrix, Illumina [63380712] (imputed)	N	forced expiratory volume	http://www.ebi.ac.uk/efo/EFO_0004314	GCST90244092	Genome-wide genotyping array
2023-12-12	36914875	Shrine N	2023-03-13	Nat Genet	www.ncbi.nlm.nih.gov/pubmed/36914875	Multi-ancestry genome-wide association analyses improve resolution of genes and pathways influencing lung function and chronic obstructive pulmonary disease risk.	Lung function (FEV1)	475,645 European ancestry individuals, 8,590 African ancestry individuals, 85,279 East Asian ancestry individuals, 4,270 South Asian ancestry individuals, 14,668 Hispanic or Latin American individuals	NA	16q23.1	16	78191736		WWOX			ENSG00000186153			rs2345443-A	rs2345443	0	2345443	intron_variant	0	0.302	7E-18	17.154901959985743		8.612	z score increase	Affymetrix, Illumina [63380712] (imputed)	N	forced expiratory volume	http://www.ebi.ac.uk/efo/EFO_0004314	GCST90244092	Genome-wide genotyping array
2023-12-12	36914875	Shrine N	2023-03-13	Nat Genet	www.ncbi.nlm.nih.gov/pubmed/36914875	Multi-ancestry genome-wide association analyses improve resolution of genes and pathways influencing lung function and chronic obstructive pulmonary disease risk.	Lung function (FEV1)	475,645 European ancestry individuals, 8,590 African ancestry individuals, 85,279 East Asian ancestry individuals, 4,270 South Asian ancestry individuals, 14,668 Hispanic or Latin American individuals	NA	20p11.1	20	25740612		VN1R108P - FAM182B	ENSG00000230772	ENSG00000175170		5519	15249	rs6132862-T	rs6132862	0	6132862	intron_variant	1	0.802	1E-17	17.0		8.569	z score increase	Affymetrix, Illumina [63380712] (imputed)	N	forced expiratory volume	http://www.ebi.ac.uk/efo/EFO_0004314	GCST90244092	Genome-wide genotyping array
2023-12-12	36914875	Shrine N	2023-03-13	Nat Genet	www.ncbi.nlm.nih.gov/pubmed/36914875	Multi-ancestry genome-wide association analyses improve resolution of genes and pathways influencing lung function and chronic obstructive pulmonary disease risk.	Lung function (FEV1)	475,645 European ancestry individuals, 8,590 African ancestry individuals, 85,279 East Asian ancestry individuals, 4,270 South Asian ancestry individuals, 14,668 Hispanic or Latin American individuals	NA	12q24.21	12	114748234		TBX3-AS1			ENSG00000257817			rs11067279-A	rs11067279	0	11067279	intron_variant	0	0.719	1E-17	17.0		8.534	z score decrease	Affymetrix, Illumina [63380712] (imputed)	N	forced expiratory volume	http://www.ebi.ac.uk/efo/EFO_0004314	GCST90244092	Genome-wide genotyping array
2023-12-12	36914875	Shrine N	2023-03-13	Nat Genet	www.ncbi.nlm.nih.gov/pubmed/36914875	Multi-ancestry genome-wide association analyses improve resolution of genes and pathways influencing lung function and chronic obstructive pulmonary disease risk.	Lung function (FEV1)	475,645 European ancestry individuals, 8,590 African ancestry individuals, 85,279 East Asian ancestry individuals, 4,270 South Asian ancestry individuals, 14,668 Hispanic or Latin American individuals	NA	12q15	12	69472334		FRS2			ENSG00000166225			rs2870898-T	rs2870898	0	2870898	intron_variant	0	0.335	2E-17	16.69897000433602		8.487	z score decrease	Affymetrix, Illumina [63380712] (imputed)	N	forced expiratory volume	http://www.ebi.ac.uk/efo/EFO_0004314	GCST90244092	Genome-wide genotyping array
2023-12-12	36914875	Shrine N	2023-03-13	Nat Genet	www.ncbi.nlm.nih.gov/pubmed/36914875	Multi-ancestry genome-wide association analyses improve resolution of genes and pathways influencing lung function and chronic obstructive pulmonary disease risk.	Lung function (FEV1)	475,645 European ancestry individuals, 8,590 African ancestry individuals, 85,279 East Asian ancestry individuals, 4,270 South Asian ancestry individuals, 14,668 Hispanic or Latin American individuals	NA	7p21.2	7	14903539		DGKB			ENSG00000136267			rs56751608-A	rs56751608	0	56751608	5_prime_UTR_variant	0	0.668	3E-17	16.522878745280337		8.438	z score increase	Affymetrix, Illumina [63380712] (imputed)	N	forced expiratory volume	http://www.ebi.ac.uk/efo/EFO_0004314	GCST90244092	Genome-wide genotyping array
2023-12-12	36914875	Shrine N	2023-03-13	Nat Genet	www.ncbi.nlm.nih.gov/pubmed/36914875	Multi-ancestry genome-wide association analyses improve resolution of genes and pathways influencing lung function and chronic obstructive pulmonary disease risk.	Lung function (FEV1)	475,645 European ancestry individuals, 8,590 African ancestry individuals, 85,279 East Asian ancestry individuals, 4,270 South Asian ancestry individuals, 14,668 Hispanic or Latin American individuals	NA	9q22.32	9	96113992		ERCC6L2			ENSG00000182150			rs72743972-C	rs72743972	0	72743972	intron_variant	0	0.831	3E-17	16.522878745280337		8.437	z score decrease	Affymetrix, Illumina [63380712] (imputed)	N	forced expiratory volume	http://www.ebi.ac.uk/efo/EFO_0004314	GCST90244092	Genome-wide genotyping array
2023-12-12	36914875	Shrine N	2023-03-13	Nat Genet	www.ncbi.nlm.nih.gov/pubmed/36914875	Multi-ancestry genome-wide association analyses improve resolution of genes and pathways influencing lung function and chronic obstructive pulmonary disease risk.	Lung function (FEV1)	475,645 European ancestry individuals, 8,590 African ancestry individuals, 85,279 East Asian ancestry individuals, 4,270 South Asian ancestry individuals, 14,668 Hispanic or Latin American individuals	NA	17q12	17	38699598		EPOP - MIR4734	ENSG00000273604	ENSG00000275238		24641	2664	rs68075021-T	rs68075021	0	68075021	intron_variant	1	0.866	4E-17	16.397940008672037		8.411	z score increase	Affymetrix, Illumina [63380712] (imputed)	N	forced expiratory volume	http://www.ebi.ac.uk/efo/EFO_0004314	GCST90244092	Genome-wide genotyping array
2023-12-12	36914875	Shrine N	2023-03-13	Nat Genet	www.ncbi.nlm.nih.gov/pubmed/36914875	Multi-ancestry genome-wide association analyses improve resolution of genes and pathways influencing lung function and chronic obstructive pulmonary disease risk.	Lung function (FEV1)	475,645 European ancestry individuals, 8,590 African ancestry individuals, 85,279 East Asian ancestry individuals, 4,270 South Asian ancestry individuals, 14,668 Hispanic or Latin American individuals	NA	13q14.2	13	50081853		DLEU2, DLEU1			ENSG00000231607, ENSG00000176124			rs41284816-T	rs41284816	0	41284816	non_coding_transcript_exon_variant	0	0.0191	6E-17	16.221848749616356		8.368	z score increase	Affymetrix, Illumina [63380712] (imputed)	N	forced expiratory volume	http://www.ebi.ac.uk/efo/EFO_0004314	GCST90244092	Genome-wide genotyping array
2023-12-12	36914875	Shrine N	2023-03-13	Nat Genet	www.ncbi.nlm.nih.gov/pubmed/36914875	Multi-ancestry genome-wide association analyses improve resolution of genes and pathways influencing lung function and chronic obstructive pulmonary disease risk.	Lung function (FEV1)	475,645 European ancestry individuals, 8,590 African ancestry individuals, 85,279 East Asian ancestry individuals, 4,270 South Asian ancestry individuals, 14,668 Hispanic or Latin American individuals	NA	7p12.3	7	46408920		ZNF619P1 - HMGN1P19	ENSG00000224547	ENSG00000224519		263232	225694	rs17232687-T	rs17232687	0	17232687	intergenic_variant	1	0.541	8E-17	16.096910013008056		8.324	z score decrease	Affymetrix, Illumina [63380712] (imputed)	N	forced expiratory volume	http://www.ebi.ac.uk/efo/EFO_0004314	GCST90244092	Genome-wide genotyping array
2023-12-12	36914875	Shrine N	2023-03-13	Nat Genet	www.ncbi.nlm.nih.gov/pubmed/36914875	Multi-ancestry genome-wide association analyses improve resolution of genes and pathways influencing lung function and chronic obstructive pulmonary disease risk.	Lung function (FEV1)	475,645 European ancestry individuals, 8,590 African ancestry individuals, 85,279 East Asian ancestry individuals, 4,270 South Asian ancestry individuals, 14,668 Hispanic or Latin American individuals	NA	17q25.1	17	75529589		LLGL2			ENSG00000073350			rs9892893-T	rs9892893	0	9892893	intron_variant	0	0.292	2E-16	15.698970004336019		8.204	z score increase	Affymetrix, Illumina [63380712] (imputed)	N	forced expiratory volume	http://www.ebi.ac.uk/efo/EFO_0004314	GCST90244092	Genome-wide genotyping array
2023-12-12	36914875	Shrine N	2023-03-13	Nat Genet	www.ncbi.nlm.nih.gov/pubmed/36914875	Multi-ancestry genome-wide association analyses improve resolution of genes and pathways influencing lung function and chronic obstructive pulmonary disease risk.	Lung function (FEV1)	475,645 European ancestry individuals, 8,590 African ancestry individuals, 85,279 East Asian ancestry individuals, 4,270 South Asian ancestry individuals, 14,668 Hispanic or Latin American individuals	NA	16q24.1	16	86534724		MTHFSD			ENSG00000103248			rs16941442-A	rs16941442	0	16941442	intron_variant	0	0.689	9E-16	15.045757490560675		8.034	z score increase	Affymetrix, Illumina [63380712] (imputed)	N	forced expiratory volume	http://www.ebi.ac.uk/efo/EFO_0004314	GCST90244092	Genome-wide genotyping array
2023-12-12	36914875	Shrine N	2023-03-13	Nat Genet	www.ncbi.nlm.nih.gov/pubmed/36914875	Multi-ancestry genome-wide association analyses improve resolution of genes and pathways influencing lung function and chronic obstructive pulmonary disease risk.	Lung function (FEV1)	475,645 European ancestry individuals, 8,590 African ancestry individuals, 85,279 East Asian ancestry individuals, 4,270 South Asian ancestry individuals, 14,668 Hispanic or Latin American individuals	NA	6p21.31	6	35011470		ANKS1A			ENSG00000064999			rs72896231-T	rs72896231	0	72896231	intron_variant	0	0.117	1E-15	15.0		8.016	z score decrease	Affymetrix, Illumina [63380712] (imputed)	N	forced expiratory volume	http://www.ebi.ac.uk/efo/EFO_0004314	GCST90244092	Genome-wide genotyping array
2023-12-12	36914875	Shrine N	2023-03-13	Nat Genet	www.ncbi.nlm.nih.gov/pubmed/36914875	Multi-ancestry genome-wide association analyses improve resolution of genes and pathways influencing lung function and chronic obstructive pulmonary disease risk.	Lung function (FEV1)	475,645 European ancestry individuals, 8,590 African ancestry individuals, 85,279 East Asian ancestry individuals, 4,270 South Asian ancestry individuals, 14,668 Hispanic or Latin American individuals	NA	1q25.2	1	178749401		RALGPS2			ENSG00000116191			rs6425501-A	rs6425501	0	6425501	intron_variant	0	0.681	2E-15	14.698970004336019		7.94	z score decrease	Affymetrix, Illumina [63380712] (imputed)	N	forced expiratory volume	http://www.ebi.ac.uk/efo/EFO_0004314	GCST90244092	Genome-wide genotyping array
2023-12-12	36914875	Shrine N	2023-03-13	Nat Genet	www.ncbi.nlm.nih.gov/pubmed/36914875	Multi-ancestry genome-wide association analyses improve resolution of genes and pathways influencing lung function and chronic obstructive pulmonary disease risk.	Lung function (FEV1)	475,645 European ancestry individuals, 8,590 African ancestry individuals, 85,279 East Asian ancestry individuals, 4,270 South Asian ancestry individuals, 14,668 Hispanic or Latin American individuals	NA	17q25.3	17	82001827		ASPSCR1			ENSG00000169696			rs9912553-C	rs9912553	0	9912553	intron_variant	0	0.318	3E-15	14.522878745280337		7.914	z score decrease	Affymetrix, Illumina [63380712] (imputed)	N	forced expiratory volume	http://www.ebi.ac.uk/efo/EFO_0004314	GCST90244092	Genome-wide genotyping array
2023-12-12	36914875	Shrine N	2023-03-13	Nat Genet	www.ncbi.nlm.nih.gov/pubmed/36914875	Multi-ancestry genome-wide association analyses improve resolution of genes and pathways influencing lung function and chronic obstructive pulmonary disease risk.	Lung function (FEV1)	475,645 European ancestry individuals, 8,590 African ancestry individuals, 85,279 East Asian ancestry individuals, 4,270 South Asian ancestry individuals, 14,668 Hispanic or Latin American individuals	NA	22q11.21	22	17870202		MICAL3			ENSG00000243156			rs7284335-A	rs7284335	0	7284335	intron_variant	0	0.231	3E-15	14.522878745280337		7.883	z score decrease	Affymetrix, Illumina [63380712] (imputed)	N	forced expiratory volume	http://www.ebi.ac.uk/efo/EFO_0004314	GCST90244092	Genome-wide genotyping array
2023-12-12	36914875	Shrine N	2023-03-13	Nat Genet	www.ncbi.nlm.nih.gov/pubmed/36914875	Multi-ancestry genome-wide association analyses improve resolution of genes and pathways influencing lung function and chronic obstructive pulmonary disease risk.	Lung function (FEV1/FVC)	475,645 European ancestry individuals, 8,590 African ancestry individuals, 85,279 East Asian ancestry individuals, 4,270 South Asian ancestry individuals, 14,668 Hispanic or Latin American individuals	NA	6p21.33	6	31358354		HLA-B			ENSG00000234745			rs73390208-T	rs73390208	0	73390208	intron_variant	0	0.269	5E-27	26.30102999566398		10.76	z score increase	Affymetrix, Illumina [63372103] (imputed)	N	FEV/FVC ratio	http://www.ebi.ac.uk/efo/EFO_0004713	GCST90244094	Genome-wide genotyping array
2023-12-12	36914875	Shrine N	2023-03-13	Nat Genet	www.ncbi.nlm.nih.gov/pubmed/36914875	Multi-ancestry genome-wide association analyses improve resolution of genes and pathways influencing lung function and chronic obstructive pulmonary disease risk.	Lung function (FEV1/FVC)	475,645 European ancestry individuals, 8,590 African ancestry individuals, 85,279 East Asian ancestry individuals, 4,270 South Asian ancestry individuals, 14,668 Hispanic or Latin American individuals	NA	6p24.3	6	7562999		DSP			ENSG00000096696			rs2076295-T	rs2076295	0	2076295	intron_variant	0	0.551	8E-27	26.096910013008056		10.718	z score decrease	Affymetrix, Illumina [63372103] (imputed)	N	FEV/FVC ratio	http://www.ebi.ac.uk/efo/EFO_0004713	GCST90244094	Genome-wide genotyping array
2023-12-12	36914875	Shrine N	2023-03-13	Nat Genet	www.ncbi.nlm.nih.gov/pubmed/36914875	Multi-ancestry genome-wide association analyses improve resolution of genes and pathways influencing lung function and chronic obstructive pulmonary disease risk.	Lung function (FEV1/FVC)	475,645 European ancestry individuals, 8,590 African ancestry individuals, 85,279 East Asian ancestry individuals, 4,270 South Asian ancestry individuals, 14,668 Hispanic or Latin American individuals	NA	1q41	1	219309876		LYPLAL1 - LYPLAL1-AS1	ENSG00000143353	ENSG00000228536		89176	99163	rs75128958-A	rs75128958	0	75128958	intron_variant	1	0.0762	3E-26	25.522878745280337		10.604	z score decrease	Affymetrix, Illumina [63372103] (imputed)	N	FEV/FVC ratio	http://www.ebi.ac.uk/efo/EFO_0004713	GCST90244094	Genome-wide genotyping array
2023-12-12	36914875	Shrine N	2023-03-13	Nat Genet	www.ncbi.nlm.nih.gov/pubmed/36914875	Multi-ancestry genome-wide association analyses improve resolution of genes and pathways influencing lung function and chronic obstructive pulmonary disease risk.	Lung function (FEV1/FVC)	475,645 European ancestry individuals, 8,590 African ancestry individuals, 85,279 East Asian ancestry individuals, 4,270 South Asian ancestry individuals, 14,668 Hispanic or Latin American individuals	NA	2q36.3	2	229402964		DNER			ENSG00000187957			rs1862106-A	rs1862106	0	1862106	intron_variant	0	0.306	4E-26	25.397940008672037		10.573	z score increase	Affymetrix, Illumina [63372103] (imputed)	N	FEV/FVC ratio	http://www.ebi.ac.uk/efo/EFO_0004713	GCST90244094	Genome-wide genotyping array
2023-12-12	36914875	Shrine N	2023-03-13	Nat Genet	www.ncbi.nlm.nih.gov/pubmed/36914875	Multi-ancestry genome-wide association analyses improve resolution of genes and pathways influencing lung function and chronic obstructive pulmonary disease risk.	Lung function (FEV1/FVC)	475,645 European ancestry individuals, 8,590 African ancestry individuals, 85,279 East Asian ancestry individuals, 4,270 South Asian ancestry individuals, 14,668 Hispanic or Latin American individuals	NA	4q31.21	4	144532413		GUSBP5 - KRT18P51	ENSG00000251600	ENSG00000250504		188663	39825	rs116506616-T	rs116506616	0	116506616	intron_variant	1	0.0396	5E-26	25.30102999566398		10.558	z score increase	Affymetrix, Illumina [63372103] (imputed)	N	FEV/FVC ratio	http://www.ebi.ac.uk/efo/EFO_0004713	GCST90244094	Genome-wide genotyping array
2023-12-12	36914875	Shrine N	2023-03-13	Nat Genet	www.ncbi.nlm.nih.gov/pubmed/36914875	Multi-ancestry genome-wide association analyses improve resolution of genes and pathways influencing lung function and chronic obstructive pulmonary disease risk.	Lung function (FEV1/FVC)	475,645 European ancestry individuals, 8,590 African ancestry individuals, 85,279 East Asian ancestry individuals, 4,270 South Asian ancestry individuals, 14,668 Hispanic or Latin American individuals	NA	2q24.1	2	156156523		LINC01876			ENSG00000226383			rs72902175-T	rs72902175	0	72902175	intron_variant	0	0.115	7E-26	25.154901959985743		10.514	z score decrease	Affymetrix, Illumina [63372103] (imputed)	N	FEV/FVC ratio	http://www.ebi.ac.uk/efo/EFO_0004713	GCST90244094	Genome-wide genotyping array
2023-12-12	36914875	Shrine N	2023-03-13	Nat Genet	www.ncbi.nlm.nih.gov/pubmed/36914875	Multi-ancestry genome-wide association analyses improve resolution of genes and pathways influencing lung function and chronic obstructive pulmonary disease risk.	Lung function (FEV1/FVC)	475,645 European ancestry individuals, 8,590 African ancestry individuals, 85,279 East Asian ancestry individuals, 4,270 South Asian ancestry individuals, 14,668 Hispanic or Latin American individuals	NA	15q24.3	15	77071109		TSPAN3			ENSG00000140391			rs11072641-T	rs11072641	0	11072641	5_prime_UTR_variant	0	0.362	8E-26	25.096910013008056		10.502	z score decrease	Affymetrix, Illumina [63372103] (imputed)	N	FEV/FVC ratio	http://www.ebi.ac.uk/efo/EFO_0004713	GCST90244094	Genome-wide genotyping array
2023-12-12	36914875	Shrine N	2023-03-13	Nat Genet	www.ncbi.nlm.nih.gov/pubmed/36914875	Multi-ancestry genome-wide association analyses improve resolution of genes and pathways influencing lung function and chronic obstructive pulmonary disease risk.	Lung function (FEV1/FVC)	475,645 European ancestry individuals, 8,590 African ancestry individuals, 85,279 East Asian ancestry individuals, 4,270 South Asian ancestry individuals, 14,668 Hispanic or Latin American individuals	NA	1p36.31	1	6618804		PHF13			ENSG00000116273			rs9661802-A	rs9661802	0	9661802	intron_variant	0	0.649	1E-25	25.0		10.49	z score increase	Affymetrix, Illumina [63372103] (imputed)	N	FEV/FVC ratio	http://www.ebi.ac.uk/efo/EFO_0004713	GCST90244094	Genome-wide genotyping array
2023-12-12	36914875	Shrine N	2023-03-13	Nat Genet	www.ncbi.nlm.nih.gov/pubmed/36914875	Multi-ancestry genome-wide association analyses improve resolution of genes and pathways influencing lung function and chronic obstructive pulmonary disease risk.	Lung function (FEV1/FVC)	475,645 European ancestry individuals, 8,590 African ancestry individuals, 85,279 East Asian ancestry individuals, 4,270 South Asian ancestry individuals, 14,668 Hispanic or Latin American individuals	NA	4q22.1	4	88870831		FAM13A			ENSG00000138640			rs7690881-A	rs7690881	0	7690881	intron_variant	0	0.416	3E-25	24.522878745280337		10.397	z score increase	Affymetrix, Illumina [63372103] (imputed)	N	FEV/FVC ratio	http://www.ebi.ac.uk/efo/EFO_0004713	GCST90244094	Genome-wide genotyping array
2023-12-12	36914875	Shrine N	2023-03-13	Nat Genet	www.ncbi.nlm.nih.gov/pubmed/36914875	Multi-ancestry genome-wide association analyses improve resolution of genes and pathways influencing lung function and chronic obstructive pulmonary disease risk.	Lung function (FEV1/FVC)	475,645 European ancestry individuals, 8,590 African ancestry individuals, 85,279 East Asian ancestry individuals, 4,270 South Asian ancestry individuals, 14,668 Hispanic or Latin American individuals	NA	6p21.33	6	32049099		TNXB			ENSG00000168477			rs555613989-A	rs555613989	0	555613989	intron_variant	0	0.003	3E-25	24.522878745280337		10.387	z score increase	Affymetrix, Illumina [63372103] (imputed)	N	FEV/FVC ratio	http://www.ebi.ac.uk/efo/EFO_0004713	GCST90244094	Genome-wide genotyping array
2023-12-12	36914875	Shrine N	2023-03-13	Nat Genet	www.ncbi.nlm.nih.gov/pubmed/36914875	Multi-ancestry genome-wide association analyses improve resolution of genes and pathways influencing lung function and chronic obstructive pulmonary disease risk.	Lung function (FEV1/FVC)	475,645 European ancestry individuals, 8,590 African ancestry individuals, 85,279 East Asian ancestry individuals, 4,270 South Asian ancestry individuals, 14,668 Hispanic or Latin American individuals	NA	11q25	11	132100419		NTM			ENSG00000182667			rs7118465-T	rs7118465	0	7118465	intron_variant	0	0.624	7E-25	24.154901959985743		10.303	z score decrease	Affymetrix, Illumina [63372103] (imputed)	N	FEV/FVC ratio	http://www.ebi.ac.uk/efo/EFO_0004713	GCST90244094	Genome-wide genotyping array
2023-12-12	36914875	Shrine N	2023-03-13	Nat Genet	www.ncbi.nlm.nih.gov/pubmed/36914875	Multi-ancestry genome-wide association analyses improve resolution of genes and pathways influencing lung function and chronic obstructive pulmonary disease risk.	Lung function (FEV1/FVC)	475,645 European ancestry individuals, 8,590 African ancestry individuals, 85,279 East Asian ancestry individuals, 4,270 South Asian ancestry individuals, 14,668 Hispanic or Latin American individuals	NA	2p16.1	2	55867875		EFEMP1			ENSG00000115380			rs7426380-A	rs7426380	0	7426380	intron_variant	0	0.475	2E-24	23.69897000433602		10.214	z score decrease	Affymetrix, Illumina [63372103] (imputed)	N	FEV/FVC ratio	http://www.ebi.ac.uk/efo/EFO_0004713	GCST90244094	Genome-wide genotyping array
2023-12-12	36914875	Shrine N	2023-03-13	Nat Genet	www.ncbi.nlm.nih.gov/pubmed/36914875	Multi-ancestry genome-wide association analyses improve resolution of genes and pathways influencing lung function and chronic obstructive pulmonary disease risk.	Lung function (FEV1/FVC)	475,645 European ancestry individuals, 8,590 African ancestry individuals, 85,279 East Asian ancestry individuals, 4,270 South Asian ancestry individuals, 14,668 Hispanic or Latin American individuals	NA	17p13.2	17	3979319		LINC01975			ENSG00000263312			rs8082036-C	rs8082036	0	8082036	intron_variant	0	0.482	4E-24	23.397940008672037		10.142	z score increase	Affymetrix, Illumina [63372103] (imputed)	N	FEV/FVC ratio	http://www.ebi.ac.uk/efo/EFO_0004713	GCST90244094	Genome-wide genotyping array
2023-12-12	36914875	Shrine N	2023-03-13	Nat Genet	www.ncbi.nlm.nih.gov/pubmed/36914875	Multi-ancestry genome-wide association analyses improve resolution of genes and pathways influencing lung function and chronic obstructive pulmonary disease risk.	Lung function (FEV1/FVC)	475,645 European ancestry individuals, 8,590 African ancestry individuals, 85,279 East Asian ancestry individuals, 4,270 South Asian ancestry individuals, 14,668 Hispanic or Latin American individuals	NA	15q15.1	15	41554978		RPAP1 - ELOCP2	ENSG00000103932	ENSG00000259838		10700	2049	rs9944249-T	rs9944249	0	9944249	intergenic_variant	1	0.38	4E-24	23.397940008672037		10.126	z score increase	Affymetrix, Illumina [63372103] (imputed)	N	FEV/FVC ratio	http://www.ebi.ac.uk/efo/EFO_0004713	GCST90244094	Genome-wide genotyping array
2023-12-12	36914875	Shrine N	2023-03-13	Nat Genet	www.ncbi.nlm.nih.gov/pubmed/36914875	Multi-ancestry genome-wide association analyses improve resolution of genes and pathways influencing lung function and chronic obstructive pulmonary disease risk.	Lung function (FEV1/FVC)	475,645 European ancestry individuals, 8,590 African ancestry individuals, 85,279 East Asian ancestry individuals, 4,270 South Asian ancestry individuals, 14,668 Hispanic or Latin American individuals	NA	1p36.32	1	3514991		MEGF6			ENSG00000162591			rs947350-T	rs947350	0	947350	intron_variant	0	0.103	7E-24	23.154901959985743		10.079	z score increase	Affymetrix, Illumina [63372103] (imputed)	N	FEV/FVC ratio	http://www.ebi.ac.uk/efo/EFO_0004713	GCST90244094	Genome-wide genotyping array
2023-12-12	36914875	Shrine N	2023-03-13	Nat Genet	www.ncbi.nlm.nih.gov/pubmed/36914875	Multi-ancestry genome-wide association analyses improve resolution of genes and pathways influencing lung function and chronic obstructive pulmonary disease risk.	Lung function (FEV1/FVC)	475,645 European ancestry individuals, 8,590 African ancestry individuals, 85,279 East Asian ancestry individuals, 4,270 South Asian ancestry individuals, 14,668 Hispanic or Latin American individuals	NA	8q22.3	8	102119072		NCALD			ENSG00000104490			rs659398-T	rs659398	0	659398	intron_variant	0	0.293	2E-23	22.69897000433602		9.959	z score decrease	Affymetrix, Illumina [63372103] (imputed)	N	FEV/FVC ratio	http://www.ebi.ac.uk/efo/EFO_0004713	GCST90244094	Genome-wide genotyping array
2023-12-12	36914875	Shrine N	2023-03-13	Nat Genet	www.ncbi.nlm.nih.gov/pubmed/36914875	Multi-ancestry genome-wide association analyses improve resolution of genes and pathways influencing lung function and chronic obstructive pulmonary disease risk.	Lung function (FEV1/FVC)	475,645 European ancestry individuals, 8,590 African ancestry individuals, 85,279 East Asian ancestry individuals, 4,270 South Asian ancestry individuals, 14,668 Hispanic or Latin American individuals	NA	1p22.1	1	91683539		TGFBR3			ENSG00000069702			rs1805116-T	rs1805116	0	1805116	3_prime_UTR_variant	0	0.158	5E-23	22.30102999566398		9.877	z score decrease	Affymetrix, Illumina [63372103] (imputed)	N	FEV/FVC ratio	http://www.ebi.ac.uk/efo/EFO_0004713	GCST90244094	Genome-wide genotyping array
2023-12-12	36914875	Shrine N	2023-03-13	Nat Genet	www.ncbi.nlm.nih.gov/pubmed/36914875	Multi-ancestry genome-wide association analyses improve resolution of genes and pathways influencing lung function and chronic obstructive pulmonary disease risk.	Lung function (FEV1/FVC)	475,645 European ancestry individuals, 8,590 African ancestry individuals, 85,279 East Asian ancestry individuals, 4,270 South Asian ancestry individuals, 14,668 Hispanic or Latin American individuals	NA	2p13.3	2	69180588		ANTXR1			ENSG00000169604			rs10173269-T	rs10173269	0	10173269	intron_variant	0	0.488	5E-23	22.30102999566398		9.874	z score decrease	Affymetrix, Illumina [63372103] (imputed)	N	FEV/FVC ratio	http://www.ebi.ac.uk/efo/EFO_0004713	GCST90244094	Genome-wide genotyping array
2023-12-12	36914875	Shrine N	2023-03-13	Nat Genet	www.ncbi.nlm.nih.gov/pubmed/36914875	Multi-ancestry genome-wide association analyses improve resolution of genes and pathways influencing lung function and chronic obstructive pulmonary disease risk.	Lung function (FEV1/FVC)	475,645 European ancestry individuals, 8,590 African ancestry individuals, 85,279 East Asian ancestry individuals, 4,270 South Asian ancestry individuals, 14,668 Hispanic or Latin American individuals	NA	1p22.1	1	91641080		WDR82P2 - HSP90B3P	ENSG00000241318	ENSG00000203914		105487	1436	rs10874851-A	rs10874851	0	10874851	intergenic_variant	1	0.537	3E-22	21.522878745280337		9.701	z score decrease	Affymetrix, Illumina [63372103] (imputed)	N	FEV/FVC ratio	http://www.ebi.ac.uk/efo/EFO_0004713	GCST90244094	Genome-wide genotyping array
2023-12-12	36914875	Shrine N	2023-03-13	Nat Genet	www.ncbi.nlm.nih.gov/pubmed/36914875	Multi-ancestry genome-wide association analyses improve resolution of genes and pathways influencing lung function and chronic obstructive pulmonary disease risk.	Lung function (FEV1/FVC)	475,645 European ancestry individuals, 8,590 African ancestry individuals, 85,279 East Asian ancestry individuals, 4,270 South Asian ancestry individuals, 14,668 Hispanic or Latin American individuals	NA	14q31.2	14	83852813		RNU6ATAC28P - LINC02305	ENSG00000238561	ENSG00000258532		102312	50624	rs1698241-A	rs1698241	0	1698241	intergenic_variant	1	0.319	3E-22	21.522878745280337		9.698	z score decrease	Affymetrix, Illumina [63372103] (imputed)	N	FEV/FVC ratio	http://www.ebi.ac.uk/efo/EFO_0004713	GCST90244094	Genome-wide genotyping array
2023-12-12	36914875	Shrine N	2023-03-13	Nat Genet	www.ncbi.nlm.nih.gov/pubmed/36914875	Multi-ancestry genome-wide association analyses improve resolution of genes and pathways influencing lung function and chronic obstructive pulmonary disease risk.	Lung function (FEV1/FVC)	475,645 European ancestry individuals, 8,590 African ancestry individuals, 85,279 East Asian ancestry individuals, 4,270 South Asian ancestry individuals, 14,668 Hispanic or Latin American individuals	NA	22q11.21	22	17954178		MICAL3			ENSG00000243156			rs415651-A	rs415651	0	415651	intron_variant	0	0.488	3E-22	21.522878745280337		9.695	z score increase	Affymetrix, Illumina [63372103] (imputed)	N	FEV/FVC ratio	http://www.ebi.ac.uk/efo/EFO_0004713	GCST90244094	Genome-wide genotyping array
2023-12-12	36914875	Shrine N	2023-03-13	Nat Genet	www.ncbi.nlm.nih.gov/pubmed/36914875	Multi-ancestry genome-wide association analyses improve resolution of genes and pathways influencing lung function and chronic obstructive pulmonary disease risk.	Lung function (FEV1/FVC)	475,645 European ancestry individuals, 8,590 African ancestry individuals, 85,279 East Asian ancestry individuals, 4,270 South Asian ancestry individuals, 14,668 Hispanic or Latin American individuals	NA	1q32.1	1	198992439		MIR181A1HG - LINC01222	ENSG00000229989	ENSG00000233410		54756	13601	rs1892433-A	rs1892433	0	1892433	intergenic_variant	1	0.445	5E-22	21.30102999566398		9.652	z score decrease	Affymetrix, Illumina [63372103] (imputed)	N	FEV/FVC ratio	http://www.ebi.ac.uk/efo/EFO_0004713	GCST90244094	Genome-wide genotyping array
2023-12-12	36914875	Shrine N	2023-03-13	Nat Genet	www.ncbi.nlm.nih.gov/pubmed/36914875	Multi-ancestry genome-wide association analyses improve resolution of genes and pathways influencing lung function and chronic obstructive pulmonary disease risk.	Lung function (FEV1/FVC)	475,645 European ancestry individuals, 8,590 African ancestry individuals, 85,279 East Asian ancestry individuals, 4,270 South Asian ancestry individuals, 14,668 Hispanic or Latin American individuals	NA	2p25.1	2	9159570		RPL30P3 - ASAP2	ENSG00000223640	ENSG00000151693		77843	47188	rs4668610-A	rs4668610	0	4668610	intron_variant	1	0.642	5E-22	21.30102999566398		9.64	z score decrease	Affymetrix, Illumina [63372103] (imputed)	N	FEV/FVC ratio	http://www.ebi.ac.uk/efo/EFO_0004713	GCST90244094	Genome-wide genotyping array
2023-12-12	36914875	Shrine N	2023-03-13	Nat Genet	www.ncbi.nlm.nih.gov/pubmed/36914875	Multi-ancestry genome-wide association analyses improve resolution of genes and pathways influencing lung function and chronic obstructive pulmonary disease risk.	Lung function (FEV1/FVC)	475,645 European ancestry individuals, 8,590 African ancestry individuals, 85,279 East Asian ancestry individuals, 4,270 South Asian ancestry individuals, 14,668 Hispanic or Latin American individuals	NA	4q21.21	4	78487450		FRAS1			ENSG00000138759			rs4975128-A	rs4975128	0	4975128	intron_variant	0	0.506	2E-21	20.69897000433602		9.522	z score decrease	Affymetrix, Illumina [63372103] (imputed)	N	FEV/FVC ratio	http://www.ebi.ac.uk/efo/EFO_0004713	GCST90244094	Genome-wide genotyping array
2023-12-12	36914875	Shrine N	2023-03-13	Nat Genet	www.ncbi.nlm.nih.gov/pubmed/36914875	Multi-ancestry genome-wide association analyses improve resolution of genes and pathways influencing lung function and chronic obstructive pulmonary disease risk.	Lung function (FEV1/FVC)	475,645 European ancestry individuals, 8,590 African ancestry individuals, 85,279 East Asian ancestry individuals, 4,270 South Asian ancestry individuals, 14,668 Hispanic or Latin American individuals	NA	20p12.2	20	10780782		LINC01752			ENSG00000224961			rs751859-A	rs751859	0	751859	intron_variant	0	0.212	5E-21	20.30102999566398		9.416	z score increase	Affymetrix, Illumina [63372103] (imputed)	N	FEV/FVC ratio	http://www.ebi.ac.uk/efo/EFO_0004713	GCST90244094	Genome-wide genotyping array
2023-12-12	36914875	Shrine N	2023-03-13	Nat Genet	www.ncbi.nlm.nih.gov/pubmed/36914875	Multi-ancestry genome-wide association analyses improve resolution of genes and pathways influencing lung function and chronic obstructive pulmonary disease risk.	Lung function (FEV1/FVC)	475,645 European ancestry individuals, 8,590 African ancestry individuals, 85,279 East Asian ancestry individuals, 4,270 South Asian ancestry individuals, 14,668 Hispanic or Latin American individuals	NA	15q25.2	15	83605839		SH3GL3			ENSG00000140600			rs1896797-A	rs1896797	0	1896797	intron_variant	0	0.512	2E-39	38.69897000433602		13.151	z score increase	Affymetrix, Illumina [63372103] (imputed)	N	FEV/FVC ratio	http://www.ebi.ac.uk/efo/EFO_0004713	GCST90244094	Genome-wide genotyping array
2023-12-12	36914875	Shrine N	2023-03-13	Nat Genet	www.ncbi.nlm.nih.gov/pubmed/36914875	Multi-ancestry genome-wide association analyses improve resolution of genes and pathways influencing lung function and chronic obstructive pulmonary disease risk.	Lung function (FEV1/FVC)	475,645 European ancestry individuals, 8,590 African ancestry individuals, 85,279 East Asian ancestry individuals, 4,270 South Asian ancestry individuals, 14,668 Hispanic or Latin American individuals	NA	19q13.32	19	45799116		RSPH6A			ENSG00000104941			rs7252126-A	rs7252126	0	7252126	intron_variant	0	0.335	2E-38	37.69897000433602		12.963	z score increase	Affymetrix, Illumina [63372103] (imputed)	N	FEV/FVC ratio	http://www.ebi.ac.uk/efo/EFO_0004713	GCST90244094	Genome-wide genotyping array
2023-12-12	36914875	Shrine N	2023-03-13	Nat Genet	www.ncbi.nlm.nih.gov/pubmed/36914875	Multi-ancestry genome-wide association analyses improve resolution of genes and pathways influencing lung function and chronic obstructive pulmonary disease risk.	Lung function (FEV1/FVC)	475,645 European ancestry individuals, 8,590 African ancestry individuals, 85,279 East Asian ancestry individuals, 4,270 South Asian ancestry individuals, 14,668 Hispanic or Latin American individuals	NA	6q13	6	72945610		KCNQ5			ENSG00000185760			rs9360621-A	rs9360621	0	9360621	intron_variant	0	0.8	4E-35	34.39794000867204		12.375	z score decrease	Affymetrix, Illumina [63372103] (imputed)	N	FEV/FVC ratio	http://www.ebi.ac.uk/efo/EFO_0004713	GCST90244094	Genome-wide genotyping array
2023-12-12	36914875	Shrine N	2023-03-13	Nat Genet	www.ncbi.nlm.nih.gov/pubmed/36914875	Multi-ancestry genome-wide association analyses improve resolution of genes and pathways influencing lung function and chronic obstructive pulmonary disease risk.	Lung function (FEV1/FVC)	475,645 European ancestry individuals, 8,590 African ancestry individuals, 85,279 East Asian ancestry individuals, 4,270 South Asian ancestry individuals, 14,668 Hispanic or Latin American individuals	NA	22q12.2	22	29842328		ASCC2 - MTMR3	ENSG00000100325	ENSG00000100330		4024	40813	rs1076135-A	rs1076135	0	1076135	intergenic_variant	1	0.518	2E-28	27.69897000433602		11.048	z score decrease	Affymetrix, Illumina [63372103] (imputed)	N	FEV/FVC ratio	http://www.ebi.ac.uk/efo/EFO_0004713	GCST90244094	Genome-wide genotyping array
2023-12-12	36914875	Shrine N	2023-03-13	Nat Genet	www.ncbi.nlm.nih.gov/pubmed/36914875	Multi-ancestry genome-wide association analyses improve resolution of genes and pathways influencing lung function and chronic obstructive pulmonary disease risk.	Lung function (FEV1/FVC)	475,645 European ancestry individuals, 8,590 African ancestry individuals, 85,279 East Asian ancestry individuals, 4,270 South Asian ancestry individuals, 14,668 Hispanic or Latin American individuals	NA	5q32	5	148827322		ADRB2			ENSG00000169252			rs1800888-T	rs1800888	0	1800888	missense_variant	0	0.0146	1E-27	27.0		10.913	z score decrease	Affymetrix, Illumina [63372103] (imputed)	N	FEV/FVC ratio	http://www.ebi.ac.uk/efo/EFO_0004713	GCST90244094	Genome-wide genotyping array
2023-12-12	36914875	Shrine N	2023-03-13	Nat Genet	www.ncbi.nlm.nih.gov/pubmed/36914875	Multi-ancestry genome-wide association analyses improve resolution of genes and pathways influencing lung function and chronic obstructive pulmonary disease risk.	Lung function (FEV1/FVC)	475,645 European ancestry individuals, 8,590 African ancestry individuals, 85,279 East Asian ancestry individuals, 4,270 South Asian ancestry individuals, 14,668 Hispanic or Latin American individuals	NA	1p32.1	1	60486167		LINC02778 - LINC01748	ENSG00000238242	ENSG00000226476		336383	29549	rs149423502-A	rs149423502	0	149423502	intron_variant	1	0.0465	1E-27	27.0		10.88	z score decrease	Affymetrix, Illumina [63372103] (imputed)	N	FEV/FVC ratio	http://www.ebi.ac.uk/efo/EFO_0004713	GCST90244094	Genome-wide genotyping array
2023-12-12	36914875	Shrine N	2023-03-13	Nat Genet	www.ncbi.nlm.nih.gov/pubmed/36914875	Multi-ancestry genome-wide association analyses improve resolution of genes and pathways influencing lung function and chronic obstructive pulmonary disease risk.	Lung function (FEV1/FVC)	475,645 European ancestry individuals, 8,590 African ancestry individuals, 85,279 East Asian ancestry individuals, 4,270 South Asian ancestry individuals, 14,668 Hispanic or Latin American individuals	NA	3p24.2	3	25479091		RARB			ENSG00000077092			rs1529672-A	rs1529672	0	1529672	intron_variant	0	0.199	2E-50	49.69897000433602		14.928	z score increase	Affymetrix, Illumina [63372103] (imputed)	N	FEV/FVC ratio	http://www.ebi.ac.uk/efo/EFO_0004713	GCST90244094	Genome-wide genotyping array
2023-12-12	36914875	Shrine N	2023-03-13	Nat Genet	www.ncbi.nlm.nih.gov/pubmed/36914875	Multi-ancestry genome-wide association analyses improve resolution of genes and pathways influencing lung function and chronic obstructive pulmonary disease risk.	Lung function (FEV1/FVC)	475,645 European ancestry individuals, 8,590 African ancestry individuals, 85,279 East Asian ancestry individuals, 4,270 South Asian ancestry individuals, 14,668 Hispanic or Latin American individuals	NA	1q31.1	1	186144720		HMCN1			ENSG00000143341			rs17531405-C	rs17531405	0	17531405	intron_variant	0	0.154	6E-27	26.221848749616356		10.743	z score increase	Affymetrix, Illumina [63372103] (imputed)	N	FEV/FVC ratio	http://www.ebi.ac.uk/efo/EFO_0004713	GCST90244094	Genome-wide genotyping array
2023-12-12	36914875	Shrine N	2023-03-13	Nat Genet	www.ncbi.nlm.nih.gov/pubmed/36914875	Multi-ancestry genome-wide association analyses improve resolution of genes and pathways influencing lung function and chronic obstructive pulmonary disease risk.	Lung function (FEV1/FVC)	475,645 European ancestry individuals, 8,590 African ancestry individuals, 85,279 East Asian ancestry individuals, 4,270 South Asian ancestry individuals, 14,668 Hispanic or Latin American individuals	NA	11p15.3	11	13142643		RASSF10 - BMAL1	ENSG00000189431	ENSG00000133794		130524	134004	rs10766050-A	rs10766050	0	10766050	intergenic_variant	1	0.509	2E-26	25.69897000433602		10.62	z score decrease	Affymetrix, Illumina [63372103] (imputed)	N	FEV/FVC ratio	http://www.ebi.ac.uk/efo/EFO_0004713	GCST90244094	Genome-wide genotyping array
2023-12-12	36914875	Shrine N	2023-03-13	Nat Genet	www.ncbi.nlm.nih.gov/pubmed/36914875	Multi-ancestry genome-wide association analyses improve resolution of genes and pathways influencing lung function and chronic obstructive pulmonary disease risk.	Lung function (FEV1/FVC)	475,645 European ancestry individuals, 8,590 African ancestry individuals, 85,279 East Asian ancestry individuals, 4,270 South Asian ancestry individuals, 14,668 Hispanic or Latin American individuals	NA	4q28.1	4	123898452		LINC01091			ENSG00000249464			rs62321845-A	rs62321845	0	62321845	intron_variant	0	0.821	3E-18	17.522878745280337		8.724	z score increase	Affymetrix, Illumina [63372103] (imputed)	N	FEV/FVC ratio	http://www.ebi.ac.uk/efo/EFO_0004713	GCST90244094	Genome-wide genotyping array
2023-12-12	36914875	Shrine N	2023-03-13	Nat Genet	www.ncbi.nlm.nih.gov/pubmed/36914875	Multi-ancestry genome-wide association analyses improve resolution of genes and pathways influencing lung function and chronic obstructive pulmonary disease risk.	Lung function (FEV1/FVC)	475,645 European ancestry individuals, 8,590 African ancestry individuals, 85,279 East Asian ancestry individuals, 4,270 South Asian ancestry individuals, 14,668 Hispanic or Latin American individuals	NA	1q41	1	218348267		TGFB2			ENSG00000092969			rs2799098-A	rs2799098	0	2799098	intron_variant	0	0.821	3E-15	14.522878745280337		7.873	z score decrease	Affymetrix, Illumina [63372103] (imputed)	N	FEV/FVC ratio	http://www.ebi.ac.uk/efo/EFO_0004713	GCST90244094	Genome-wide genotyping array
2023-12-12	36914875	Shrine N	2023-03-13	Nat Genet	www.ncbi.nlm.nih.gov/pubmed/36914875	Multi-ancestry genome-wide association analyses improve resolution of genes and pathways influencing lung function and chronic obstructive pulmonary disease risk.	Lung function (FEV1/FVC)	475,645 European ancestry individuals, 8,590 African ancestry individuals, 85,279 East Asian ancestry individuals, 4,270 South Asian ancestry individuals, 14,668 Hispanic or Latin American individuals	NA	1p31.1	1	78077147		GIPC2			ENSG00000137960			rs661038-A	rs661038	0	661038	intron_variant	0	0.0769	4E-18	17.397940008672037		8.677	z score increase	Affymetrix, Illumina [63372103] (imputed)	N	FEV/FVC ratio	http://www.ebi.ac.uk/efo/EFO_0004713	GCST90244094	Genome-wide genotyping array
2023-12-12	36914875	Shrine N	2023-03-13	Nat Genet	www.ncbi.nlm.nih.gov/pubmed/36914875	Multi-ancestry genome-wide association analyses improve resolution of genes and pathways influencing lung function and chronic obstructive pulmonary disease risk.	Lung function (FEV1/FVC)	475,645 European ancestry individuals, 8,590 African ancestry individuals, 85,279 East Asian ancestry individuals, 4,270 South Asian ancestry individuals, 14,668 Hispanic or Latin American individuals	NA	3p25.2	3	11610857		VGLL4			ENSG00000144560			rs2442777-A	rs2442777	0	2442777	intron_variant	0	0.667	3E-25	24.522878745280337		10.399	z score increase	Affymetrix, Illumina [63372103] (imputed)	N	FEV/FVC ratio	http://www.ebi.ac.uk/efo/EFO_0004713	GCST90244094	Genome-wide genotyping array
2023-12-12	36914875	Shrine N	2023-03-13	Nat Genet	www.ncbi.nlm.nih.gov/pubmed/36914875	Multi-ancestry genome-wide association analyses improve resolution of genes and pathways influencing lung function and chronic obstructive pulmonary disease risk.	Lung function (FEV1/FVC)	475,645 European ancestry individuals, 8,590 African ancestry individuals, 85,279 East Asian ancestry individuals, 4,270 South Asian ancestry individuals, 14,668 Hispanic or Latin American individuals	NA	6p21.32	6	32183666		AGER			ENSG00000204305			rs2070600-T	rs2070600	0	2070600	missense_variant	0	0.0825	2E-227	226.69897000433602		32.205	z score increase	Affymetrix, Illumina [63372103] (imputed)	N	FEV/FVC ratio	http://www.ebi.ac.uk/efo/EFO_0004713	GCST90244094	Genome-wide genotyping array
2023-12-12	36914875	Shrine N	2023-03-13	Nat Genet	www.ncbi.nlm.nih.gov/pubmed/36914875	Multi-ancestry genome-wide association analyses improve resolution of genes and pathways influencing lung function and chronic obstructive pulmonary disease risk.	Lung function (FEV1/FVC)	475,645 European ancestry individuals, 8,590 African ancestry individuals, 85,279 East Asian ancestry individuals, 4,270 South Asian ancestry individuals, 14,668 Hispanic or Latin American individuals	NA	4q31.21	4	144548816		GUSBP5 - KRT18P51	ENSG00000251600	ENSG00000250504		205066	23422	rs6537292-T	rs6537292	0	6537292	intron_variant	1	0.38	2E-226	225.69897000433602		32.124	z score increase	Affymetrix, Illumina [63372103] (imputed)	N	FEV/FVC ratio	http://www.ebi.ac.uk/efo/EFO_0004713	GCST90244094	Genome-wide genotyping array
2023-12-12	36914875	Shrine N	2023-03-13	Nat Genet	www.ncbi.nlm.nih.gov/pubmed/36914875	Multi-ancestry genome-wide association analyses improve resolution of genes and pathways influencing lung function and chronic obstructive pulmonary disease risk.	Lung function (FEV1/FVC)	475,645 European ancestry individuals, 8,590 African ancestry individuals, 85,279 East Asian ancestry individuals, 4,270 South Asian ancestry individuals, 14,668 Hispanic or Latin American individuals	NA	6q24.2	6	142424746		ADGRG6			ENSG00000112414			rs7753012-T	rs7753012	0	7753012	intron_variant	0	0.613	2E-205	204.69897000433602		30.58	z score decrease	Affymetrix, Illumina [63372103] (imputed)	N	FEV/FVC ratio	http://www.ebi.ac.uk/efo/EFO_0004713	GCST90244094	Genome-wide genotyping array
2023-12-12	36914875	Shrine N	2023-03-13	Nat Genet	www.ncbi.nlm.nih.gov/pubmed/36914875	Multi-ancestry genome-wide association analyses improve resolution of genes and pathways influencing lung function and chronic obstructive pulmonary disease risk.	Lung function (FEV1/FVC)	475,645 European ancestry individuals, 8,590 African ancestry individuals, 85,279 East Asian ancestry individuals, 4,270 South Asian ancestry individuals, 14,668 Hispanic or Latin American individuals	NA	15q23	15	71380846		THSD4			ENSG00000187720			rs2415116-T	rs2415116	0	2415116	intron_variant	0	0.207	6E-174	173.22184874961636		28.116	z score decrease	Affymetrix, Illumina [63372103] (imputed)	N	FEV/FVC ratio	http://www.ebi.ac.uk/efo/EFO_0004713	GCST90244094	Genome-wide genotyping array
2023-12-12	36914875	Shrine N	2023-03-13	Nat Genet	www.ncbi.nlm.nih.gov/pubmed/36914875	Multi-ancestry genome-wide association analyses improve resolution of genes and pathways influencing lung function and chronic obstructive pulmonary disease risk.	Lung function (FEV1/FVC)	475,645 European ancestry individuals, 8,590 African ancestry individuals, 85,279 East Asian ancestry individuals, 4,270 South Asian ancestry individuals, 14,668 Hispanic or Latin American individuals	NA	4q24	4	105897896		NPNT			ENSG00000168743			rs34712979-A	rs34712979	0	34712979	splice_region_variant	0	0.211	9E-141	140.04575749056067		25.258	z score decrease	Affymetrix, Illumina [63372103] (imputed)	N	FEV/FVC ratio	http://www.ebi.ac.uk/efo/EFO_0004713	GCST90244094	Genome-wide genotyping array
2023-12-12	36914875	Shrine N	2023-03-13	Nat Genet	www.ncbi.nlm.nih.gov/pubmed/36914875	Multi-ancestry genome-wide association analyses improve resolution of genes and pathways influencing lung function and chronic obstructive pulmonary disease risk.	Lung function (FEV1/FVC)	475,645 European ancestry individuals, 8,590 African ancestry individuals, 85,279 East Asian ancestry individuals, 4,270 South Asian ancestry individuals, 14,668 Hispanic or Latin American individuals	NA	5q32	5	148476959		HTR4			ENSG00000164270			rs7733410-A	rs7733410	0	7733410	intron_variant	0	0.471	2E-131	130.69897000433602		24.385	z score increase	Affymetrix, Illumina [63372103] (imputed)	N	FEV/FVC ratio	http://www.ebi.ac.uk/efo/EFO_0004713	GCST90244094	Genome-wide genotyping array
2023-12-12	36914875	Shrine N	2023-03-13	Nat Genet	www.ncbi.nlm.nih.gov/pubmed/36914875	Multi-ancestry genome-wide association analyses improve resolution of genes and pathways influencing lung function and chronic obstructive pulmonary disease risk.	Lung function (FEV1/FVC)	475,645 European ancestry individuals, 8,590 African ancestry individuals, 85,279 East Asian ancestry individuals, 4,270 South Asian ancestry individuals, 14,668 Hispanic or Latin American individuals	NA	4q22.1	4	88943295		FAM13A			ENSG00000138640			rs1246642-T	rs1246642	0	1246642	intron_variant	0	0.747	9E-114	113.04575749056067		22.668	z score decrease	Affymetrix, Illumina [63372103] (imputed)	N	FEV/FVC ratio	http://www.ebi.ac.uk/efo/EFO_0004713	GCST90244094	Genome-wide genotyping array
2023-12-12	36914875	Shrine N	2023-03-13	Nat Genet	www.ncbi.nlm.nih.gov/pubmed/36914875	Multi-ancestry genome-wide association analyses improve resolution of genes and pathways influencing lung function and chronic obstructive pulmonary disease risk.	Lung function (FEV1/FVC)	475,645 European ancestry individuals, 8,590 African ancestry individuals, 85,279 East Asian ancestry individuals, 4,270 South Asian ancestry individuals, 14,668 Hispanic or Latin American individuals	NA	10p13	10	12236022		CDC123			ENSG00000151465			rs7090277-A	rs7090277	0	7090277	intron_variant	0	0.482	2E-83	82.69897000433602		19.354	z score increase	Affymetrix, Illumina [63372103] (imputed)	N	FEV/FVC ratio	http://www.ebi.ac.uk/efo/EFO_0004713	GCST90244094	Genome-wide genotyping array
2023-12-12	36914875	Shrine N	2023-03-13	Nat Genet	www.ncbi.nlm.nih.gov/pubmed/36914875	Multi-ancestry genome-wide association analyses improve resolution of genes and pathways influencing lung function and chronic obstructive pulmonary disease risk.	Lung function (FEV1/FVC)	475,645 European ancestry individuals, 8,590 African ancestry individuals, 85,279 East Asian ancestry individuals, 4,270 South Asian ancestry individuals, 14,668 Hispanic or Latin American individuals	NA	6q24.2	6	142367832		ADGRG6			ENSG00000112414			rs17280293-A	rs17280293	0	17280293	missense_variant	0	0.973	1E-82	82.0		19.259	z score decrease	Affymetrix, Illumina [63372103] (imputed)	N	FEV/FVC ratio	http://www.ebi.ac.uk/efo/EFO_0004713	GCST90244094	Genome-wide genotyping array
2023-12-12	36914875	Shrine N	2023-03-13	Nat Genet	www.ncbi.nlm.nih.gov/pubmed/36914875	Multi-ancestry genome-wide association analyses improve resolution of genes and pathways influencing lung function and chronic obstructive pulmonary disease risk.	Lung function (FEV1/FVC)	475,645 European ancestry individuals, 8,590 African ancestry individuals, 85,279 East Asian ancestry individuals, 4,270 South Asian ancestry individuals, 14,668 Hispanic or Latin American individuals	NA	2q36.3	2	228683624		LINC01807			ENSG00000232023			rs12620170-T	rs12620170	0	12620170	non_coding_transcript_exon_variant	0	0.0885	3E-81	80.52287874528034		19.084	z score increase	Affymetrix, Illumina [63372103] (imputed)	N	FEV/FVC ratio	http://www.ebi.ac.uk/efo/EFO_0004713	GCST90244094	Genome-wide genotyping array
2023-12-12	36914875	Shrine N	2023-03-13	Nat Genet	www.ncbi.nlm.nih.gov/pubmed/36914875	Multi-ancestry genome-wide association analyses improve resolution of genes and pathways influencing lung function and chronic obstructive pulmonary disease risk.	Lung function (FEV1/FVC)	475,645 European ancestry individuals, 8,590 African ancestry individuals, 85,279 East Asian ancestry individuals, 4,270 South Asian ancestry individuals, 14,668 Hispanic or Latin American individuals	NA	2q37.3	2	238956042		LINC01940 - HDAC4	ENSG00000227744	ENSG00000068024		29773	92126	rs4591362-A	rs4591362	0	4591362	intergenic_variant	1	0.205	3E-75	74.52287874528034		18.36	z score increase	Affymetrix, Illumina [63372103] (imputed)	N	FEV/FVC ratio	http://www.ebi.ac.uk/efo/EFO_0004713	GCST90244094	Genome-wide genotyping array
2023-12-12	36914875	Shrine N	2023-03-13	Nat Genet	www.ncbi.nlm.nih.gov/pubmed/36914875	Multi-ancestry genome-wide association analyses improve resolution of genes and pathways influencing lung function and chronic obstructive pulmonary disease risk.	Lung function (FEV1/FVC)	475,645 European ancestry individuals, 8,590 African ancestry individuals, 85,279 East Asian ancestry individuals, 4,270 South Asian ancestry individuals, 14,668 Hispanic or Latin American individuals	NA	5q33.3	5	157517467		ADAM19			ENSG00000135074			rs4331881-T	rs4331881	0	4331881	intron_variant	0	0.321	4E-72	71.39794000867204		17.958	z score decrease	Affymetrix, Illumina [63372103] (imputed)	N	FEV/FVC ratio	http://www.ebi.ac.uk/efo/EFO_0004713	GCST90244094	Genome-wide genotyping array
2023-12-12	36914875	Shrine N	2023-03-13	Nat Genet	www.ncbi.nlm.nih.gov/pubmed/36914875	Multi-ancestry genome-wide association analyses improve resolution of genes and pathways influencing lung function and chronic obstructive pulmonary disease risk.	Lung function (FEV1/FVC)	475,645 European ancestry individuals, 8,590 African ancestry individuals, 85,279 East Asian ancestry individuals, 4,270 South Asian ancestry individuals, 14,668 Hispanic or Latin American individuals	NA	1q32.1	1	201453073		TNNI1 - PHLDA3	ENSG00000159173	ENSG00000174307		23207	11205	rs10920205-A	rs10920205	0	10920205	intergenic_variant	1	0.577	1E-15	15.0		8.014	z score decrease	Affymetrix, Illumina [63372103] (imputed)	N	FEV/FVC ratio	http://www.ebi.ac.uk/efo/EFO_0004713	GCST90244094	Genome-wide genotyping array
2023-12-12	36914875	Shrine N	2023-03-13	Nat Genet	www.ncbi.nlm.nih.gov/pubmed/36914875	Multi-ancestry genome-wide association analyses improve resolution of genes and pathways influencing lung function and chronic obstructive pulmonary disease risk.	Lung function (FEV1/FVC)	475,645 European ancestry individuals, 8,590 African ancestry individuals, 85,279 East Asian ancestry individuals, 4,270 South Asian ancestry individuals, 14,668 Hispanic or Latin American individuals	NA	7p21.2	7	15809611		LINC02587 - CRPPA	ENSG00000229108	ENSG00000214960		84305	277914	rs4721455-T	rs4721455	0	4721455	intron_variant	1	0.143	1E-15	15.0		8.013	z score decrease	Affymetrix, Illumina [63372103] (imputed)	N	FEV/FVC ratio	http://www.ebi.ac.uk/efo/EFO_0004713	GCST90244094	Genome-wide genotyping array
2023-12-12	36914875	Shrine N	2023-03-13	Nat Genet	www.ncbi.nlm.nih.gov/pubmed/36914875	Multi-ancestry genome-wide association analyses improve resolution of genes and pathways influencing lung function and chronic obstructive pulmonary disease risk.	Lung function (FEV1/FVC)	475,645 European ancestry individuals, 8,590 African ancestry individuals, 85,279 East Asian ancestry individuals, 4,270 South Asian ancestry individuals, 14,668 Hispanic or Latin American individuals	NA	3q26.2	3	169011927		LINC01997			ENSG00000241383			rs73166118-T	rs73166118	0	73166118	intron_variant	0	0.0077	1E-15	15.0		8.0	z score decrease	Affymetrix, Illumina [63372103] (imputed)	N	FEV/FVC ratio	http://www.ebi.ac.uk/efo/EFO_0004713	GCST90244094	Genome-wide genotyping array
2023-12-12	36914875	Shrine N	2023-03-13	Nat Genet	www.ncbi.nlm.nih.gov/pubmed/36914875	Multi-ancestry genome-wide association analyses improve resolution of genes and pathways influencing lung function and chronic obstructive pulmonary disease risk.	Lung function (FEV1/FVC)	475,645 European ancestry individuals, 8,590 African ancestry individuals, 85,279 East Asian ancestry individuals, 4,270 South Asian ancestry individuals, 14,668 Hispanic or Latin American individuals	NA	13q33.3	13	109259978		MYO16 - LINC00370	ENSG00000041515	ENSG00000223617		51973	5438	rs9521265-A	rs9521265	0	9521265	intron_variant	1	0.252	1E-15	15.0		7.994	z score increase	Affymetrix, Illumina [63372103] (imputed)	N	FEV/FVC ratio	http://www.ebi.ac.uk/efo/EFO_0004713	GCST90244094	Genome-wide genotyping array
2023-12-12	36914875	Shrine N	2023-03-13	Nat Genet	www.ncbi.nlm.nih.gov/pubmed/36914875	Multi-ancestry genome-wide association analyses improve resolution of genes and pathways influencing lung function and chronic obstructive pulmonary disease risk.	Lung function (FEV1/FVC)	475,645 European ancestry individuals, 8,590 African ancestry individuals, 85,279 East Asian ancestry individuals, 4,270 South Asian ancestry individuals, 14,668 Hispanic or Latin American individuals	NA	17p13.3	17	2150626		SMG6			ENSG00000070366			rs11657636-T	rs11657636	0	11657636	intron_variant	0	0.667	1E-15	15.0		7.984	z score decrease	Affymetrix, Illumina [63372103] (imputed)	N	FEV/FVC ratio	http://www.ebi.ac.uk/efo/EFO_0004713	GCST90244094	Genome-wide genotyping array
2023-12-12	36914875	Shrine N	2023-03-13	Nat Genet	www.ncbi.nlm.nih.gov/pubmed/36914875	Multi-ancestry genome-wide association analyses improve resolution of genes and pathways influencing lung function and chronic obstructive pulmonary disease risk.	Lung function (FEV1/FVC)	475,645 European ancestry individuals, 8,590 African ancestry individuals, 85,279 East Asian ancestry individuals, 4,270 South Asian ancestry individuals, 14,668 Hispanic or Latin American individuals	NA	10q23.31	10	88064490		MED6P1 - RNLS	ENSG00000227905	ENSG00000184719		14667	209374	rs1855971-A	rs1855971	0	1855971	intron_variant	1	0.851	2E-15	14.698970004336019		7.974	z score increase	Affymetrix, Illumina [63372103] (imputed)	N	FEV/FVC ratio	http://www.ebi.ac.uk/efo/EFO_0004713	GCST90244094	Genome-wide genotyping array
2023-12-12	36914875	Shrine N	2023-03-13	Nat Genet	www.ncbi.nlm.nih.gov/pubmed/36914875	Multi-ancestry genome-wide association analyses improve resolution of genes and pathways influencing lung function and chronic obstructive pulmonary disease risk.	Lung function (FEV1/FVC)	475,645 European ancestry individuals, 8,590 African ancestry individuals, 85,279 East Asian ancestry individuals, 4,270 South Asian ancestry individuals, 14,668 Hispanic or Latin American individuals	NA	22q13.1	22	39251163		PDGFB - RPL3	ENSG00000100311	ENSG00000100316		6181	61707	rs77516118-T	rs77516118	0	77516118	intron_variant	1	0.774	2E-15	14.698970004336019		7.947	z score increase	Affymetrix, Illumina [63372103] (imputed)	N	FEV/FVC ratio	http://www.ebi.ac.uk/efo/EFO_0004713	GCST90244094	Genome-wide genotyping array
2023-12-12	36914875	Shrine N	2023-03-13	Nat Genet	www.ncbi.nlm.nih.gov/pubmed/36914875	Multi-ancestry genome-wide association analyses improve resolution of genes and pathways influencing lung function and chronic obstructive pulmonary disease risk.	Lung function (FEV1/FVC)	475,645 European ancestry individuals, 8,590 African ancestry individuals, 85,279 East Asian ancestry individuals, 4,270 South Asian ancestry individuals, 14,668 Hispanic or Latin American individuals	NA	5p13.3	5	30912207		HPRT1P2 - RPL19P11	ENSG00000250587	ENSG00000241668		663314	141358	rs1732925-A	rs1732925	0	1732925	intron_variant	1	0.313	2E-15	14.698970004336019		7.925	z score increase	Affymetrix, Illumina [63372103] (imputed)	N	FEV/FVC ratio	http://www.ebi.ac.uk/efo/EFO_0004713	GCST90244094	Genome-wide genotyping array
2023-12-12	36914875	Shrine N	2023-03-13	Nat Genet	www.ncbi.nlm.nih.gov/pubmed/36914875	Multi-ancestry genome-wide association analyses improve resolution of genes and pathways influencing lung function and chronic obstructive pulmonary disease risk.	Lung function (FEV1/FVC)	475,645 European ancestry individuals, 8,590 African ancestry individuals, 85,279 East Asian ancestry individuals, 4,270 South Asian ancestry individuals, 14,668 Hispanic or Latin American individuals	NA	6p12.1	6	56375157		COL21A1			ENSG00000124749			rs115830429-A	rs115830429	0	115830429	intron_variant	0	0.0235	2E-15	14.698970004336019		7.916	z score increase	Affymetrix, Illumina [63372103] (imputed)	N	FEV/FVC ratio	http://www.ebi.ac.uk/efo/EFO_0004713	GCST90244094	Genome-wide genotyping array
2023-12-12	36914875	Shrine N	2023-03-13	Nat Genet	www.ncbi.nlm.nih.gov/pubmed/36914875	Multi-ancestry genome-wide association analyses improve resolution of genes and pathways influencing lung function and chronic obstructive pulmonary disease risk.	Lung function (FEV1/FVC)	475,645 European ancestry individuals, 8,590 African ancestry individuals, 85,279 East Asian ancestry individuals, 4,270 South Asian ancestry individuals, 14,668 Hispanic or Latin American individuals	NA	1q32.1	1	205054884		CNTN2			ENSG00000184144			rs1572995-T	rs1572995	0	1572995	intron_variant	0	0.89	3E-15	14.522878745280337		7.908	z score increase	Affymetrix, Illumina [63372103] (imputed)	N	FEV/FVC ratio	http://www.ebi.ac.uk/efo/EFO_0004713	GCST90244094	Genome-wide genotyping array
2023-12-12	36914875	Shrine N	2023-03-13	Nat Genet	www.ncbi.nlm.nih.gov/pubmed/36914875	Multi-ancestry genome-wide association analyses improve resolution of genes and pathways influencing lung function and chronic obstructive pulmonary disease risk.	Lung function (FEV1/FVC)	475,645 European ancestry individuals, 8,590 African ancestry individuals, 85,279 East Asian ancestry individuals, 4,270 South Asian ancestry individuals, 14,668 Hispanic or Latin American individuals	NA	4p15.2	4	24024858		PPARGC1A - DHX15	ENSG00000109819	ENSG00000109606		120769	492583	rs648674-A	rs648674	0	648674	regulatory_region_variant	1	0.563	3E-15	14.522878745280337		7.883	z score increase	Affymetrix, Illumina [63372103] (imputed)	N	FEV/FVC ratio	http://www.ebi.ac.uk/efo/EFO_0004713	GCST90244094	Genome-wide genotyping array
2023-12-12	36914875	Shrine N	2023-03-13	Nat Genet	www.ncbi.nlm.nih.gov/pubmed/36914875	Multi-ancestry genome-wide association analyses improve resolution of genes and pathways influencing lung function and chronic obstructive pulmonary disease risk.	Lung function (FEV1/FVC)	475,645 European ancestry individuals, 8,590 African ancestry individuals, 85,279 East Asian ancestry individuals, 4,270 South Asian ancestry individuals, 14,668 Hispanic or Latin American individuals	NA	13q14.2	13	49770608		KPNA3			ENSG00000102753			rs4643206-A	rs4643206	0	4643206	intron_variant	0	0.282	3E-15	14.522878745280337		7.883	z score increase	Affymetrix, Illumina [63372103] (imputed)	N	FEV/FVC ratio	http://www.ebi.ac.uk/efo/EFO_0004713	GCST90244094	Genome-wide genotyping array
2023-12-12	36914875	Shrine N	2023-03-13	Nat Genet	www.ncbi.nlm.nih.gov/pubmed/36914875	Multi-ancestry genome-wide association analyses improve resolution of genes and pathways influencing lung function and chronic obstructive pulmonary disease risk.	Lung function (FEV1/FVC)	475,645 European ancestry individuals, 8,590 African ancestry individuals, 85,279 East Asian ancestry individuals, 4,270 South Asian ancestry individuals, 14,668 Hispanic or Latin American individuals	NA	12q22	12	95160995		FGD6			ENSG00000180263			rs113745635-T	rs113745635	0	113745635	intron_variant	0	0.205	1E-23	23.0		10.011	z score decrease	Affymetrix, Illumina [63372103] (imputed)	N	FEV/FVC ratio	http://www.ebi.ac.uk/efo/EFO_0004713	GCST90244094	Genome-wide genotyping array
2023-12-12	36914875	Shrine N	2023-03-13	Nat Genet	www.ncbi.nlm.nih.gov/pubmed/36914875	Multi-ancestry genome-wide association analyses improve resolution of genes and pathways influencing lung function and chronic obstructive pulmonary disease risk.	Lung function (FEV1/FVC)	475,645 European ancestry individuals, 8,590 African ancestry individuals, 85,279 East Asian ancestry individuals, 4,270 South Asian ancestry individuals, 14,668 Hispanic or Latin American individuals	NA	3p21.1	3	53678064		CACNA1D			ENSG00000157388			rs11711142-A	rs11711142	0	11711142	intron_variant	0	0.727	2E-22	21.69897000433602		9.746	z score increase	Affymetrix, Illumina [63372103] (imputed)	N	FEV/FVC ratio	http://www.ebi.ac.uk/efo/EFO_0004713	GCST90244094	Genome-wide genotyping array
2023-12-12	36914875	Shrine N	2023-03-13	Nat Genet	www.ncbi.nlm.nih.gov/pubmed/36914875	Multi-ancestry genome-wide association analyses improve resolution of genes and pathways influencing lung function and chronic obstructive pulmonary disease risk.	Lung function (FEV1/FVC)	475,645 European ancestry individuals, 8,590 African ancestry individuals, 85,279 East Asian ancestry individuals, 4,270 South Asian ancestry individuals, 14,668 Hispanic or Latin American individuals	NA	11q14.2	11	86737797		ME3 - PRSS23	ENSG00000151376	ENSG00000150687		65161	53262	rs11234768-T	rs11234768	0	11234768	intron_variant	1	0.87	4E-22	21.397940008672037		9.664	z score increase	Affymetrix, Illumina [63372103] (imputed)	N	FEV/FVC ratio	http://www.ebi.ac.uk/efo/EFO_0004713	GCST90244094	Genome-wide genotyping array
2023-12-12	36914875	Shrine N	2023-03-13	Nat Genet	www.ncbi.nlm.nih.gov/pubmed/36914875	Multi-ancestry genome-wide association analyses improve resolution of genes and pathways influencing lung function and chronic obstructive pulmonary disease risk.	Lung function (FEV1/FVC)	475,645 European ancestry individuals, 8,590 African ancestry individuals, 85,279 East Asian ancestry individuals, 4,270 South Asian ancestry individuals, 14,668 Hispanic or Latin American individuals	NA	9q33.3	9	126656169		LMX1B			ENSG00000136944			rs56410689-A	rs56410689	0	56410689	intron_variant	0	0.842	9E-17	16.045757490560675		8.315	z score increase	Affymetrix, Illumina [63372103] (imputed)	N	FEV/FVC ratio	http://www.ebi.ac.uk/efo/EFO_0004713	GCST90244094	Genome-wide genotyping array
2023-12-12	36914875	Shrine N	2023-03-13	Nat Genet	www.ncbi.nlm.nih.gov/pubmed/36914875	Multi-ancestry genome-wide association analyses improve resolution of genes and pathways influencing lung function and chronic obstructive pulmonary disease risk.	Lung function (FEV1/FVC)	475,645 European ancestry individuals, 8,590 African ancestry individuals, 85,279 East Asian ancestry individuals, 4,270 South Asian ancestry individuals, 14,668 Hispanic or Latin American individuals	NA	2p14	2	64654095		SERTAD2			ENSG00000179833			rs2302643-A	rs2302643	0	2302643	intron_variant	0	0.442	2E-16	15.698970004336019		8.222	z score decrease	Affymetrix, Illumina [63372103] (imputed)	N	FEV/FVC ratio	http://www.ebi.ac.uk/efo/EFO_0004713	GCST90244094	Genome-wide genotyping array
2023-12-12	36914875	Shrine N	2023-03-13	Nat Genet	www.ncbi.nlm.nih.gov/pubmed/36914875	Multi-ancestry genome-wide association analyses improve resolution of genes and pathways influencing lung function and chronic obstructive pulmonary disease risk.	Lung function (FEV1/FVC)	475,645 European ancestry individuals, 8,590 African ancestry individuals, 85,279 East Asian ancestry individuals, 4,270 South Asian ancestry individuals, 14,668 Hispanic or Latin American individuals	NA	5q35.3	5	180171771		RASGEF1C			ENSG00000146090			rs79898473-T	rs79898473	0	79898473	intron_variant	0	0.7	7E-37	36.15490195998574		12.682	z score decrease	Affymetrix, Illumina [63372103] (imputed)	N	FEV/FVC ratio	http://www.ebi.ac.uk/efo/EFO_0004713	GCST90244094	Genome-wide genotyping array
2023-12-12	36914875	Shrine N	2023-03-13	Nat Genet	www.ncbi.nlm.nih.gov/pubmed/36914875	Multi-ancestry genome-wide association analyses improve resolution of genes and pathways influencing lung function and chronic obstructive pulmonary disease risk.	Lung function (FEV1/FVC)	475,645 European ancestry individuals, 8,590 African ancestry individuals, 85,279 East Asian ancestry individuals, 4,270 South Asian ancestry individuals, 14,668 Hispanic or Latin American individuals	NA	3q21.3	3	128234076		EEFSEC			ENSG00000132394			rs6809833-A	rs6809833	0	6809833	intron_variant	0	0.107	1E-34	34.0		12.284	z score increase	Affymetrix, Illumina [63372103] (imputed)	N	FEV/FVC ratio	http://www.ebi.ac.uk/efo/EFO_0004713	GCST90244094	Genome-wide genotyping array
2023-12-12	36914875	Shrine N	2023-03-13	Nat Genet	www.ncbi.nlm.nih.gov/pubmed/36914875	Multi-ancestry genome-wide association analyses improve resolution of genes and pathways influencing lung function and chronic obstructive pulmonary disease risk.	Lung function (FEV1/FVC)	475,645 European ancestry individuals, 8,590 African ancestry individuals, 85,279 East Asian ancestry individuals, 4,270 South Asian ancestry individuals, 14,668 Hispanic or Latin American individuals	NA	9p24.2	9	4136777		GLIS3			ENSG00000107249			rs612087-T	rs612087	0	612087	intron_variant	0	0.374	4E-34	33.39794000867204		12.177	z score decrease	Affymetrix, Illumina [63372103] (imputed)	N	FEV/FVC ratio	http://www.ebi.ac.uk/efo/EFO_0004713	GCST90244094	Genome-wide genotyping array
2023-12-12	36914875	Shrine N	2023-03-13	Nat Genet	www.ncbi.nlm.nih.gov/pubmed/36914875	Multi-ancestry genome-wide association analyses improve resolution of genes and pathways influencing lung function and chronic obstructive pulmonary disease risk.	Lung function (FEV1/FVC)	475,645 European ancestry individuals, 8,590 African ancestry individuals, 85,279 East Asian ancestry individuals, 4,270 South Asian ancestry individuals, 14,668 Hispanic or Latin American individuals	NA	19q12	19	31336792		TSHZ3			ENSG00000121297			rs2909-A	rs2909	0	2909	intron_variant	0	0.821	6E-34	33.221848749616356		12.146	z score increase	Affymetrix, Illumina [63372103] (imputed)	N	FEV/FVC ratio	http://www.ebi.ac.uk/efo/EFO_0004713	GCST90244094	Genome-wide genotyping array
2023-12-12	36914875	Shrine N	2023-03-13	Nat Genet	www.ncbi.nlm.nih.gov/pubmed/36914875	Multi-ancestry genome-wide association analyses improve resolution of genes and pathways influencing lung function and chronic obstructive pulmonary disease risk.	Lung function (FEV1/FVC)	475,645 European ancestry individuals, 8,590 African ancestry individuals, 85,279 East Asian ancestry individuals, 4,270 South Asian ancestry individuals, 14,668 Hispanic or Latin American individuals	NA	12q13.3	12	57133500		LRP1			ENSG00000123384			rs11172113-T	rs11172113	0	11172113	intron_variant	0	0.615	2E-30	29.69897000433602		11.449	z score decrease	Affymetrix, Illumina [63372103] (imputed)	N	FEV/FVC ratio	http://www.ebi.ac.uk/efo/EFO_0004713	GCST90244094	Genome-wide genotyping array
2023-12-12	36914875	Shrine N	2023-03-13	Nat Genet	www.ncbi.nlm.nih.gov/pubmed/36914875	Multi-ancestry genome-wide association analyses improve resolution of genes and pathways influencing lung function and chronic obstructive pulmonary disease risk.	Lung function (FEV1/FVC)	475,645 European ancestry individuals, 8,590 African ancestry individuals, 85,279 East Asian ancestry individuals, 4,270 South Asian ancestry individuals, 14,668 Hispanic or Latin American individuals	NA	21q22.11	21	33991458		LINC00649			ENSG00000237945			rs11088268-T	rs11088268	0	11088268	intron_variant	0	0.862	2E-33	32.69897000433602		12.042	z score decrease	Affymetrix, Illumina [63372103] (imputed)	N	FEV/FVC ratio	http://www.ebi.ac.uk/efo/EFO_0004713	GCST90244094	Genome-wide genotyping array
2023-12-12	36914875	Shrine N	2023-03-13	Nat Genet	www.ncbi.nlm.nih.gov/pubmed/36914875	Multi-ancestry genome-wide association analyses improve resolution of genes and pathways influencing lung function and chronic obstructive pulmonary disease risk.	Lung function (FEV1/FVC)	475,645 European ancestry individuals, 8,590 African ancestry individuals, 85,279 East Asian ancestry individuals, 4,270 South Asian ancestry individuals, 14,668 Hispanic or Latin American individuals	NA	21q22.11	21	34282917		KCNE2, MRPS6, LINC00310			ENSG00000159197, ENSG00000243927, ENSG00000227456			rs743339-T	rs743339	0	743339	intron_variant	0	0.768	7E-30	29.154901959985743		11.353	z score increase	Affymetrix, Illumina [63372103] (imputed)	N	FEV/FVC ratio	http://www.ebi.ac.uk/efo/EFO_0004713	GCST90244094	Genome-wide genotyping array
2023-12-12	36914875	Shrine N	2023-03-13	Nat Genet	www.ncbi.nlm.nih.gov/pubmed/36914875	Multi-ancestry genome-wide association analyses improve resolution of genes and pathways influencing lung function and chronic obstructive pulmonary disease risk.	Lung function (FEV1/FVC)	475,645 European ancestry individuals, 8,590 African ancestry individuals, 85,279 East Asian ancestry individuals, 4,270 South Asian ancestry individuals, 14,668 Hispanic or Latin American individuals	NA	1q41	1	219752667		SLC30A10			ENSG00000196660			rs12134534-T	rs12134534	0	12134534	intergenic_variant	0	0.469	3E-31	30.522878745280337		11.631	z score decrease	Affymetrix, Illumina [63372103] (imputed)	N	FEV/FVC ratio	http://www.ebi.ac.uk/efo/EFO_0004713	GCST90244094	Genome-wide genotyping array
2023-12-12	36914875	Shrine N	2023-03-13	Nat Genet	www.ncbi.nlm.nih.gov/pubmed/36914875	Multi-ancestry genome-wide association analyses improve resolution of genes and pathways influencing lung function and chronic obstructive pulmonary disease risk.	Lung function (FEV1/FVC)	475,645 European ancestry individuals, 8,590 African ancestry individuals, 85,279 East Asian ancestry individuals, 4,270 South Asian ancestry individuals, 14,668 Hispanic or Latin American individuals	NA	7q22.3	7	106773623		CCDC71L - LINC02577	ENSG00000253276	ENSG00000228742		112465	1282	rs2392929-T	rs2392929	0	2392929	intergenic_variant	1	0.809	4E-9	8.397940008672037		5.905	z score increase	Affymetrix, Illumina [63372103] (imputed)	N	FEV/FVC ratio	http://www.ebi.ac.uk/efo/EFO_0004713	GCST90244094	Genome-wide genotyping array
2023-12-12	36914875	Shrine N	2023-03-13	Nat Genet	www.ncbi.nlm.nih.gov/pubmed/36914875	Multi-ancestry genome-wide association analyses improve resolution of genes and pathways influencing lung function and chronic obstructive pulmonary disease risk.	Lung function (FEV1/FVC)	475,645 European ancestry individuals, 8,590 African ancestry individuals, 85,279 East Asian ancestry individuals, 4,270 South Asian ancestry individuals, 14,668 Hispanic or Latin American individuals	NA	7q31.2	7	116791373		MET			ENSG00000105976			rs193686-T	rs193686	0	193686	intron_variant	0	0.716	1E-12	12.0		7.121	z score decrease	Affymetrix, Illumina [63372103] (imputed)	N	FEV/FVC ratio	http://www.ebi.ac.uk/efo/EFO_0004713	GCST90244094	Genome-wide genotyping array
2023-12-12	36914875	Shrine N	2023-03-13	Nat Genet	www.ncbi.nlm.nih.gov/pubmed/36914875	Multi-ancestry genome-wide association analyses improve resolution of genes and pathways influencing lung function and chronic obstructive pulmonary disease risk.	Lung function (FEV1/FVC)	475,645 European ancestry individuals, 8,590 African ancestry individuals, 85,279 East Asian ancestry individuals, 4,270 South Asian ancestry individuals, 14,668 Hispanic or Latin American individuals	NA	5q32	5	149771108		PPARGC1B			ENSG00000155846			rs13174179-A	rs13174179	0	13174179	intron_variant	0	0.324	1E-9	9.0		6.051	z score increase	Affymetrix, Illumina [63372103] (imputed)	N	FEV/FVC ratio	http://www.ebi.ac.uk/efo/EFO_0004713	GCST90244094	Genome-wide genotyping array
2023-12-12	36914875	Shrine N	2023-03-13	Nat Genet	www.ncbi.nlm.nih.gov/pubmed/36914875	Multi-ancestry genome-wide association analyses improve resolution of genes and pathways influencing lung function and chronic obstructive pulmonary disease risk.	Lung function (FEV1/FVC)	475,645 European ancestry individuals, 8,590 African ancestry individuals, 85,279 East Asian ancestry individuals, 4,270 South Asian ancestry individuals, 14,668 Hispanic or Latin American individuals	NA	15q22.31	15	63581069		USP3, USP3-AS1			ENSG00000140455, ENSG00000259248			rs7168903-A	rs7168903	0	7168903	intron_variant	0	0.278	4E-11	10.397940008672037		6.599	z score decrease	Affymetrix, Illumina [63372103] (imputed)	N	FEV/FVC ratio	http://www.ebi.ac.uk/efo/EFO_0004713	GCST90244094	Genome-wide genotyping array
2023-12-12	36914875	Shrine N	2023-03-13	Nat Genet	www.ncbi.nlm.nih.gov/pubmed/36914875	Multi-ancestry genome-wide association analyses improve resolution of genes and pathways influencing lung function and chronic obstructive pulmonary disease risk.	Lung function (FEV1/FVC)	475,645 European ancestry individuals, 8,590 African ancestry individuals, 85,279 East Asian ancestry individuals, 4,270 South Asian ancestry individuals, 14,668 Hispanic or Latin American individuals	NA	10p14	10	9007290		LINC02676 - LINC00709	ENSG00000234752	ENSG00000230014		32720	268156	rs12413578-T	rs12413578	0	12413578	intron_variant	1	0.0885	4E-11	10.397940008672037		6.597	z score increase	Affymetrix, Illumina [63372103] (imputed)	N	FEV/FVC ratio	http://www.ebi.ac.uk/efo/EFO_0004713	GCST90244094	Genome-wide genotyping array
2023-12-12	36914875	Shrine N	2023-03-13	Nat Genet	www.ncbi.nlm.nih.gov/pubmed/36914875	Multi-ancestry genome-wide association analyses improve resolution of genes and pathways influencing lung function and chronic obstructive pulmonary disease risk.	Lung function (FEV1/FVC)	475,645 European ancestry individuals, 8,590 African ancestry individuals, 85,279 East Asian ancestry individuals, 4,270 South Asian ancestry individuals, 14,668 Hispanic or Latin American individuals	NA	2q11.2	2	98776282		LINC02611 - RNU4-84P	ENSG00000226791	ENSG00000201070		921	6128	rs2276604-T	rs2276604	0	2276604	intergenic_variant	1	0.649	5E-11	10.301029995663981		6.572	z score decrease	Affymetrix, Illumina [63372103] (imputed)	N	FEV/FVC ratio	http://www.ebi.ac.uk/efo/EFO_0004713	GCST90244094	Genome-wide genotyping array
2023-12-12	36914875	Shrine N	2023-03-13	Nat Genet	www.ncbi.nlm.nih.gov/pubmed/36914875	Multi-ancestry genome-wide association analyses improve resolution of genes and pathways influencing lung function and chronic obstructive pulmonary disease risk.	Lung function (FEV1/FVC)	475,645 European ancestry individuals, 8,590 African ancestry individuals, 85,279 East Asian ancestry individuals, 4,270 South Asian ancestry individuals, 14,668 Hispanic or Latin American individuals	NA	16p13.3	16	4311137		TFAP4 - GLIS2	ENSG00000090447	ENSG00000126603		38062	3624	rs56104880-T	rs56104880	0	56104880	intergenic_variant	1	0.691	5E-14	13.301029995663981		7.532	z score increase	Affymetrix, Illumina [63372103] (imputed)	N	FEV/FVC ratio	http://www.ebi.ac.uk/efo/EFO_0004713	GCST90244094	Genome-wide genotyping array
2023-12-12	36914875	Shrine N	2023-03-13	Nat Genet	www.ncbi.nlm.nih.gov/pubmed/36914875	Multi-ancestry genome-wide association analyses improve resolution of genes and pathways influencing lung function and chronic obstructive pulmonary disease risk.	Lung function (FEV1/FVC)	475,645 European ancestry individuals, 8,590 African ancestry individuals, 85,279 East Asian ancestry individuals, 4,270 South Asian ancestry individuals, 14,668 Hispanic or Latin American individuals	NA	3q25.2	3	154118510		ARHGEF26-AS1			ENSG00000243069			rs1713831-T	rs1713831	0	1713831	3_prime_UTR_variant	0	0.119	7E-10	9.154901959985743		6.156	z score decrease	Affymetrix, Illumina [63372103] (imputed)	N	FEV/FVC ratio	http://www.ebi.ac.uk/efo/EFO_0004713	GCST90244094	Genome-wide genotyping array
2023-12-12	36914875	Shrine N	2023-03-13	Nat Genet	www.ncbi.nlm.nih.gov/pubmed/36914875	Multi-ancestry genome-wide association analyses improve resolution of genes and pathways influencing lung function and chronic obstructive pulmonary disease risk.	Lung function (FEV1/FVC)	475,645 European ancestry individuals, 8,590 African ancestry individuals, 85,279 East Asian ancestry individuals, 4,270 South Asian ancestry individuals, 14,668 Hispanic or Latin American individuals	NA	16p13.3	16	2317763		ABCA3			ENSG00000167972			rs149989682-A	rs149989682	0	149989682	missense_variant	0	0.0061	2E-10	9.698970004336019		6.375	z score decrease	Affymetrix, Illumina [63372103] (imputed)	N	FEV/FVC ratio	http://www.ebi.ac.uk/efo/EFO_0004713	GCST90244094	Genome-wide genotyping array
2023-12-12	36914875	Shrine N	2023-03-13	Nat Genet	www.ncbi.nlm.nih.gov/pubmed/36914875	Multi-ancestry genome-wide association analyses improve resolution of genes and pathways influencing lung function and chronic obstructive pulmonary disease risk.	Lung function (FEV1/FVC)	475,645 European ancestry individuals, 8,590 African ancestry individuals, 85,279 East Asian ancestry individuals, 4,270 South Asian ancestry individuals, 14,668 Hispanic or Latin American individuals	NA	1q31.1	1	186240097		HMCN1 - PRG4	ENSG00000143341	ENSG00000116690		49148	56173	rs1743858-T	rs1743858	0	1743858	intergenic_variant	1	0.79	3E-10	9.522878745280337		6.326	z score increase	Affymetrix, Illumina [63372103] (imputed)	N	FEV/FVC ratio	http://www.ebi.ac.uk/efo/EFO_0004713	GCST90244094	Genome-wide genotyping array
2023-12-12	36914875	Shrine N	2023-03-13	Nat Genet	www.ncbi.nlm.nih.gov/pubmed/36914875	Multi-ancestry genome-wide association analyses improve resolution of genes and pathways influencing lung function and chronic obstructive pulmonary disease risk.	Lung function (FEV1/FVC)	475,645 European ancestry individuals, 8,590 African ancestry individuals, 85,279 East Asian ancestry individuals, 4,270 South Asian ancestry individuals, 14,668 Hispanic or Latin American individuals	NA	1q41	1	216836676		ESRRG			ENSG00000196482			rs34063124-CA	rs34063124	0	34063124	intron_variant	0	0.231	3E-10	9.522878745280337		6.32	z score decrease	Affymetrix, Illumina [63372103] (imputed)	N	FEV/FVC ratio	http://www.ebi.ac.uk/efo/EFO_0004713	GCST90244094	Genome-wide genotyping array
2023-12-12	36914875	Shrine N	2023-03-13	Nat Genet	www.ncbi.nlm.nih.gov/pubmed/36914875	Multi-ancestry genome-wide association analyses improve resolution of genes and pathways influencing lung function and chronic obstructive pulmonary disease risk.	Lung function (FEV1/FVC)	475,645 European ancestry individuals, 8,590 African ancestry individuals, 85,279 East Asian ancestry individuals, 4,270 South Asian ancestry individuals, 14,668 Hispanic or Latin American individuals	NA	2p21	2	44234994		PPM1B			ENSG00000138032			rs11124981-A	rs11124981	0	11124981	intron_variant	0	0.805	3E-10	9.522878745280337		6.299	z score increase	Affymetrix, Illumina [63372103] (imputed)	N	FEV/FVC ratio	http://www.ebi.ac.uk/efo/EFO_0004713	GCST90244094	Genome-wide genotyping array
2023-12-12	36914875	Shrine N	2023-03-13	Nat Genet	www.ncbi.nlm.nih.gov/pubmed/36914875	Multi-ancestry genome-wide association analyses improve resolution of genes and pathways influencing lung function and chronic obstructive pulmonary disease risk.	Lung function (FEV1/FVC)	475,645 European ancestry individuals, 8,590 African ancestry individuals, 85,279 East Asian ancestry individuals, 4,270 South Asian ancestry individuals, 14,668 Hispanic or Latin American individuals	NA											chr11:4014295-G	chr11:4014295	0			1	0.3	4E-10	9.397940008672037		6.274	z score increase	Affymetrix, Illumina [63372103] (imputed)	N	FEV/FVC ratio	http://www.ebi.ac.uk/efo/EFO_0004713	GCST90244094	Genome-wide genotyping array
2023-12-12	36914875	Shrine N	2023-03-13	Nat Genet	www.ncbi.nlm.nih.gov/pubmed/36914875	Multi-ancestry genome-wide association analyses improve resolution of genes and pathways influencing lung function and chronic obstructive pulmonary disease risk.	Lung function (FEV1/FVC)	475,645 European ancestry individuals, 8,590 African ancestry individuals, 85,279 East Asian ancestry individuals, 4,270 South Asian ancestry individuals, 14,668 Hispanic or Latin American individuals	NA	7q22.1	7	101722181		MYL10 - CUX1	ENSG00000106436	ENSG00000257923		92885	93723	rs2462336-T	rs2462336	0	2462336	intergenic_variant	1	0.182	5E-10	9.301029995663981		6.234	z score decrease	Affymetrix, Illumina [63372103] (imputed)	N	FEV/FVC ratio	http://www.ebi.ac.uk/efo/EFO_0004713	GCST90244094	Genome-wide genotyping array
2023-12-12	36914875	Shrine N	2023-03-13	Nat Genet	www.ncbi.nlm.nih.gov/pubmed/36914875	Multi-ancestry genome-wide association analyses improve resolution of genes and pathways influencing lung function and chronic obstructive pulmonary disease risk.	Lung function (FEV1/FVC)	475,645 European ancestry individuals, 8,590 African ancestry individuals, 85,279 East Asian ancestry individuals, 4,270 South Asian ancestry individuals, 14,668 Hispanic or Latin American individuals	NA	17q12	17	38759287		PSMB3			ENSG00000277791			rs35246838-T	rs35246838	0	35246838	intron_variant	0	0.873	7E-36	35.15490195998574		12.508	z score increase	Affymetrix, Illumina [63372103] (imputed)	N	FEV/FVC ratio	http://www.ebi.ac.uk/efo/EFO_0004713	GCST90244094	Genome-wide genotyping array
2023-12-12	36914875	Shrine N	2023-03-13	Nat Genet	www.ncbi.nlm.nih.gov/pubmed/36914875	Multi-ancestry genome-wide association analyses improve resolution of genes and pathways influencing lung function and chronic obstructive pulmonary disease risk.	Lung function (FEV1/FVC)	475,645 European ancestry individuals, 8,590 African ancestry individuals, 85,279 East Asian ancestry individuals, 4,270 South Asian ancestry individuals, 14,668 Hispanic or Latin American individuals	NA	8p23.1	8	9158972		PPP1R3B-DT			ENSG00000248538			rs330937-C	rs330937	0	330937	intergenic_variant	0	0.578	1E-26	26.0		10.704	z score increase	Affymetrix, Illumina [63372103] (imputed)	N	FEV/FVC ratio	http://www.ebi.ac.uk/efo/EFO_0004713	GCST90244094	Genome-wide genotyping array
2023-12-12	36914875	Shrine N	2023-03-13	Nat Genet	www.ncbi.nlm.nih.gov/pubmed/36914875	Multi-ancestry genome-wide association analyses improve resolution of genes and pathways influencing lung function and chronic obstructive pulmonary disease risk.	Lung function (FEV1/FVC)	475,645 European ancestry individuals, 8,590 African ancestry individuals, 85,279 East Asian ancestry individuals, 4,270 South Asian ancestry individuals, 14,668 Hispanic or Latin American individuals	NA	10q23.1	10	80513323		TSPAN14			ENSG00000108219			rs10748526-T	rs10748526	0	10748526	intron_variant	0	0.2	2E-12	11.698970004336019		7.027	z score decrease	Affymetrix, Illumina [63372103] (imputed)	N	FEV/FVC ratio	http://www.ebi.ac.uk/efo/EFO_0004713	GCST90244094	Genome-wide genotyping array
2023-12-12	36914875	Shrine N	2023-03-13	Nat Genet	www.ncbi.nlm.nih.gov/pubmed/36914875	Multi-ancestry genome-wide association analyses improve resolution of genes and pathways influencing lung function and chronic obstructive pulmonary disease risk.	Lung function (FEV1/FVC)	475,645 European ancestry individuals, 8,590 African ancestry individuals, 85,279 East Asian ancestry individuals, 4,270 South Asian ancestry individuals, 14,668 Hispanic or Latin American individuals	NA	9q22.33	9	98936134		ADIPINT - COL15A1	ENSG00000292223	ENSG00000204291		6600	6546	rs911930-T	rs911930	0	911930	intergenic_variant	1	0.262	3E-12	11.522878745280337		6.994	z score decrease	Affymetrix, Illumina [63372103] (imputed)	N	FEV/FVC ratio	http://www.ebi.ac.uk/efo/EFO_0004713	GCST90244094	Genome-wide genotyping array
2023-12-12	36914875	Shrine N	2023-03-13	Nat Genet	www.ncbi.nlm.nih.gov/pubmed/36914875	Multi-ancestry genome-wide association analyses improve resolution of genes and pathways influencing lung function and chronic obstructive pulmonary disease risk.	Lung function (FEV1/FVC)	475,645 European ancestry individuals, 8,590 African ancestry individuals, 85,279 East Asian ancestry individuals, 4,270 South Asian ancestry individuals, 14,668 Hispanic or Latin American individuals	NA	5q11.2	5	52919018		ITGA1			ENSG00000213949			rs2279586-A	rs2279586	0	2279586	intron_variant	0	0.0725	4E-12	11.397940008672037		6.944	z score increase	Affymetrix, Illumina [63372103] (imputed)	N	FEV/FVC ratio	http://www.ebi.ac.uk/efo/EFO_0004713	GCST90244094	Genome-wide genotyping array
2023-12-12	36914875	Shrine N	2023-03-13	Nat Genet	www.ncbi.nlm.nih.gov/pubmed/36914875	Multi-ancestry genome-wide association analyses improve resolution of genes and pathways influencing lung function and chronic obstructive pulmonary disease risk.	Lung function (FEV1/FVC)	475,645 European ancestry individuals, 8,590 African ancestry individuals, 85,279 East Asian ancestry individuals, 4,270 South Asian ancestry individuals, 14,668 Hispanic or Latin American individuals	NA	11q13.1	11	65563039		ZNRD2-DT			ENSG00000260233			rs11227226-T	rs11227226	0	11227226	non_coding_transcript_exon_variant	0	0.0634	2E-11	10.698970004336019		6.719	z score increase	Affymetrix, Illumina [63372103] (imputed)	N	FEV/FVC ratio	http://www.ebi.ac.uk/efo/EFO_0004713	GCST90244094	Genome-wide genotyping array
2023-12-12	36914875	Shrine N	2023-03-13	Nat Genet	www.ncbi.nlm.nih.gov/pubmed/36914875	Multi-ancestry genome-wide association analyses improve resolution of genes and pathways influencing lung function and chronic obstructive pulmonary disease risk.	Lung function (FEV1/FVC)	475,645 European ancestry individuals, 8,590 African ancestry individuals, 85,279 East Asian ancestry individuals, 4,270 South Asian ancestry individuals, 14,668 Hispanic or Latin American individuals	NA	2p25.1	2	8324697		LINC00299			ENSG00000236790			rs2630744-A	rs2630744	0	2630744	regulatory_region_variant	0	0.315	2E-11	10.698970004336019		6.72	z score decrease	Affymetrix, Illumina [63372103] (imputed)	N	FEV/FVC ratio	http://www.ebi.ac.uk/efo/EFO_0004713	GCST90244094	Genome-wide genotyping array
2023-12-12	36914875	Shrine N	2023-03-13	Nat Genet	www.ncbi.nlm.nih.gov/pubmed/36914875	Multi-ancestry genome-wide association analyses improve resolution of genes and pathways influencing lung function and chronic obstructive pulmonary disease risk.	Lung function (FEV1/FVC)	475,645 European ancestry individuals, 8,590 African ancestry individuals, 85,279 East Asian ancestry individuals, 4,270 South Asian ancestry individuals, 14,668 Hispanic or Latin American individuals	NA	6q25.2	6	154807198		SCAF8			ENSG00000213079			rs9322480-C	rs9322480	0	9322480	intron_variant	0	0.508	3E-11	10.522878745280337		6.663	z score decrease	Affymetrix, Illumina [63372103] (imputed)	N	FEV/FVC ratio	http://www.ebi.ac.uk/efo/EFO_0004713	GCST90244094	Genome-wide genotyping array
2023-12-12	36914875	Shrine N	2023-03-13	Nat Genet	www.ncbi.nlm.nih.gov/pubmed/36914875	Multi-ancestry genome-wide association analyses improve resolution of genes and pathways influencing lung function and chronic obstructive pulmonary disease risk.	Lung function (FEV1/FVC)	475,645 European ancestry individuals, 8,590 African ancestry individuals, 85,279 East Asian ancestry individuals, 4,270 South Asian ancestry individuals, 14,668 Hispanic or Latin American individuals	NA	11p15.4	11	8822809		DENND2B			ENSG00000166444			rs10840132-T	rs10840132	0	10840132	intron_variant	0	0.739	1E-13	13.0		7.402	z score increase	Affymetrix, Illumina [63372103] (imputed)	N	FEV/FVC ratio	http://www.ebi.ac.uk/efo/EFO_0004713	GCST90244094	Genome-wide genotyping array
2023-12-12	36914875	Shrine N	2023-03-13	Nat Genet	www.ncbi.nlm.nih.gov/pubmed/36914875	Multi-ancestry genome-wide association analyses improve resolution of genes and pathways influencing lung function and chronic obstructive pulmonary disease risk.	Lung function (FEV1/FVC)	475,645 European ancestry individuals, 8,590 African ancestry individuals, 85,279 East Asian ancestry individuals, 4,270 South Asian ancestry individuals, 14,668 Hispanic or Latin American individuals	NA	11p13	11	35412880		SLC1A2			ENSG00000110436			rs2633077-T	rs2633077	0	2633077	intron_variant	0	0.603	2E-13	12.698970004336019		7.32	z score decrease	Affymetrix, Illumina [63372103] (imputed)	N	FEV/FVC ratio	http://www.ebi.ac.uk/efo/EFO_0004713	GCST90244094	Genome-wide genotyping array
2023-12-12	36914875	Shrine N	2023-03-13	Nat Genet	www.ncbi.nlm.nih.gov/pubmed/36914875	Multi-ancestry genome-wide association analyses improve resolution of genes and pathways influencing lung function and chronic obstructive pulmonary disease risk.	Lung function (FEV1/FVC)	475,645 European ancestry individuals, 8,590 African ancestry individuals, 85,279 East Asian ancestry individuals, 4,270 South Asian ancestry individuals, 14,668 Hispanic or Latin American individuals	NA	7q11.23	7	74076326		ELN - LIMK1	ENSG00000049540	ENSG00000106683		6417	6607	rs1091812-A	rs1091812	0	1091812	intergenic_variant	1	0.268	3E-13	12.522878745280337		7.283	z score increase	Affymetrix, Illumina [63372103] (imputed)	N	FEV/FVC ratio	http://www.ebi.ac.uk/efo/EFO_0004713	GCST90244094	Genome-wide genotyping array
2023-12-12	36914875	Shrine N	2023-03-13	Nat Genet	www.ncbi.nlm.nih.gov/pubmed/36914875	Multi-ancestry genome-wide association analyses improve resolution of genes and pathways influencing lung function and chronic obstructive pulmonary disease risk.	Lung function (FEV1/FVC)	475,645 European ancestry individuals, 8,590 African ancestry individuals, 85,279 East Asian ancestry individuals, 4,270 South Asian ancestry individuals, 14,668 Hispanic or Latin American individuals	NA	1q41	1	218434190		TGFB2			ENSG00000092969			rs10482810-C	rs10482810	0	10482810	missense_variant	0	0.0065	9E-15	14.045757490560675		7.757	z score decrease	Affymetrix, Illumina [63372103] (imputed)	N	FEV/FVC ratio	http://www.ebi.ac.uk/efo/EFO_0004713	GCST90244094	Genome-wide genotyping array
2023-12-12	36914875	Shrine N	2023-03-13	Nat Genet	www.ncbi.nlm.nih.gov/pubmed/36914875	Multi-ancestry genome-wide association analyses improve resolution of genes and pathways influencing lung function and chronic obstructive pulmonary disease risk.	Lung function (FEV1/FVC)	475,645 European ancestry individuals, 8,590 African ancestry individuals, 85,279 East Asian ancestry individuals, 4,270 South Asian ancestry individuals, 14,668 Hispanic or Latin American individuals	NA	3p25.3	3	8543313		LMCD1, LMCD1-AS1			ENSG00000071282, ENSG00000227110			rs7629532-C	rs7629532	0	7629532	intron_variant	0	0.467	1E-14	14.0		7.723	z score decrease	Affymetrix, Illumina [63372103] (imputed)	N	FEV/FVC ratio	http://www.ebi.ac.uk/efo/EFO_0004713	GCST90244094	Genome-wide genotyping array
2023-12-12	36914875	Shrine N	2023-03-13	Nat Genet	www.ncbi.nlm.nih.gov/pubmed/36914875	Multi-ancestry genome-wide association analyses improve resolution of genes and pathways influencing lung function and chronic obstructive pulmonary disease risk.	Lung function (FEV1/FVC)	475,645 European ancestry individuals, 8,590 African ancestry individuals, 85,279 East Asian ancestry individuals, 4,270 South Asian ancestry individuals, 14,668 Hispanic or Latin American individuals	NA	5q21.1	5	99046290		CHD1-DT - LINC02113	ENSG00000248489	ENSG00000249515		51277	364055	rs6865618-C	rs6865618	0	6865618	intergenic_variant	1	0.676	6E-14	13.221848749616356		7.503	z score increase	Affymetrix, Illumina [63372103] (imputed)	N	FEV/FVC ratio	http://www.ebi.ac.uk/efo/EFO_0004713	GCST90244094	Genome-wide genotyping array
2023-12-12	36914875	Shrine N	2023-03-13	Nat Genet	www.ncbi.nlm.nih.gov/pubmed/36914875	Multi-ancestry genome-wide association analyses improve resolution of genes and pathways influencing lung function and chronic obstructive pulmonary disease risk.	Lung function (FEV1/FVC)	475,645 European ancestry individuals, 8,590 African ancestry individuals, 85,279 East Asian ancestry individuals, 4,270 South Asian ancestry individuals, 14,668 Hispanic or Latin American individuals	NA	8q22.1	8	96490232		RNU6-1172P - SDC2	ENSG00000202095	ENSG00000169439		59072	3178	rs2439514-C	rs2439514	0	2439514	intergenic_variant	1	0.306	7E-14	13.154901959985743		7.492	z score decrease	Affymetrix, Illumina [63372103] (imputed)	N	FEV/FVC ratio	http://www.ebi.ac.uk/efo/EFO_0004713	GCST90244094	Genome-wide genotyping array
2023-12-12	36914875	Shrine N	2023-03-13	Nat Genet	www.ncbi.nlm.nih.gov/pubmed/36914875	Multi-ancestry genome-wide association analyses improve resolution of genes and pathways influencing lung function and chronic obstructive pulmonary disease risk.	Lung function (FEV1/FVC)	475,645 European ancestry individuals, 8,590 African ancestry individuals, 85,279 East Asian ancestry individuals, 4,270 South Asian ancestry individuals, 14,668 Hispanic or Latin American individuals	NA	20q13.33	20	62465257		GATA5			ENSG00000130700			rs6421437-T	rs6421437	0	6421437	intron_variant	0	0.376	2E-14	13.698970004336019		7.648	z score decrease	Affymetrix, Illumina [63372103] (imputed)	N	FEV/FVC ratio	http://www.ebi.ac.uk/efo/EFO_0004713	GCST90244094	Genome-wide genotyping array
2023-12-12	36914875	Shrine N	2023-03-13	Nat Genet	www.ncbi.nlm.nih.gov/pubmed/36914875	Multi-ancestry genome-wide association analyses improve resolution of genes and pathways influencing lung function and chronic obstructive pulmonary disease risk.	Lung function (FEV1/FVC)	475,645 European ancestry individuals, 8,590 African ancestry individuals, 85,279 East Asian ancestry individuals, 4,270 South Asian ancestry individuals, 14,668 Hispanic or Latin American individuals	NA	2p15	2	61461592		USP34			ENSG00000115464			rs1186710-A	rs1186710	0	1186710	intron_variant	0	0.612	3E-14	13.522878745280337		7.612	z score increase	Affymetrix, Illumina [63372103] (imputed)	N	FEV/FVC ratio	http://www.ebi.ac.uk/efo/EFO_0004713	GCST90244094	Genome-wide genotyping array
2023-12-12	36914875	Shrine N	2023-03-13	Nat Genet	www.ncbi.nlm.nih.gov/pubmed/36914875	Multi-ancestry genome-wide association analyses improve resolution of genes and pathways influencing lung function and chronic obstructive pulmonary disease risk.	Lung function (FEV1/FVC)	475,645 European ancestry individuals, 8,590 African ancestry individuals, 85,279 East Asian ancestry individuals, 4,270 South Asian ancestry individuals, 14,668 Hispanic or Latin American individuals	NA	20q11.22	20	34551066		MAP1LC3A			ENSG00000101460			rs6120675-T	rs6120675	0	6120675	intron_variant	0	0.526	3E-14	13.522878745280337		7.602	z score decrease	Affymetrix, Illumina [63372103] (imputed)	N	FEV/FVC ratio	http://www.ebi.ac.uk/efo/EFO_0004713	GCST90244094	Genome-wide genotyping array
2023-12-12	36914875	Shrine N	2023-03-13	Nat Genet	www.ncbi.nlm.nih.gov/pubmed/36914875	Multi-ancestry genome-wide association analyses improve resolution of genes and pathways influencing lung function and chronic obstructive pulmonary disease risk.	Lung function (FEV1/FVC)	475,645 European ancestry individuals, 8,590 African ancestry individuals, 85,279 East Asian ancestry individuals, 4,270 South Asian ancestry individuals, 14,668 Hispanic or Latin American individuals	NA	1q21.2	1	149933386		MTMR11			ENSG00000014914			rs72692821-A	rs72692821	0	72692821	intron_variant	0	0.168	3E-14	13.522878745280337		7.581	z score increase	Affymetrix, Illumina [63372103] (imputed)	N	FEV/FVC ratio	http://www.ebi.ac.uk/efo/EFO_0004713	GCST90244094	Genome-wide genotyping array
2023-12-12	36914875	Shrine N	2023-03-13	Nat Genet	www.ncbi.nlm.nih.gov/pubmed/36914875	Multi-ancestry genome-wide association analyses improve resolution of genes and pathways influencing lung function and chronic obstructive pulmonary disease risk.	Lung function (FEV1/FVC)	475,645 European ancestry individuals, 8,590 African ancestry individuals, 85,279 East Asian ancestry individuals, 4,270 South Asian ancestry individuals, 14,668 Hispanic or Latin American individuals	NA	1p36.11	1	24914625		RUNX3			ENSG00000020633			rs9438876-A	rs9438876	0	9438876	intron_variant	0	0.514	4E-14	13.397940008672037		7.57	z score increase	Affymetrix, Illumina [63372103] (imputed)	N	FEV/FVC ratio	http://www.ebi.ac.uk/efo/EFO_0004713	GCST90244094	Genome-wide genotyping array
2023-12-12	36914875	Shrine N	2023-03-13	Nat Genet	www.ncbi.nlm.nih.gov/pubmed/36914875	Multi-ancestry genome-wide association analyses improve resolution of genes and pathways influencing lung function and chronic obstructive pulmonary disease risk.	Lung function (FEV1/FVC)	475,645 European ancestry individuals, 8,590 African ancestry individuals, 85,279 East Asian ancestry individuals, 4,270 South Asian ancestry individuals, 14,668 Hispanic or Latin American individuals	NA	17q24.1	17	64713703		SMURF2 - MICOS10P2	ENSG00000108854	ENSG00000270714		51368	33561	rs11651681-T	rs11651681	0	11651681	intergenic_variant	1	0.747	5E-14	13.301029995663981		7.534	z score increase	Affymetrix, Illumina [63372103] (imputed)	N	FEV/FVC ratio	http://www.ebi.ac.uk/efo/EFO_0004713	GCST90244094	Genome-wide genotyping array
2023-12-12	36914875	Shrine N	2023-03-13	Nat Genet	www.ncbi.nlm.nih.gov/pubmed/36914875	Multi-ancestry genome-wide association analyses improve resolution of genes and pathways influencing lung function and chronic obstructive pulmonary disease risk.	Lung function (FEV1/FVC)	475,645 European ancestry individuals, 8,590 African ancestry individuals, 85,279 East Asian ancestry individuals, 4,270 South Asian ancestry individuals, 14,668 Hispanic or Latin American individuals	NA	17q21.1	17	40196492		RAPGEFL1 - WIPF2	ENSG00000108352	ENSG00000171475		836	22251	rs143470463-A	rs143470463	0	143470463	intergenic_variant	1	0.844	1E-13	13.0		7.447	z score increase	Affymetrix, Illumina [63372103] (imputed)	N	FEV/FVC ratio	http://www.ebi.ac.uk/efo/EFO_0004713	GCST90244094	Genome-wide genotyping array
2023-12-12	36914875	Shrine N	2023-03-13	Nat Genet	www.ncbi.nlm.nih.gov/pubmed/36914875	Multi-ancestry genome-wide association analyses improve resolution of genes and pathways influencing lung function and chronic obstructive pulmonary disease risk.	Lung function (FEV1/FVC)	475,645 European ancestry individuals, 8,590 African ancestry individuals, 85,279 East Asian ancestry individuals, 4,270 South Asian ancestry individuals, 14,668 Hispanic or Latin American individuals	NA	1q32.1	1	205939739		SLC26A9			ENSG00000174502			rs7555534-T	rs7555534	0	7555534	intron_variant	0	0.641	1E-13	13.0		7.427	z score increase	Affymetrix, Illumina [63372103] (imputed)	N	FEV/FVC ratio	http://www.ebi.ac.uk/efo/EFO_0004713	GCST90244094	Genome-wide genotyping array
2023-12-12	36914875	Shrine N	2023-03-13	Nat Genet	www.ncbi.nlm.nih.gov/pubmed/36914875	Multi-ancestry genome-wide association analyses improve resolution of genes and pathways influencing lung function and chronic obstructive pulmonary disease risk.	Lung function (FEV1/FVC)	475,645 European ancestry individuals, 8,590 African ancestry individuals, 85,279 East Asian ancestry individuals, 4,270 South Asian ancestry individuals, 14,668 Hispanic or Latin American individuals	NA	15q26.3	15	99146746		TTC23			ENSG00000103852			rs8039637-T	rs8039637	0	8039637	intron_variant	0	0.128	8E-15	14.096910013008056		7.762	z score decrease	Affymetrix, Illumina [63372103] (imputed)	N	FEV/FVC ratio	http://www.ebi.ac.uk/efo/EFO_0004713	GCST90244094	Genome-wide genotyping array
2023-12-12	36914875	Shrine N	2023-03-13	Nat Genet	www.ncbi.nlm.nih.gov/pubmed/36914875	Multi-ancestry genome-wide association analyses improve resolution of genes and pathways influencing lung function and chronic obstructive pulmonary disease risk.	Lung function (FEV1/FVC)	475,645 European ancestry individuals, 8,590 African ancestry individuals, 85,279 East Asian ancestry individuals, 4,270 South Asian ancestry individuals, 14,668 Hispanic or Latin American individuals	NA	7p14.3	7	29091337		CPVL			ENSG00000106066			rs1861116-A	rs1861116	0	1861116	intron_variant	0	0.922	1E-9	9.0		6.066	z score decrease	Affymetrix, Illumina [63372103] (imputed)	N	FEV/FVC ratio	http://www.ebi.ac.uk/efo/EFO_0004713	GCST90244094	Genome-wide genotyping array
2023-12-12	36914875	Shrine N	2023-03-13	Nat Genet	www.ncbi.nlm.nih.gov/pubmed/36914875	Multi-ancestry genome-wide association analyses improve resolution of genes and pathways influencing lung function and chronic obstructive pulmonary disease risk.	Lung function (FEV1/FVC)	475,645 European ancestry individuals, 8,590 African ancestry individuals, 85,279 East Asian ancestry individuals, 4,270 South Asian ancestry individuals, 14,668 Hispanic or Latin American individuals	NA	4q13.1	4	63057497		EXOC5P1 - LARP1BP1	ENSG00000180673	ENSG00000231442		238703	292617	rs13147521-A	rs13147521	0	13147521	intergenic_variant	1	0.642	1E-9	9.0		6.059	z score decrease	Affymetrix, Illumina [63372103] (imputed)	N	FEV/FVC ratio	http://www.ebi.ac.uk/efo/EFO_0004713	GCST90244094	Genome-wide genotyping array
2023-12-12	36914875	Shrine N	2023-03-13	Nat Genet	www.ncbi.nlm.nih.gov/pubmed/36914875	Multi-ancestry genome-wide association analyses improve resolution of genes and pathways influencing lung function and chronic obstructive pulmonary disease risk.	Lung function (FEV1/FVC)	475,645 European ancestry individuals, 8,590 African ancestry individuals, 85,279 East Asian ancestry individuals, 4,270 South Asian ancestry individuals, 14,668 Hispanic or Latin American individuals	NA	4p15.33	4	13233044		U6 - HSP90AB2P	ENSG00000283545	ENSG00000205940		181633	103438	rs4565095-A	rs4565095	0	4565095	intergenic_variant	1	0.278	2E-9	8.698970004336019		6.037	z score decrease	Affymetrix, Illumina [63372103] (imputed)	N	FEV/FVC ratio	http://www.ebi.ac.uk/efo/EFO_0004713	GCST90244094	Genome-wide genotyping array
2023-12-12	36914875	Shrine N	2023-03-13	Nat Genet	www.ncbi.nlm.nih.gov/pubmed/36914875	Multi-ancestry genome-wide association analyses improve resolution of genes and pathways influencing lung function and chronic obstructive pulmonary disease risk.	Lung function (FEV1/FVC)	475,645 European ancestry individuals, 8,590 African ancestry individuals, 85,279 East Asian ancestry individuals, 4,270 South Asian ancestry individuals, 14,668 Hispanic or Latin American individuals	NA	7q31.31	7	117735320		CTTNBP2			ENSG00000077063			rs62617115-A	rs62617115	0	62617115	missense_variant	0	0.963	2E-9	8.698970004336019		6.017	z score decrease	Affymetrix, Illumina [63372103] (imputed)	N	FEV/FVC ratio	http://www.ebi.ac.uk/efo/EFO_0004713	GCST90244094	Genome-wide genotyping array
2023-12-12	36914875	Shrine N	2023-03-13	Nat Genet	www.ncbi.nlm.nih.gov/pubmed/36914875	Multi-ancestry genome-wide association analyses improve resolution of genes and pathways influencing lung function and chronic obstructive pulmonary disease risk.	Lung function (FEV1/FVC)	475,645 European ancestry individuals, 8,590 African ancestry individuals, 85,279 East Asian ancestry individuals, 4,270 South Asian ancestry individuals, 14,668 Hispanic or Latin American individuals	NA											chr5:126305819-A	chr5:126305819	0			1	0.463	9E-10	9.045757490560675		6.132	z score decrease	Affymetrix, Illumina [63372103] (imputed)	N	FEV/FVC ratio	http://www.ebi.ac.uk/efo/EFO_0004713	GCST90244094	Genome-wide genotyping array
2023-12-12	36914875	Shrine N	2023-03-13	Nat Genet	www.ncbi.nlm.nih.gov/pubmed/36914875	Multi-ancestry genome-wide association analyses improve resolution of genes and pathways influencing lung function and chronic obstructive pulmonary disease risk.	Lung function (FEV1/FVC)	475,645 European ancestry individuals, 8,590 African ancestry individuals, 85,279 East Asian ancestry individuals, 4,270 South Asian ancestry individuals, 14,668 Hispanic or Latin American individuals	NA	2q31.1	2	171486175		DCAF17 - DAP3P2	ENSG00000115827	ENSG00000228507		1123	5247	rs72237176-CT	rs72237176	0	72237176	intergenic_variant	1	0.334	3E-9	8.522878745280337		5.947	z score decrease	Affymetrix, Illumina [63372103] (imputed)	N	FEV/FVC ratio	http://www.ebi.ac.uk/efo/EFO_0004713	GCST90244094	Genome-wide genotyping array
2023-12-12	36914875	Shrine N	2023-03-13	Nat Genet	www.ncbi.nlm.nih.gov/pubmed/36914875	Multi-ancestry genome-wide association analyses improve resolution of genes and pathways influencing lung function and chronic obstructive pulmonary disease risk.	Lung function (FEV1/FVC)	475,645 European ancestry individuals, 8,590 African ancestry individuals, 85,279 East Asian ancestry individuals, 4,270 South Asian ancestry individuals, 14,668 Hispanic or Latin American individuals	NA	12p11.22	12	27703304		MRPS35-DT			ENSG00000256377			rs11049099-A	rs11049099	0	11049099	intron_variant	0	0.175	1E-9	9.0		6.095	z score decrease	Affymetrix, Illumina [63372103] (imputed)	N	FEV/FVC ratio	http://www.ebi.ac.uk/efo/EFO_0004713	GCST90244094	Genome-wide genotyping array
2023-12-12	36914875	Shrine N	2023-03-13	Nat Genet	www.ncbi.nlm.nih.gov/pubmed/36914875	Multi-ancestry genome-wide association analyses improve resolution of genes and pathways influencing lung function and chronic obstructive pulmonary disease risk.	Lung function (FEV1/FVC)	475,645 European ancestry individuals, 8,590 African ancestry individuals, 85,279 East Asian ancestry individuals, 4,270 South Asian ancestry individuals, 14,668 Hispanic or Latin American individuals	NA	11q23.3	11	115537961		CADM1 - RPL12P46	ENSG00000182985	ENSG00000255903		33004	40088	rs898614-T	rs898614	0	898614	intron_variant	1	0.603	1E-9	9.0		6.094	z score increase	Affymetrix, Illumina [63372103] (imputed)	N	FEV/FVC ratio	http://www.ebi.ac.uk/efo/EFO_0004713	GCST90244094	Genome-wide genotyping array
2023-12-12	36914875	Shrine N	2023-03-13	Nat Genet	www.ncbi.nlm.nih.gov/pubmed/36914875	Multi-ancestry genome-wide association analyses improve resolution of genes and pathways influencing lung function and chronic obstructive pulmonary disease risk.	Lung function (FEV1/FVC)	475,645 European ancestry individuals, 8,590 African ancestry individuals, 85,279 East Asian ancestry individuals, 4,270 South Asian ancestry individuals, 14,668 Hispanic or Latin American individuals	NA	15q26.2	15	95767490		RNU2-3P - NR2F2-AS1	ENSG00000222076	ENSG00000247809		21496	313223	rs2397971-T	rs2397971	0	2397971	intron_variant	1	0.654	1E-9	9.0		6.069	z score increase	Affymetrix, Illumina [63372103] (imputed)	N	FEV/FVC ratio	http://www.ebi.ac.uk/efo/EFO_0004713	GCST90244094	Genome-wide genotyping array
2023-12-12	36914875	Shrine N	2023-03-13	Nat Genet	www.ncbi.nlm.nih.gov/pubmed/36914875	Multi-ancestry genome-wide association analyses improve resolution of genes and pathways influencing lung function and chronic obstructive pulmonary disease risk.	Lung function (FEV1/FVC)	475,645 European ancestry individuals, 8,590 African ancestry individuals, 85,279 East Asian ancestry individuals, 4,270 South Asian ancestry individuals, 14,668 Hispanic or Latin American individuals	NA	5q33.1	5	151186635		CCDC69			ENSG00000198624			rs12657476-T	rs12657476	0	12657476	intron_variant	0	0.448	1E-9	9.0		6.066	z score decrease	Affymetrix, Illumina [63372103] (imputed)	N	FEV/FVC ratio	http://www.ebi.ac.uk/efo/EFO_0004713	GCST90244094	Genome-wide genotyping array
2023-12-12	36914875	Shrine N	2023-03-13	Nat Genet	www.ncbi.nlm.nih.gov/pubmed/36914875	Multi-ancestry genome-wide association analyses improve resolution of genes and pathways influencing lung function and chronic obstructive pulmonary disease risk.	Lung function (FEV1/FVC)	475,645 European ancestry individuals, 8,590 African ancestry individuals, 85,279 East Asian ancestry individuals, 4,270 South Asian ancestry individuals, 14,668 Hispanic or Latin American individuals	NA	19p13.3	19	2160530		AP3D1			ENSG00000065000			rs3803915-A	rs3803915	0	3803915	intergenic_variant	0	0.138	3E-9	8.522878745280337		5.913	z score increase	Affymetrix, Illumina [63372103] (imputed)	N	FEV/FVC ratio	http://www.ebi.ac.uk/efo/EFO_0004713	GCST90244094	Genome-wide genotyping array
2023-12-12	36914875	Shrine N	2023-03-13	Nat Genet	www.ncbi.nlm.nih.gov/pubmed/36914875	Multi-ancestry genome-wide association analyses improve resolution of genes and pathways influencing lung function and chronic obstructive pulmonary disease risk.	Lung function (FEV1/FVC)	475,645 European ancestry individuals, 8,590 African ancestry individuals, 85,279 East Asian ancestry individuals, 4,270 South Asian ancestry individuals, 14,668 Hispanic or Latin American individuals	NA	14q32.33	14	104817536		ZBTB42 - VESTAR	ENSG00000179627	ENSG00000258701		12824	3665	rs76751100-A	rs76751100	0	76751100	intron_variant	1	0.915	4E-9	8.397940008672037		5.906	z score decrease	Affymetrix, Illumina [63372103] (imputed)	N	FEV/FVC ratio	http://www.ebi.ac.uk/efo/EFO_0004713	GCST90244094	Genome-wide genotyping array
2023-12-12	36914875	Shrine N	2023-03-13	Nat Genet	www.ncbi.nlm.nih.gov/pubmed/36914875	Multi-ancestry genome-wide association analyses improve resolution of genes and pathways influencing lung function and chronic obstructive pulmonary disease risk.	Lung function (FEV1)	475,645 European ancestry individuals, 8,590 African ancestry individuals, 85,279 East Asian ancestry individuals, 4,270 South Asian ancestry individuals, 14,668 Hispanic or Latin American individuals	NA	11q12.3	11	61938663		RNU6-1243P - BEST1	ENSG00000200898	ENSG00000167995		663	11400	rs2736598-T	rs2736598	0	2736598	intergenic_variant	1	0.527	6E-10	9.221848749616356		6.197	z score decrease	Affymetrix, Illumina [63380712] (imputed)	N	forced expiratory volume	http://www.ebi.ac.uk/efo/EFO_0004314	GCST90244092	Genome-wide genotyping array
2023-12-12	36914875	Shrine N	2023-03-13	Nat Genet	www.ncbi.nlm.nih.gov/pubmed/36914875	Multi-ancestry genome-wide association analyses improve resolution of genes and pathways influencing lung function and chronic obstructive pulmonary disease risk.	Lung function (FEV1)	475,645 European ancestry individuals, 8,590 African ancestry individuals, 85,279 East Asian ancestry individuals, 4,270 South Asian ancestry individuals, 14,668 Hispanic or Latin American individuals	NA	17q25.3	17	77419949		SEPTIN9			ENSG00000184640			rs103458-A	rs103458	0	103458	intron_variant	0	0.598	6E-10	9.221848749616356		6.194	z score decrease	Affymetrix, Illumina [63380712] (imputed)	N	forced expiratory volume	http://www.ebi.ac.uk/efo/EFO_0004314	GCST90244092	Genome-wide genotyping array
2023-12-12	36914875	Shrine N	2023-03-13	Nat Genet	www.ncbi.nlm.nih.gov/pubmed/36914875	Multi-ancestry genome-wide association analyses improve resolution of genes and pathways influencing lung function and chronic obstructive pulmonary disease risk.	Lung function (FEV1)	475,645 European ancestry individuals, 8,590 African ancestry individuals, 85,279 East Asian ancestry individuals, 4,270 South Asian ancestry individuals, 14,668 Hispanic or Latin American individuals	NA	15q14	15	37864217		Metazoa_SRP - TMCO5A	ENSG00000274883	ENSG00000166069		647319	57641	rs11857353-A	rs11857353	0	11857353	intron_variant	1	0.352	7E-10	9.154901959985743		6.171	z score increase	Affymetrix, Illumina [63380712] (imputed)	N	forced expiratory volume	http://www.ebi.ac.uk/efo/EFO_0004314	GCST90244092	Genome-wide genotyping array
2023-12-12	36914875	Shrine N	2023-03-13	Nat Genet	www.ncbi.nlm.nih.gov/pubmed/36914875	Multi-ancestry genome-wide association analyses improve resolution of genes and pathways influencing lung function and chronic obstructive pulmonary disease risk.	Lung function (FEV1)	475,645 European ancestry individuals, 8,590 African ancestry individuals, 85,279 East Asian ancestry individuals, 4,270 South Asian ancestry individuals, 14,668 Hispanic or Latin American individuals	NA	3q27.1	3	183845137		PARL			ENSG00000175193			rs10937153-A	rs10937153	0	10937153	intron_variant	0	0.277	8E-10	9.096910013008056		6.154	z score decrease	Affymetrix, Illumina [63380712] (imputed)	N	forced expiratory volume	http://www.ebi.ac.uk/efo/EFO_0004314	GCST90244092	Genome-wide genotyping array
2023-12-12	36914875	Shrine N	2023-03-13	Nat Genet	www.ncbi.nlm.nih.gov/pubmed/36914875	Multi-ancestry genome-wide association analyses improve resolution of genes and pathways influencing lung function and chronic obstructive pulmonary disease risk.	Lung function (FEV1)	475,645 European ancestry individuals, 8,590 African ancestry individuals, 85,279 East Asian ancestry individuals, 4,270 South Asian ancestry individuals, 14,668 Hispanic or Latin American individuals	NA	12q24.11	12	110037055		ANKRD13A, C12orf76			ENSG00000076513, ENSG00000174456			rs35367681-T	rs35367681	0	35367681	intron_variant	0	0.0468	8E-10	9.096910013008056		6.154	z score increase	Affymetrix, Illumina [63380712] (imputed)	N	forced expiratory volume	http://www.ebi.ac.uk/efo/EFO_0004314	GCST90244092	Genome-wide genotyping array
2023-12-12	36914875	Shrine N	2023-03-13	Nat Genet	www.ncbi.nlm.nih.gov/pubmed/36914875	Multi-ancestry genome-wide association analyses improve resolution of genes and pathways influencing lung function and chronic obstructive pulmonary disease risk.	Lung function (FEV1)	475,645 European ancestry individuals, 8,590 African ancestry individuals, 85,279 East Asian ancestry individuals, 4,270 South Asian ancestry individuals, 14,668 Hispanic or Latin American individuals	NA	10q25.2	10	110692374		RBM20			ENSG00000203867			rs1954179-A	rs1954179	0	1954179	intron_variant	0	0.701	8E-10	9.096910013008056		6.142	z score decrease	Affymetrix, Illumina [63380712] (imputed)	N	forced expiratory volume	http://www.ebi.ac.uk/efo/EFO_0004314	GCST90244092	Genome-wide genotyping array
2023-12-12	36914875	Shrine N	2023-03-13	Nat Genet	www.ncbi.nlm.nih.gov/pubmed/36914875	Multi-ancestry genome-wide association analyses improve resolution of genes and pathways influencing lung function and chronic obstructive pulmonary disease risk.	Lung function (FEV1)	475,645 European ancestry individuals, 8,590 African ancestry individuals, 85,279 East Asian ancestry individuals, 4,270 South Asian ancestry individuals, 14,668 Hispanic or Latin American individuals	NA	1q22	1	155194689		MUC1 - THBS3-AS1	ENSG00000185499	ENSG00000231064		1773	117	rs12411216-A	rs12411216	0	12411216	TF_binding_site_variant	1	0.416	9E-10	9.045757490560675		6.128	z score increase	Affymetrix, Illumina [63380712] (imputed)	N	forced expiratory volume	http://www.ebi.ac.uk/efo/EFO_0004314	GCST90244092	Genome-wide genotyping array
2023-12-12	36914875	Shrine N	2023-03-13	Nat Genet	www.ncbi.nlm.nih.gov/pubmed/36914875	Multi-ancestry genome-wide association analyses improve resolution of genes and pathways influencing lung function and chronic obstructive pulmonary disease risk.	Lung function (FEV1)	475,645 European ancestry individuals, 8,590 African ancestry individuals, 85,279 East Asian ancestry individuals, 4,270 South Asian ancestry individuals, 14,668 Hispanic or Latin American individuals	NA	20q13.2	20	52517381		LINC01524			ENSG00000234948			rs6068212-A	rs6068212	0	6068212	intron_variant	0	0.574	9E-10	9.045757490560675		6.126	z score decrease	Affymetrix, Illumina [63380712] (imputed)	N	forced expiratory volume	http://www.ebi.ac.uk/efo/EFO_0004314	GCST90244092	Genome-wide genotyping array
2023-12-12	36914875	Shrine N	2023-03-13	Nat Genet	www.ncbi.nlm.nih.gov/pubmed/36914875	Multi-ancestry genome-wide association analyses improve resolution of genes and pathways influencing lung function and chronic obstructive pulmonary disease risk.	Lung function (FEV1)	475,645 European ancestry individuals, 8,590 African ancestry individuals, 85,279 East Asian ancestry individuals, 4,270 South Asian ancestry individuals, 14,668 Hispanic or Latin American individuals	NA	3q13.2	3	113282859		BOC			ENSG00000144857			rs775230-A	rs775230	0	775230	intron_variant	0	0.669	9E-10	9.045757490560675		6.124	z score decrease	Affymetrix, Illumina [63380712] (imputed)	N	forced expiratory volume	http://www.ebi.ac.uk/efo/EFO_0004314	GCST90244092	Genome-wide genotyping array
2023-12-12	36914875	Shrine N	2023-03-13	Nat Genet	www.ncbi.nlm.nih.gov/pubmed/36914875	Multi-ancestry genome-wide association analyses improve resolution of genes and pathways influencing lung function and chronic obstructive pulmonary disease risk.	Lung function (FEV1)	475,645 European ancestry individuals, 8,590 African ancestry individuals, 85,279 East Asian ancestry individuals, 4,270 South Asian ancestry individuals, 14,668 Hispanic or Latin American individuals	NA	14q24.1	14	68133280		RAD51B			ENSG00000182185			rs2767368-A	rs2767368	0	2767368	intron_variant	0	0.87	9E-10	9.045757490560675		6.122	z score increase	Affymetrix, Illumina [63380712] (imputed)	N	forced expiratory volume	http://www.ebi.ac.uk/efo/EFO_0004314	GCST90244092	Genome-wide genotyping array
2023-12-12	36914875	Shrine N	2023-03-13	Nat Genet	www.ncbi.nlm.nih.gov/pubmed/36914875	Multi-ancestry genome-wide association analyses improve resolution of genes and pathways influencing lung function and chronic obstructive pulmonary disease risk.	Lung function (FEV1)	475,645 European ancestry individuals, 8,590 African ancestry individuals, 85,279 East Asian ancestry individuals, 4,270 South Asian ancestry individuals, 14,668 Hispanic or Latin American individuals	NA	19q13.2	19	41900191		ARHGEF1			ENSG00000076928			rs34770406-A	rs34770406	0	34770406	intron_variant	0	0.154	9E-10	9.045757490560675		6.12	z score decrease	Affymetrix, Illumina [63380712] (imputed)	N	forced expiratory volume	http://www.ebi.ac.uk/efo/EFO_0004314	GCST90244092	Genome-wide genotyping array
2023-12-12	36914875	Shrine N	2023-03-13	Nat Genet	www.ncbi.nlm.nih.gov/pubmed/36914875	Multi-ancestry genome-wide association analyses improve resolution of genes and pathways influencing lung function and chronic obstructive pulmonary disease risk.	Lung function (FEV1)	475,645 European ancestry individuals, 8,590 African ancestry individuals, 85,279 East Asian ancestry individuals, 4,270 South Asian ancestry individuals, 14,668 Hispanic or Latin American individuals	NA	19p13.2	19	12398722		ZNF799			ENSG00000196466			rs4804181-A	rs4804181	0	4804181	intron_variant	0	0.747	1E-9	9.0		6.107	z score decrease	Affymetrix, Illumina [63380712] (imputed)	N	forced expiratory volume	http://www.ebi.ac.uk/efo/EFO_0004314	GCST90244092	Genome-wide genotyping array
2023-12-12	36914875	Shrine N	2023-03-13	Nat Genet	www.ncbi.nlm.nih.gov/pubmed/36914875	Multi-ancestry genome-wide association analyses improve resolution of genes and pathways influencing lung function and chronic obstructive pulmonary disease risk.	Lung function (FEV1)	475,645 European ancestry individuals, 8,590 African ancestry individuals, 85,279 East Asian ancestry individuals, 4,270 South Asian ancestry individuals, 14,668 Hispanic or Latin American individuals	NA	1q21.2	1	147621873		BCL9			ENSG00000116128			rs17160476-A	rs17160476	0	17160476	intron_variant	0	0.817	1E-9	9.0		6.094	z score decrease	Affymetrix, Illumina [63380712] (imputed)	N	forced expiratory volume	http://www.ebi.ac.uk/efo/EFO_0004314	GCST90244092	Genome-wide genotyping array
2023-12-12	36914875	Shrine N	2023-03-13	Nat Genet	www.ncbi.nlm.nih.gov/pubmed/36914875	Multi-ancestry genome-wide association analyses improve resolution of genes and pathways influencing lung function and chronic obstructive pulmonary disease risk.	Lung function (FEV1)	475,645 European ancestry individuals, 8,590 African ancestry individuals, 85,279 East Asian ancestry individuals, 4,270 South Asian ancestry individuals, 14,668 Hispanic or Latin American individuals	NA	14q12	14	26712315		NOVA1-DT			ENSG00000257842			rs12587896-A	rs12587896	0	12587896	intron_variant	0	0.296	1E-9	9.0		6.08	z score decrease	Affymetrix, Illumina [63380712] (imputed)	N	forced expiratory volume	http://www.ebi.ac.uk/efo/EFO_0004314	GCST90244092	Genome-wide genotyping array
2023-12-12	36914875	Shrine N	2023-03-13	Nat Genet	www.ncbi.nlm.nih.gov/pubmed/36914875	Multi-ancestry genome-wide association analyses improve resolution of genes and pathways influencing lung function and chronic obstructive pulmonary disease risk.	Lung function (FEV1)	475,645 European ancestry individuals, 8,590 African ancestry individuals, 85,279 East Asian ancestry individuals, 4,270 South Asian ancestry individuals, 14,668 Hispanic or Latin American individuals	NA	11q13.3	11	68911250		IGHMBP2			ENSG00000132740			rs673821-T	rs673821	0	673821	intron_variant	0	0.29	1E-9	9.0		6.079	z score increase	Affymetrix, Illumina [63380712] (imputed)	N	forced expiratory volume	http://www.ebi.ac.uk/efo/EFO_0004314	GCST90244092	Genome-wide genotyping array
2023-12-12	36914875	Shrine N	2023-03-13	Nat Genet	www.ncbi.nlm.nih.gov/pubmed/36914875	Multi-ancestry genome-wide association analyses improve resolution of genes and pathways influencing lung function and chronic obstructive pulmonary disease risk.	Lung function (FEV1)	475,645 European ancestry individuals, 8,590 African ancestry individuals, 85,279 East Asian ancestry individuals, 4,270 South Asian ancestry individuals, 14,668 Hispanic or Latin American individuals	NA	7p14.3	7	33471004		BBS9			ENSG00000122507			rs6462481-T	rs6462481	0	6462481	intron_variant	0	0.239	1E-9	9.0		6.074	z score decrease	Affymetrix, Illumina [63380712] (imputed)	N	forced expiratory volume	http://www.ebi.ac.uk/efo/EFO_0004314	GCST90244092	Genome-wide genotyping array
2023-12-12	36914875	Shrine N	2023-03-13	Nat Genet	www.ncbi.nlm.nih.gov/pubmed/36914875	Multi-ancestry genome-wide association analyses improve resolution of genes and pathways influencing lung function and chronic obstructive pulmonary disease risk.	Lung function (FEV1)	475,645 European ancestry individuals, 8,590 African ancestry individuals, 85,279 East Asian ancestry individuals, 4,270 South Asian ancestry individuals, 14,668 Hispanic or Latin American individuals	NA	7q34	7	139804812		TBXAS1			ENSG00000059377			rs2041334-C	rs2041334	0	2041334	intron_variant	0	0.367	1E-9	9.0		6.054	z score decrease	Affymetrix, Illumina [63380712] (imputed)	N	forced expiratory volume	http://www.ebi.ac.uk/efo/EFO_0004314	GCST90244092	Genome-wide genotyping array
2023-12-12	36914875	Shrine N	2023-03-13	Nat Genet	www.ncbi.nlm.nih.gov/pubmed/36914875	Multi-ancestry genome-wide association analyses improve resolution of genes and pathways influencing lung function and chronic obstructive pulmonary disease risk.	Lung function (FEV1)	475,645 European ancestry individuals, 8,590 African ancestry individuals, 85,279 East Asian ancestry individuals, 4,270 South Asian ancestry individuals, 14,668 Hispanic or Latin American individuals	NA	15q23	15	68046368		RNU6-1 - PIAS1	ENSG00000206625	ENSG00000033800		206323	7933	rs62002446-A	rs62002446	0	62002446	intergenic_variant	1	0.272	1E-9	9.0		6.053	z score increase	Affymetrix, Illumina [63380712] (imputed)	N	forced expiratory volume	http://www.ebi.ac.uk/efo/EFO_0004314	GCST90244092	Genome-wide genotyping array
2023-12-12	36914875	Shrine N	2023-03-13	Nat Genet	www.ncbi.nlm.nih.gov/pubmed/36914875	Multi-ancestry genome-wide association analyses improve resolution of genes and pathways influencing lung function and chronic obstructive pulmonary disease risk.	Lung function (FEV1)	475,645 European ancestry individuals, 8,590 African ancestry individuals, 85,279 East Asian ancestry individuals, 4,270 South Asian ancestry individuals, 14,668 Hispanic or Latin American individuals	NA	3p25.2	3	12574485		MKRN2			ENSG00000075975			rs713178-T	rs713178	0	713178	intron_variant	0	0.779	1E-9	9.0		6.051	z score increase	Affymetrix, Illumina [63380712] (imputed)	N	forced expiratory volume	http://www.ebi.ac.uk/efo/EFO_0004314	GCST90244092	Genome-wide genotyping array
2023-12-12	36914875	Shrine N	2023-03-13	Nat Genet	www.ncbi.nlm.nih.gov/pubmed/36914875	Multi-ancestry genome-wide association analyses improve resolution of genes and pathways influencing lung function and chronic obstructive pulmonary disease risk.	Lung function (FEV1)	475,645 European ancestry individuals, 8,590 African ancestry individuals, 85,279 East Asian ancestry individuals, 4,270 South Asian ancestry individuals, 14,668 Hispanic or Latin American individuals	NA	2q33.3	2	207750101		CCNYL1			ENSG00000163249			rs62189212-A	rs62189212	0	62189212	intron_variant	0	0.0133	1E-9	9.0		6.05	z score decrease	Affymetrix, Illumina [63380712] (imputed)	N	forced expiratory volume	http://www.ebi.ac.uk/efo/EFO_0004314	GCST90244092	Genome-wide genotyping array
2023-12-12	36914875	Shrine N	2023-03-13	Nat Genet	www.ncbi.nlm.nih.gov/pubmed/36914875	Multi-ancestry genome-wide association analyses improve resolution of genes and pathways influencing lung function and chronic obstructive pulmonary disease risk.	Lung function (FEV1)	475,645 European ancestry individuals, 8,590 African ancestry individuals, 85,279 East Asian ancestry individuals, 4,270 South Asian ancestry individuals, 14,668 Hispanic or Latin American individuals	NA	5q33.3	5	157491139		ADAM19			ENSG00000135074			rs35413759-A	rs35413759	0	35413759	intron_variant	0	0.88	2E-9	8.698970004336019		6.043	z score decrease	Affymetrix, Illumina [63380712] (imputed)	N	forced expiratory volume	http://www.ebi.ac.uk/efo/EFO_0004314	GCST90244092	Genome-wide genotyping array
2023-12-12	36914875	Shrine N	2023-03-13	Nat Genet	www.ncbi.nlm.nih.gov/pubmed/36914875	Multi-ancestry genome-wide association analyses improve resolution of genes and pathways influencing lung function and chronic obstructive pulmonary disease risk.	Lung function (FEV1)	475,645 European ancestry individuals, 8,590 African ancestry individuals, 85,279 East Asian ancestry individuals, 4,270 South Asian ancestry individuals, 14,668 Hispanic or Latin American individuals	NA	13q14.2	13	49821434		KPNA3 - RNY4P30	ENSG00000102753	ENSG00000222148		28366	68200	rs716370-A	rs716370	0	716370	intron_variant	1	0.46	2E-9	8.698970004336019		5.998	z score increase	Affymetrix, Illumina [63380712] (imputed)	N	forced expiratory volume	http://www.ebi.ac.uk/efo/EFO_0004314	GCST90244092	Genome-wide genotyping array
2023-12-12	36914875	Shrine N	2023-03-13	Nat Genet	www.ncbi.nlm.nih.gov/pubmed/36914875	Multi-ancestry genome-wide association analyses improve resolution of genes and pathways influencing lung function and chronic obstructive pulmonary disease risk.	Lung function (FEV1)	475,645 European ancestry individuals, 8,590 African ancestry individuals, 85,279 East Asian ancestry individuals, 4,270 South Asian ancestry individuals, 14,668 Hispanic or Latin American individuals	NA	8q23.3	8	116510400		LINC00536 - EIF3H	ENSG00000249917	ENSG00000147677		58669	131730	rs28445777-A	rs28445777	0	28445777	intergenic_variant	1	0.669	2E-9	8.698970004336019		5.989	z score decrease	Affymetrix, Illumina [63380712] (imputed)	N	forced expiratory volume	http://www.ebi.ac.uk/efo/EFO_0004314	GCST90244092	Genome-wide genotyping array
2023-12-12	36914875	Shrine N	2023-03-13	Nat Genet	www.ncbi.nlm.nih.gov/pubmed/36914875	Multi-ancestry genome-wide association analyses improve resolution of genes and pathways influencing lung function and chronic obstructive pulmonary disease risk.	Lung function (FEV1)	475,645 European ancestry individuals, 8,590 African ancestry individuals, 85,279 East Asian ancestry individuals, 4,270 South Asian ancestry individuals, 14,668 Hispanic or Latin American individuals	NA	22q13.33	22	50283979		PLXNB2			ENSG00000196576			rs79966207-T	rs79966207	0	79966207	missense_variant	0	0.8482	2E-9	8.698970004336019		5.979	z score decrease	Affymetrix, Illumina [63380712] (imputed)	N	forced expiratory volume	http://www.ebi.ac.uk/efo/EFO_0004314	GCST90244092	Genome-wide genotyping array
2023-12-12	36914875	Shrine N	2023-03-13	Nat Genet	www.ncbi.nlm.nih.gov/pubmed/36914875	Multi-ancestry genome-wide association analyses improve resolution of genes and pathways influencing lung function and chronic obstructive pulmonary disease risk.	Lung function (FEV1)	475,645 European ancestry individuals, 8,590 African ancestry individuals, 85,279 East Asian ancestry individuals, 4,270 South Asian ancestry individuals, 14,668 Hispanic or Latin American individuals	NA	16p13.13	16	11116736		CLEC16A			ENSG00000038532			rs9931657-T	rs9931657	0	9931657	intron_variant	0	0.0787	2E-9	8.698970004336019		5.974	z score decrease	Affymetrix, Illumina [63380712] (imputed)	N	forced expiratory volume	http://www.ebi.ac.uk/efo/EFO_0004314	GCST90244092	Genome-wide genotyping array
2023-12-12	36914875	Shrine N	2023-03-13	Nat Genet	www.ncbi.nlm.nih.gov/pubmed/36914875	Multi-ancestry genome-wide association analyses improve resolution of genes and pathways influencing lung function and chronic obstructive pulmonary disease risk.	Lung function (forced vital capacity)	475,645 European ancestry individuals, 8,590 African ancestry individuals, 85,279 East Asian ancestry individuals, 4,270 South Asian ancestry individuals, 14,668 Hispanic or Latin American individuals	NA	14q12	14	31005015		STRN3			ENSG00000196792			rs179705-C	rs179705	0	179705	intron_variant	0	0.468	1E-9	9.0		6.114	z score decrease	Affymetrix, Illumina [63372548] (imputed)	N	vital capacity	http://www.ebi.ac.uk/efo/EFO_0004312	GCST90244093	Genome-wide genotyping array
2023-12-12	36914875	Shrine N	2023-03-13	Nat Genet	www.ncbi.nlm.nih.gov/pubmed/36914875	Multi-ancestry genome-wide association analyses improve resolution of genes and pathways influencing lung function and chronic obstructive pulmonary disease risk.	Lung function (forced vital capacity)	475,645 European ancestry individuals, 8,590 African ancestry individuals, 85,279 East Asian ancestry individuals, 4,270 South Asian ancestry individuals, 14,668 Hispanic or Latin American individuals	NA	1p13.2	1	112512037		WNT2B			ENSG00000134245			rs351370-T	rs351370	0	351370	intron_variant	0	0.616	3E-11	10.522878745280337		6.628	z score decrease	Affymetrix, Illumina [63372548] (imputed)	N	vital capacity	http://www.ebi.ac.uk/efo/EFO_0004312	GCST90244093	Genome-wide genotyping array
2023-12-12	36914875	Shrine N	2023-03-13	Nat Genet	www.ncbi.nlm.nih.gov/pubmed/36914875	Multi-ancestry genome-wide association analyses improve resolution of genes and pathways influencing lung function and chronic obstructive pulmonary disease risk.	Lung function (forced vital capacity)	475,645 European ancestry individuals, 8,590 African ancestry individuals, 85,279 East Asian ancestry individuals, 4,270 South Asian ancestry individuals, 14,668 Hispanic or Latin American individuals	NA	14q13.3	14	36980675		SLC25A21			ENSG00000183032			rs2180599-T	rs2180599	0	2180599	intron_variant	0	0.698	4E-11	10.397940008672037		6.604	z score increase	Affymetrix, Illumina [63372548] (imputed)	N	vital capacity	http://www.ebi.ac.uk/efo/EFO_0004312	GCST90244093	Genome-wide genotyping array
2023-12-12	36914875	Shrine N	2023-03-13	Nat Genet	www.ncbi.nlm.nih.gov/pubmed/36914875	Multi-ancestry genome-wide association analyses improve resolution of genes and pathways influencing lung function and chronic obstructive pulmonary disease risk.	Lung function (forced vital capacity)	475,645 European ancestry individuals, 8,590 African ancestry individuals, 85,279 East Asian ancestry individuals, 4,270 South Asian ancestry individuals, 14,668 Hispanic or Latin American individuals	NA	9q31.1	9	100593830		CAVIN4 - ACTG1P19	ENSG00000170681	ENSG00000237999		5428	137410	rs1628249-T	rs1628249	0	1628249	intergenic_variant	1	0.634	5E-11	10.301029995663981		6.565	z score decrease	Affymetrix, Illumina [63372548] (imputed)	N	vital capacity	http://www.ebi.ac.uk/efo/EFO_0004312	GCST90244093	Genome-wide genotyping array
2023-12-12	36914875	Shrine N	2023-03-13	Nat Genet	www.ncbi.nlm.nih.gov/pubmed/36914875	Multi-ancestry genome-wide association analyses improve resolution of genes and pathways influencing lung function and chronic obstructive pulmonary disease risk.	Lung function (forced vital capacity)	475,645 European ancestry individuals, 8,590 African ancestry individuals, 85,279 East Asian ancestry individuals, 4,270 South Asian ancestry individuals, 14,668 Hispanic or Latin American individuals	NA											chr1:8022772-CAG	chr1:8022772	0			1	0.842	6E-11	10.221848749616356		6.554	z score increase	Affymetrix, Illumina [63372548] (imputed)	N	vital capacity	http://www.ebi.ac.uk/efo/EFO_0004312	GCST90244093	Genome-wide genotyping array
2023-12-12	36914875	Shrine N	2023-03-13	Nat Genet	www.ncbi.nlm.nih.gov/pubmed/36914875	Multi-ancestry genome-wide association analyses improve resolution of genes and pathways influencing lung function and chronic obstructive pulmonary disease risk.	Lung function (forced vital capacity)	475,645 European ancestry individuals, 8,590 African ancestry individuals, 85,279 East Asian ancestry individuals, 4,270 South Asian ancestry individuals, 14,668 Hispanic or Latin American individuals	NA	7q21.11	7	83949953		RAD23BP2 - SEMA3A	ENSG00000230244	ENSG00000075213		285328	5824	rs797834-A	rs797834	0	797834	intergenic_variant	1	0.777	3E-9	8.522878745280337		5.948	z score decrease	Affymetrix, Illumina [63372548] (imputed)	N	vital capacity	http://www.ebi.ac.uk/efo/EFO_0004312	GCST90244093	Genome-wide genotyping array
2023-12-12	36914875	Shrine N	2023-03-13	Nat Genet	www.ncbi.nlm.nih.gov/pubmed/36914875	Multi-ancestry genome-wide association analyses improve resolution of genes and pathways influencing lung function and chronic obstructive pulmonary disease risk.	Lung function (forced vital capacity)	475,645 European ancestry individuals, 8,590 African ancestry individuals, 85,279 East Asian ancestry individuals, 4,270 South Asian ancestry individuals, 14,668 Hispanic or Latin American individuals	NA	7p14.1	7	41159299		LINC01449 - INHBA	ENSG00000224017	ENSG00000122641		25792	507869	rs29503-T	rs29503	0	29503	intron_variant	1	0.555	3E-9	8.522878745280337		5.947	z score decrease	Affymetrix, Illumina [63372548] (imputed)	N	vital capacity	http://www.ebi.ac.uk/efo/EFO_0004312	GCST90244093	Genome-wide genotyping array
2023-12-12	36914875	Shrine N	2023-03-13	Nat Genet	www.ncbi.nlm.nih.gov/pubmed/36914875	Multi-ancestry genome-wide association analyses improve resolution of genes and pathways influencing lung function and chronic obstructive pulmonary disease risk.	Lung function (forced vital capacity)	475,645 European ancestry individuals, 8,590 African ancestry individuals, 85,279 East Asian ancestry individuals, 4,270 South Asian ancestry individuals, 14,668 Hispanic or Latin American individuals	NA	1q23.3	1	164381282		HMGB3P6 - PBX1	ENSG00000213070	ENSG00000185630		23918	174302	rs527203-A	rs527203	0	527203	intergenic_variant	1	0.318	3E-9	8.522878745280337		5.93	z score increase	Affymetrix, Illumina [63372548] (imputed)	N	vital capacity	http://www.ebi.ac.uk/efo/EFO_0004312	GCST90244093	Genome-wide genotyping array
2023-12-12	36914875	Shrine N	2023-03-13	Nat Genet	www.ncbi.nlm.nih.gov/pubmed/36914875	Multi-ancestry genome-wide association analyses improve resolution of genes and pathways influencing lung function and chronic obstructive pulmonary disease risk.	Lung function (forced vital capacity)	475,645 European ancestry individuals, 8,590 African ancestry individuals, 85,279 East Asian ancestry individuals, 4,270 South Asian ancestry individuals, 14,668 Hispanic or Latin American individuals	NA	7p13	7	44220107		CAMK2B			ENSG00000058404			rs1065359-A	rs1065359	0	1065359	synonymous_variant	0	0.415	5E-11	10.301029995663981		6.57	z score increase	Affymetrix, Illumina [63372548] (imputed)	N	vital capacity	http://www.ebi.ac.uk/efo/EFO_0004312	GCST90244093	Genome-wide genotyping array
2023-12-12	36914875	Shrine N	2023-03-13	Nat Genet	www.ncbi.nlm.nih.gov/pubmed/36914875	Multi-ancestry genome-wide association analyses improve resolution of genes and pathways influencing lung function and chronic obstructive pulmonary disease risk.	Lung function (forced vital capacity)	475,645 European ancestry individuals, 8,590 African ancestry individuals, 85,279 East Asian ancestry individuals, 4,270 South Asian ancestry individuals, 14,668 Hispanic or Latin American individuals	NA	12q13.12	12	50745079		DIP2B			ENSG00000066084			rs1047912-T	rs1047912	0	1047912	3_prime_UTR_variant	0	0.266	1E-10	10.0		6.456	z score increase	Affymetrix, Illumina [63372548] (imputed)	N	vital capacity	http://www.ebi.ac.uk/efo/EFO_0004312	GCST90244093	Genome-wide genotyping array
2023-12-12	36914875	Shrine N	2023-03-13	Nat Genet	www.ncbi.nlm.nih.gov/pubmed/36914875	Multi-ancestry genome-wide association analyses improve resolution of genes and pathways influencing lung function and chronic obstructive pulmonary disease risk.	Lung function (forced vital capacity)	475,645 European ancestry individuals, 8,590 African ancestry individuals, 85,279 East Asian ancestry individuals, 4,270 South Asian ancestry individuals, 14,668 Hispanic or Latin American individuals	NA	9q31.3	9	109196065		EPB41L4B			ENSG00000095203			rs6415807-A	rs6415807	0	6415807	intron_variant	0	0.78	1E-10	10.0		6.455	z score increase	Affymetrix, Illumina [63372548] (imputed)	N	vital capacity	http://www.ebi.ac.uk/efo/EFO_0004312	GCST90244093	Genome-wide genotyping array
2023-12-12	36914875	Shrine N	2023-03-13	Nat Genet	www.ncbi.nlm.nih.gov/pubmed/36914875	Multi-ancestry genome-wide association analyses improve resolution of genes and pathways influencing lung function and chronic obstructive pulmonary disease risk.	Lung function (forced vital capacity)	475,645 European ancestry individuals, 8,590 African ancestry individuals, 85,279 East Asian ancestry individuals, 4,270 South Asian ancestry individuals, 14,668 Hispanic or Latin American individuals	NA	1p35.2	1	31098325		SELENOWP1 - RPL21P22	ENSG00000215900	ENSG00000225142		2767	9863	rs56080852-A	rs56080852	0	56080852	intergenic_variant	1	0.101	7E-12	11.154901959985743		6.852	z score decrease	Affymetrix, Illumina [63372548] (imputed)	N	vital capacity	http://www.ebi.ac.uk/efo/EFO_0004312	GCST90244093	Genome-wide genotyping array
2023-12-12	36914875	Shrine N	2023-03-13	Nat Genet	www.ncbi.nlm.nih.gov/pubmed/36914875	Multi-ancestry genome-wide association analyses improve resolution of genes and pathways influencing lung function and chronic obstructive pulmonary disease risk.	Lung function (forced vital capacity)	475,645 European ancestry individuals, 8,590 African ancestry individuals, 85,279 East Asian ancestry individuals, 4,270 South Asian ancestry individuals, 14,668 Hispanic or Latin American individuals	NA	4q34.1	4	173660916		HAND2-AS1			ENSG00000237125			rs10005540-T	rs10005540	0	10005540	intergenic_variant	0	0.618	9E-12	11.045757490560675		6.815	z score increase	Affymetrix, Illumina [63372548] (imputed)	N	vital capacity	http://www.ebi.ac.uk/efo/EFO_0004312	GCST90244093	Genome-wide genotyping array
2023-12-12	36914875	Shrine N	2023-03-13	Nat Genet	www.ncbi.nlm.nih.gov/pubmed/36914875	Multi-ancestry genome-wide association analyses improve resolution of genes and pathways influencing lung function and chronic obstructive pulmonary disease risk.	Lung function (forced vital capacity)	475,645 European ancestry individuals, 8,590 African ancestry individuals, 85,279 East Asian ancestry individuals, 4,270 South Asian ancestry individuals, 14,668 Hispanic or Latin American individuals	NA	7p14.1	7	40807622		SUGCT			ENSG00000175600			rs17770991-T	rs17770991	0	17770991	intron_variant	0	0.456	7E-11	10.154901959985743		6.524	z score decrease	Affymetrix, Illumina [63372548] (imputed)	N	vital capacity	http://www.ebi.ac.uk/efo/EFO_0004312	GCST90244093	Genome-wide genotyping array
2023-12-12	36914875	Shrine N	2023-03-13	Nat Genet	www.ncbi.nlm.nih.gov/pubmed/36914875	Multi-ancestry genome-wide association analyses improve resolution of genes and pathways influencing lung function and chronic obstructive pulmonary disease risk.	Lung function (forced vital capacity)	475,645 European ancestry individuals, 8,590 African ancestry individuals, 85,279 East Asian ancestry individuals, 4,270 South Asian ancestry individuals, 14,668 Hispanic or Latin American individuals	NA	5q14.1	5	77851963		TBCA			ENSG00000171530			rs7700998-A	rs7700998	0	7700998	intergenic_variant	0	0.444	3E-10	9.522878745280337		6.295	z score decrease	Affymetrix, Illumina [63372548] (imputed)	N	vital capacity	http://www.ebi.ac.uk/efo/EFO_0004312	GCST90244093	Genome-wide genotyping array
2023-12-12	36914875	Shrine N	2023-03-13	Nat Genet	www.ncbi.nlm.nih.gov/pubmed/36914875	Multi-ancestry genome-wide association analyses improve resolution of genes and pathways influencing lung function and chronic obstructive pulmonary disease risk.	Lung function (forced vital capacity)	475,645 European ancestry individuals, 8,590 African ancestry individuals, 85,279 East Asian ancestry individuals, 4,270 South Asian ancestry individuals, 14,668 Hispanic or Latin American individuals	NA	18q21.2	18	53049353		DCC			ENSG00000187323			rs6508190-A	rs6508190	0	6508190	intron_variant	0	0.415	1E-11	11.0		6.811	z score decrease	Affymetrix, Illumina [63372548] (imputed)	N	vital capacity	http://www.ebi.ac.uk/efo/EFO_0004312	GCST90244093	Genome-wide genotyping array
2023-12-12	36914875	Shrine N	2023-03-13	Nat Genet	www.ncbi.nlm.nih.gov/pubmed/36914875	Multi-ancestry genome-wide association analyses improve resolution of genes and pathways influencing lung function and chronic obstructive pulmonary disease risk.	Lung function (forced vital capacity)	475,645 European ancestry individuals, 8,590 African ancestry individuals, 85,279 East Asian ancestry individuals, 4,270 South Asian ancestry individuals, 14,668 Hispanic or Latin American individuals	NA	1q42.13	1	227969662		WNT9A - CICP26	ENSG00000143816	ENSG00000233003		21730	5728	rs76109497-A	rs76109497	0	76109497	intergenic_variant	1	0.168	3E-10	9.522878745280337		6.289	z score increase	Affymetrix, Illumina [63372548] (imputed)	N	vital capacity	http://www.ebi.ac.uk/efo/EFO_0004312	GCST90244093	Genome-wide genotyping array
2023-12-12	36914875	Shrine N	2023-03-13	Nat Genet	www.ncbi.nlm.nih.gov/pubmed/36914875	Multi-ancestry genome-wide association analyses improve resolution of genes and pathways influencing lung function and chronic obstructive pulmonary disease risk.	Lung function (forced vital capacity)	475,645 European ancestry individuals, 8,590 African ancestry individuals, 85,279 East Asian ancestry individuals, 4,270 South Asian ancestry individuals, 14,668 Hispanic or Latin American individuals	NA	6q25.3	6	158237756		TULP4, SRP72P2			ENSG00000130338, ENSG00000188451			rs661857-T	rs661857	0	661857	non_coding_transcript_exon_variant	0	0.502	3E-10	9.522878745280337		6.288	z score decrease	Affymetrix, Illumina [63372548] (imputed)	N	vital capacity	http://www.ebi.ac.uk/efo/EFO_0004312	GCST90244093	Genome-wide genotyping array
2023-12-12	36914875	Shrine N	2023-03-13	Nat Genet	www.ncbi.nlm.nih.gov/pubmed/36914875	Multi-ancestry genome-wide association analyses improve resolution of genes and pathways influencing lung function and chronic obstructive pulmonary disease risk.	Lung function (forced vital capacity)	475,645 European ancestry individuals, 8,590 African ancestry individuals, 85,279 East Asian ancestry individuals, 4,270 South Asian ancestry individuals, 14,668 Hispanic or Latin American individuals	NA	4p15.31	4	17790626		FAM184B - DCAF16	ENSG00000047662	ENSG00000163257		9005	2820	rs7674450-C	rs7674450	0	7674450	intron_variant	1	0.187	4E-10	9.397940008672037		6.273	z score decrease	Affymetrix, Illumina [63372548] (imputed)	N	vital capacity	http://www.ebi.ac.uk/efo/EFO_0004312	GCST90244093	Genome-wide genotyping array
2023-12-12	36914875	Shrine N	2023-03-13	Nat Genet	www.ncbi.nlm.nih.gov/pubmed/36914875	Multi-ancestry genome-wide association analyses improve resolution of genes and pathways influencing lung function and chronic obstructive pulmonary disease risk.	Lung function (forced vital capacity)	475,645 European ancestry individuals, 8,590 African ancestry individuals, 85,279 East Asian ancestry individuals, 4,270 South Asian ancestry individuals, 14,668 Hispanic or Latin American individuals	NA	3p14.3	3	54756352		CACNA2D3			ENSG00000157445			rs934083-T	rs934083	0	934083	intron_variant	0	0.475	4E-10	9.397940008672037		6.264	z score increase	Affymetrix, Illumina [63372548] (imputed)	N	vital capacity	http://www.ebi.ac.uk/efo/EFO_0004312	GCST90244093	Genome-wide genotyping array
2023-12-12	36914875	Shrine N	2023-03-13	Nat Genet	www.ncbi.nlm.nih.gov/pubmed/36914875	Multi-ancestry genome-wide association analyses improve resolution of genes and pathways influencing lung function and chronic obstructive pulmonary disease risk.	Lung function (forced vital capacity)	475,645 European ancestry individuals, 8,590 African ancestry individuals, 85,279 East Asian ancestry individuals, 4,270 South Asian ancestry individuals, 14,668 Hispanic or Latin American individuals	NA	7p14.1	7	42232498		GLI3			ENSG00000106571			rs10951676-A	rs10951676	0	10951676	intron_variant	0	0.667	9E-11	10.045757490560675		6.478	z score decrease	Affymetrix, Illumina [63372548] (imputed)	N	vital capacity	http://www.ebi.ac.uk/efo/EFO_0004312	GCST90244093	Genome-wide genotyping array
2023-12-12	36914875	Shrine N	2023-03-13	Nat Genet	www.ncbi.nlm.nih.gov/pubmed/36914875	Multi-ancestry genome-wide association analyses improve resolution of genes and pathways influencing lung function and chronic obstructive pulmonary disease risk.	Lung function (forced vital capacity)	475,645 European ancestry individuals, 8,590 African ancestry individuals, 85,279 East Asian ancestry individuals, 4,270 South Asian ancestry individuals, 14,668 Hispanic or Latin American individuals	NA	16q12.1	16	50155018		TENT4B			ENSG00000121274			rs76219171-A	rs76219171	0	76219171	non_coding_transcript_exon_variant	0	0.0595	1E-11	11.0		6.778	z score decrease	Affymetrix, Illumina [63372548] (imputed)	N	vital capacity	http://www.ebi.ac.uk/efo/EFO_0004312	GCST90244093	Genome-wide genotyping array
2023-12-12	36914875	Shrine N	2023-03-13	Nat Genet	www.ncbi.nlm.nih.gov/pubmed/36914875	Multi-ancestry genome-wide association analyses improve resolution of genes and pathways influencing lung function and chronic obstructive pulmonary disease risk.	Lung function (forced vital capacity)	475,645 European ancestry individuals, 8,590 African ancestry individuals, 85,279 East Asian ancestry individuals, 4,270 South Asian ancestry individuals, 14,668 Hispanic or Latin American individuals	NA	7p15.2	7	27142710		HOXA-AS3, HOXA3, HOXA5			ENSG00000254369, ENSG00000105997, ENSG00000106004			rs62454414-T	rs62454414	0	62454414	intron_variant	0	0.866	1E-10	10.0		6.472	z score increase	Affymetrix, Illumina [63372548] (imputed)	N	vital capacity	http://www.ebi.ac.uk/efo/EFO_0004312	GCST90244093	Genome-wide genotyping array
2023-12-12	36914875	Shrine N	2023-03-13	Nat Genet	www.ncbi.nlm.nih.gov/pubmed/36914875	Multi-ancestry genome-wide association analyses improve resolution of genes and pathways influencing lung function and chronic obstructive pulmonary disease risk.	Lung function (forced vital capacity)	475,645 European ancestry individuals, 8,590 African ancestry individuals, 85,279 East Asian ancestry individuals, 4,270 South Asian ancestry individuals, 14,668 Hispanic or Latin American individuals	NA											chr3:196956325-T	chr3:196956325	0			1	0.551	2E-10	9.698970004336019		6.338	z score increase	Affymetrix, Illumina [63372548] (imputed)	N	vital capacity	http://www.ebi.ac.uk/efo/EFO_0004312	GCST90244093	Genome-wide genotyping array
2023-12-12	36914875	Shrine N	2023-03-13	Nat Genet	www.ncbi.nlm.nih.gov/pubmed/36914875	Multi-ancestry genome-wide association analyses improve resolution of genes and pathways influencing lung function and chronic obstructive pulmonary disease risk.	Lung function (forced vital capacity)	475,645 European ancestry individuals, 8,590 African ancestry individuals, 85,279 East Asian ancestry individuals, 4,270 South Asian ancestry individuals, 14,668 Hispanic or Latin American individuals	NA	3q22.3	3	138359820		MRAS			ENSG00000158186			rs731632-A	rs731632	0	731632	intron_variant	0	0.331	5E-10	9.301029995663981		6.207	z score decrease	Affymetrix, Illumina [63372548] (imputed)	N	vital capacity	http://www.ebi.ac.uk/efo/EFO_0004312	GCST90244093	Genome-wide genotyping array
2023-12-12	36914875	Shrine N	2023-03-13	Nat Genet	www.ncbi.nlm.nih.gov/pubmed/36914875	Multi-ancestry genome-wide association analyses improve resolution of genes and pathways influencing lung function and chronic obstructive pulmonary disease risk.	Lung function (forced vital capacity)	475,645 European ancestry individuals, 8,590 African ancestry individuals, 85,279 East Asian ancestry individuals, 4,270 South Asian ancestry individuals, 14,668 Hispanic or Latin American individuals	NA	3q21.1	3	122409672		FAM162A			ENSG00000114023			rs10511410-C	rs10511410	0	10511410	intron_variant	0	0.27	6E-12	11.221848749616356		6.877	z score decrease	Affymetrix, Illumina [63372548] (imputed)	N	vital capacity	http://www.ebi.ac.uk/efo/EFO_0004312	GCST90244093	Genome-wide genotyping array
2023-12-12	36914875	Shrine N	2023-03-13	Nat Genet	www.ncbi.nlm.nih.gov/pubmed/36914875	Multi-ancestry genome-wide association analyses improve resolution of genes and pathways influencing lung function and chronic obstructive pulmonary disease risk.	Lung function (forced vital capacity)	475,645 European ancestry individuals, 8,590 African ancestry individuals, 85,279 East Asian ancestry individuals, 4,270 South Asian ancestry individuals, 14,668 Hispanic or Latin American individuals	NA	20q11.21	20	31674356		BCL2L1			ENSG00000171552			rs6060627-T	rs6060627	0	6060627	intron_variant	0	0.267	1E-11	11.0		6.802	z score decrease	Affymetrix, Illumina [63372548] (imputed)	N	vital capacity	http://www.ebi.ac.uk/efo/EFO_0004312	GCST90244093	Genome-wide genotyping array
2023-12-12	36914875	Shrine N	2023-03-13	Nat Genet	www.ncbi.nlm.nih.gov/pubmed/36914875	Multi-ancestry genome-wide association analyses improve resolution of genes and pathways influencing lung function and chronic obstructive pulmonary disease risk.	Lung function (forced vital capacity)	475,645 European ancestry individuals, 8,590 African ancestry individuals, 85,279 East Asian ancestry individuals, 4,270 South Asian ancestry individuals, 14,668 Hispanic or Latin American individuals	NA	11p15.2	11	16346948		SOX6			ENSG00000110693			rs75491173-A	rs75491173	0	75491173	intron_variant	0	0.0519	1E-11	11.0		6.797	z score increase	Affymetrix, Illumina [63372548] (imputed)	N	vital capacity	http://www.ebi.ac.uk/efo/EFO_0004312	GCST90244093	Genome-wide genotyping array
2023-12-12	36914875	Shrine N	2023-03-13	Nat Genet	www.ncbi.nlm.nih.gov/pubmed/36914875	Multi-ancestry genome-wide association analyses improve resolution of genes and pathways influencing lung function and chronic obstructive pulmonary disease risk.	Lung function (forced vital capacity)	475,645 European ancestry individuals, 8,590 African ancestry individuals, 85,279 East Asian ancestry individuals, 4,270 South Asian ancestry individuals, 14,668 Hispanic or Latin American individuals	NA	3p25.3	3	8867842		RAD18			ENSG00000070950			rs7616874-A	rs7616874	0	7616874	intergenic_variant	0	0.661	1E-11	11.0		6.793	z score increase	Affymetrix, Illumina [63372548] (imputed)	N	vital capacity	http://www.ebi.ac.uk/efo/EFO_0004312	GCST90244093	Genome-wide genotyping array
2023-12-12	36914875	Shrine N	2023-03-13	Nat Genet	www.ncbi.nlm.nih.gov/pubmed/36914875	Multi-ancestry genome-wide association analyses improve resolution of genes and pathways influencing lung function and chronic obstructive pulmonary disease risk.	Lung function (forced vital capacity)	475,645 European ancestry individuals, 8,590 African ancestry individuals, 85,279 East Asian ancestry individuals, 4,270 South Asian ancestry individuals, 14,668 Hispanic or Latin American individuals	NA	9p24.1	9	8102856		DMAC1 - PTPRD	ENSG00000137038	ENSG00000153707		214476	211390	rs36140266-A	rs36140266	0	36140266	intergenic_variant	1	0.183	1E-11	11.0		6.779	z score decrease	Affymetrix, Illumina [63372548] (imputed)	N	vital capacity	http://www.ebi.ac.uk/efo/EFO_0004312	GCST90244093	Genome-wide genotyping array
2023-12-12	36914875	Shrine N	2023-03-13	Nat Genet	www.ncbi.nlm.nih.gov/pubmed/36914875	Multi-ancestry genome-wide association analyses improve resolution of genes and pathways influencing lung function and chronic obstructive pulmonary disease risk.	Lung function (forced vital capacity)	475,645 European ancestry individuals, 8,590 African ancestry individuals, 85,279 East Asian ancestry individuals, 4,270 South Asian ancestry individuals, 14,668 Hispanic or Latin American individuals	NA	5q23.3	5	130026751		CHSY3			ENSG00000198108			rs13161173-T	rs13161173	0	13161173	intron_variant	0	0.324	1E-11	11.0		6.764	z score decrease	Affymetrix, Illumina [63372548] (imputed)	N	vital capacity	http://www.ebi.ac.uk/efo/EFO_0004312	GCST90244093	Genome-wide genotyping array
2023-12-12	36914875	Shrine N	2023-03-13	Nat Genet	www.ncbi.nlm.nih.gov/pubmed/36914875	Multi-ancestry genome-wide association analyses improve resolution of genes and pathways influencing lung function and chronic obstructive pulmonary disease risk.	Lung function (forced vital capacity)	475,645 European ancestry individuals, 8,590 African ancestry individuals, 85,279 East Asian ancestry individuals, 4,270 South Asian ancestry individuals, 14,668 Hispanic or Latin American individuals	NA	9p22.3	9	16046294		CCDC171			ENSG00000164989			rs1328296-C	rs1328296	0	1328296	intergenic_variant	0	0.478	2E-11	10.698970004336019		6.748	z score increase	Affymetrix, Illumina [63372548] (imputed)	N	vital capacity	http://www.ebi.ac.uk/efo/EFO_0004312	GCST90244093	Genome-wide genotyping array
2023-12-12	36914875	Shrine N	2023-03-13	Nat Genet	www.ncbi.nlm.nih.gov/pubmed/36914875	Multi-ancestry genome-wide association analyses improve resolution of genes and pathways influencing lung function and chronic obstructive pulmonary disease risk.	Lung function (forced vital capacity)	475,645 European ancestry individuals, 8,590 African ancestry individuals, 85,279 East Asian ancestry individuals, 4,270 South Asian ancestry individuals, 14,668 Hispanic or Latin American individuals	NA	10q23.33	10	93143758		NIP7P1 - XRCC6P1	ENSG00000232805	ENSG00000237417		36375	63099	rs12357018-T	rs12357018	0	12357018	intergenic_variant	1	0.664	2E-11	10.698970004336019		6.726	z score increase	Affymetrix, Illumina [63372548] (imputed)	N	vital capacity	http://www.ebi.ac.uk/efo/EFO_0004312	GCST90244093	Genome-wide genotyping array
2023-12-12	36914875	Shrine N	2023-03-13	Nat Genet	www.ncbi.nlm.nih.gov/pubmed/36914875	Multi-ancestry genome-wide association analyses improve resolution of genes and pathways influencing lung function and chronic obstructive pulmonary disease risk.	Lung function (forced vital capacity)	475,645 European ancestry individuals, 8,590 African ancestry individuals, 85,279 East Asian ancestry individuals, 4,270 South Asian ancestry individuals, 14,668 Hispanic or Latin American individuals	NA	Xq26.1	X	130117584		ELF4 - AIFM1	ENSG00000102034	ENSG00000156709		6680	7082	rs210034-A	rs210034	0	210034	intron_variant	1	0.5792	2E-11	10.698970004336019		6.713	z score increase	Affymetrix, Illumina [63372548] (imputed)	N	vital capacity	http://www.ebi.ac.uk/efo/EFO_0004312	GCST90244093	Genome-wide genotyping array
2023-12-12	36914875	Shrine N	2023-03-13	Nat Genet	www.ncbi.nlm.nih.gov/pubmed/36914875	Multi-ancestry genome-wide association analyses improve resolution of genes and pathways influencing lung function and chronic obstructive pulmonary disease risk.	Lung function (forced vital capacity)	475,645 European ancestry individuals, 8,590 African ancestry individuals, 85,279 East Asian ancestry individuals, 4,270 South Asian ancestry individuals, 14,668 Hispanic or Latin American individuals	NA	4q24	4	102267552		SLC39A8			ENSG00000138821			rs13107325-T	rs13107325	0	13107325	missense_variant	0	0.0694	2E-11	10.698970004336019		6.707	z score increase	Affymetrix, Illumina [63372548] (imputed)	N	vital capacity	http://www.ebi.ac.uk/efo/EFO_0004312	GCST90244093	Genome-wide genotyping array
2023-12-12	36914875	Shrine N	2023-03-13	Nat Genet	www.ncbi.nlm.nih.gov/pubmed/36914875	Multi-ancestry genome-wide association analyses improve resolution of genes and pathways influencing lung function and chronic obstructive pulmonary disease risk.	Lung function (forced vital capacity)	475,645 European ancestry individuals, 8,590 African ancestry individuals, 85,279 East Asian ancestry individuals, 4,270 South Asian ancestry individuals, 14,668 Hispanic or Latin American individuals	NA											chr18:22693953-CT	chr18:22693953	0			1	0.544	2E-11	10.698970004336019		6.704	z score increase	Affymetrix, Illumina [63372548] (imputed)	N	vital capacity	http://www.ebi.ac.uk/efo/EFO_0004312	GCST90244093	Genome-wide genotyping array
2023-12-12	36914875	Shrine N	2023-03-13	Nat Genet	www.ncbi.nlm.nih.gov/pubmed/36914875	Multi-ancestry genome-wide association analyses improve resolution of genes and pathways influencing lung function and chronic obstructive pulmonary disease risk.	Lung function (forced vital capacity)	475,645 European ancestry individuals, 8,590 African ancestry individuals, 85,279 East Asian ancestry individuals, 4,270 South Asian ancestry individuals, 14,668 Hispanic or Latin American individuals	NA	2q31.2	2	178761353		TTN-AS1, TTN			ENSG00000237298, ENSG00000155657			rs35770984-A	rs35770984	0	35770984	intron_variant	0	0.331	2E-11	10.698970004336019		6.7	z score increase	Affymetrix, Illumina [63372548] (imputed)	N	vital capacity	http://www.ebi.ac.uk/efo/EFO_0004312	GCST90244093	Genome-wide genotyping array
2023-12-12	36914875	Shrine N	2023-03-13	Nat Genet	www.ncbi.nlm.nih.gov/pubmed/36914875	Multi-ancestry genome-wide association analyses improve resolution of genes and pathways influencing lung function and chronic obstructive pulmonary disease risk.	Lung function (forced vital capacity)	475,645 European ancestry individuals, 8,590 African ancestry individuals, 85,279 East Asian ancestry individuals, 4,270 South Asian ancestry individuals, 14,668 Hispanic or Latin American individuals	NA	8q21.2	8	85477174		CA2			ENSG00000104267			rs703-T	rs703	0	703	missense_variant	0	0.41	2E-11	10.698970004336019		6.679	z score increase	Affymetrix, Illumina [63372548] (imputed)	N	vital capacity	http://www.ebi.ac.uk/efo/EFO_0004312	GCST90244093	Genome-wide genotyping array
2023-12-12	36914875	Shrine N	2023-03-13	Nat Genet	www.ncbi.nlm.nih.gov/pubmed/36914875	Multi-ancestry genome-wide association analyses improve resolution of genes and pathways influencing lung function and chronic obstructive pulmonary disease risk.	Lung function (forced vital capacity)	475,645 European ancestry individuals, 8,590 African ancestry individuals, 85,279 East Asian ancestry individuals, 4,270 South Asian ancestry individuals, 14,668 Hispanic or Latin American individuals	NA	15q14	15	39576356		LINC02915 - THBS1	ENSG00000175746	ENSG00000137801		321511	3774	rs8036633-A	rs8036633	0	8036633	intergenic_variant	1	0.147	3E-11	10.522878745280337		6.667	z score decrease	Affymetrix, Illumina [63372548] (imputed)	N	vital capacity	http://www.ebi.ac.uk/efo/EFO_0004312	GCST90244093	Genome-wide genotyping array
2023-12-12	36914875	Shrine N	2023-03-13	Nat Genet	www.ncbi.nlm.nih.gov/pubmed/36914875	Multi-ancestry genome-wide association analyses improve resolution of genes and pathways influencing lung function and chronic obstructive pulmonary disease risk.	Lung function (forced vital capacity)	475,645 European ancestry individuals, 8,590 African ancestry individuals, 85,279 East Asian ancestry individuals, 4,270 South Asian ancestry individuals, 14,668 Hispanic or Latin American individuals	NA	10q24.31	10	100687890		Metazoa_SRP - PAX2	ENSG00000274883	ENSG00000075891		20881	47506	rs41310284-A	rs41310284	0	41310284	intergenic_variant	1	0.0955	4E-11	10.397940008672037		6.623	z score increase	Affymetrix, Illumina [63372548] (imputed)	N	vital capacity	http://www.ebi.ac.uk/efo/EFO_0004312	GCST90244093	Genome-wide genotyping array
2023-12-12	36914875	Shrine N	2023-03-13	Nat Genet	www.ncbi.nlm.nih.gov/pubmed/36914875	Multi-ancestry genome-wide association analyses improve resolution of genes and pathways influencing lung function and chronic obstructive pulmonary disease risk.	Lung function (forced vital capacity)	475,645 European ancestry individuals, 8,590 African ancestry individuals, 85,279 East Asian ancestry individuals, 4,270 South Asian ancestry individuals, 14,668 Hispanic or Latin American individuals	NA	6q23.3	6	135606388		AHI1-DT			ENSG00000231028			rs6941396-A	rs6941396	0	6941396	intron_variant	0	0.305	4E-11	10.397940008672037		6.589	z score decrease	Affymetrix, Illumina [63372548] (imputed)	N	vital capacity	http://www.ebi.ac.uk/efo/EFO_0004312	GCST90244093	Genome-wide genotyping array
2023-12-12	36914875	Shrine N	2023-03-13	Nat Genet	www.ncbi.nlm.nih.gov/pubmed/36914875	Multi-ancestry genome-wide association analyses improve resolution of genes and pathways influencing lung function and chronic obstructive pulmonary disease risk.	Lung function (forced vital capacity)	475,645 European ancestry individuals, 8,590 African ancestry individuals, 85,279 East Asian ancestry individuals, 4,270 South Asian ancestry individuals, 14,668 Hispanic or Latin American individuals	NA	18p11.32	18	208222		USP14			ENSG00000101557			rs545447-A	rs545447	0	545447	intron_variant	0	0.536	5E-11	10.301029995663981		6.584	z score increase	Affymetrix, Illumina [63372548] (imputed)	N	vital capacity	http://www.ebi.ac.uk/efo/EFO_0004312	GCST90244093	Genome-wide genotyping array
2023-12-12	36914875	Shrine N	2023-03-13	Nat Genet	www.ncbi.nlm.nih.gov/pubmed/36914875	Multi-ancestry genome-wide association analyses improve resolution of genes and pathways influencing lung function and chronic obstructive pulmonary disease risk.	Lung function (forced vital capacity)	475,645 European ancestry individuals, 8,590 African ancestry individuals, 85,279 East Asian ancestry individuals, 4,270 South Asian ancestry individuals, 14,668 Hispanic or Latin American individuals	NA	7q11.22	7	70440714		AUTS2			ENSG00000158321			rs62455217-T	rs62455217	0	62455217	intron_variant	0	0.0513	5E-11	10.301029995663981		6.564	z score increase	Affymetrix, Illumina [63372548] (imputed)	N	vital capacity	http://www.ebi.ac.uk/efo/EFO_0004312	GCST90244093	Genome-wide genotyping array
2023-12-12	36914875	Shrine N	2023-03-13	Nat Genet	www.ncbi.nlm.nih.gov/pubmed/36914875	Multi-ancestry genome-wide association analyses improve resolution of genes and pathways influencing lung function and chronic obstructive pulmonary disease risk.	Lung function (forced vital capacity)	475,645 European ancestry individuals, 8,590 African ancestry individuals, 85,279 East Asian ancestry individuals, 4,270 South Asian ancestry individuals, 14,668 Hispanic or Latin American individuals	NA	2q35	2	219517978		ASIC4			ENSG00000072182			rs4674407-T	rs4674407	0	4674407	intron_variant	0	0.464	5E-11	10.301029995663981		6.561	z score decrease	Affymetrix, Illumina [63372548] (imputed)	N	vital capacity	http://www.ebi.ac.uk/efo/EFO_0004312	GCST90244093	Genome-wide genotyping array
2023-12-12	36914875	Shrine N	2023-03-13	Nat Genet	www.ncbi.nlm.nih.gov/pubmed/36914875	Multi-ancestry genome-wide association analyses improve resolution of genes and pathways influencing lung function and chronic obstructive pulmonary disease risk.	Lung function (forced vital capacity)	475,645 European ancestry individuals, 8,590 African ancestry individuals, 85,279 East Asian ancestry individuals, 4,270 South Asian ancestry individuals, 14,668 Hispanic or Latin American individuals	NA	1p32.2	1	55663086		LINC01755			ENSG00000233079			rs111204083-T	rs111204083	0	111204083	intron_variant	0	0.683	5E-11	10.301029995663981		6.557	z score decrease	Affymetrix, Illumina [63372548] (imputed)	N	vital capacity	http://www.ebi.ac.uk/efo/EFO_0004312	GCST90244093	Genome-wide genotyping array
2023-12-12	36914875	Shrine N	2023-03-13	Nat Genet	www.ncbi.nlm.nih.gov/pubmed/36914875	Multi-ancestry genome-wide association analyses improve resolution of genes and pathways influencing lung function and chronic obstructive pulmonary disease risk.	Lung function (forced vital capacity)	475,645 European ancestry individuals, 8,590 African ancestry individuals, 85,279 East Asian ancestry individuals, 4,270 South Asian ancestry individuals, 14,668 Hispanic or Latin American individuals	NA	9q22.2	9	89605006		SEMA4D - GADD45G	ENSG00000187764	ENSG00000130222		106839	6	rs3138499-A	rs3138499	0	3138499	regulatory_region_variant	1	0.521	7E-11	10.154901959985743		6.528	z score increase	Affymetrix, Illumina [63372548] (imputed)	N	vital capacity	http://www.ebi.ac.uk/efo/EFO_0004312	GCST90244093	Genome-wide genotyping array
2023-12-12	36914875	Shrine N	2023-03-13	Nat Genet	www.ncbi.nlm.nih.gov/pubmed/36914875	Multi-ancestry genome-wide association analyses improve resolution of genes and pathways influencing lung function and chronic obstructive pulmonary disease risk.	Lung function (forced vital capacity)	475,645 European ancestry individuals, 8,590 African ancestry individuals, 85,279 East Asian ancestry individuals, 4,270 South Asian ancestry individuals, 14,668 Hispanic or Latin American individuals	NA	12p11.22	12	28842828		CCDC91 - FAR2	ENSG00000123106	ENSG00000064763		261317	306188	rs1086014-A	rs1086014	0	1086014	intergenic_variant	1	0.0793	7E-11	10.154901959985743		6.524	z score increase	Affymetrix, Illumina [63372548] (imputed)	N	vital capacity	http://www.ebi.ac.uk/efo/EFO_0004312	GCST90244093	Genome-wide genotyping array
2023-12-12	36914875	Shrine N	2023-03-13	Nat Genet	www.ncbi.nlm.nih.gov/pubmed/36914875	Multi-ancestry genome-wide association analyses improve resolution of genes and pathways influencing lung function and chronic obstructive pulmonary disease risk.	Lung function (forced vital capacity)	475,645 European ancestry individuals, 8,590 African ancestry individuals, 85,279 East Asian ancestry individuals, 4,270 South Asian ancestry individuals, 14,668 Hispanic or Latin American individuals	NA											chr17:64249960-T	chr17:64249960	0			1	0.278	7E-11	10.154901959985743		6.514	z score increase	Affymetrix, Illumina [63372548] (imputed)	N	vital capacity	http://www.ebi.ac.uk/efo/EFO_0004312	GCST90244093	Genome-wide genotyping array
2023-12-12	36914875	Shrine N	2023-03-13	Nat Genet	www.ncbi.nlm.nih.gov/pubmed/36914875	Multi-ancestry genome-wide association analyses improve resolution of genes and pathways influencing lung function and chronic obstructive pulmonary disease risk.	Lung function (forced vital capacity)	475,645 European ancestry individuals, 8,590 African ancestry individuals, 85,279 East Asian ancestry individuals, 4,270 South Asian ancestry individuals, 14,668 Hispanic or Latin American individuals	NA	4q28.1	4	124209285		PPIAP76 - TUBAP10	ENSG00000250484	ENSG00000248506		146295	226465	rs6857137-A	rs6857137	0	6857137	intron_variant	1	0.513	8E-11	10.096910013008056		6.502	z score decrease	Affymetrix, Illumina [63372548] (imputed)	N	vital capacity	http://www.ebi.ac.uk/efo/EFO_0004312	GCST90244093	Genome-wide genotyping array
2023-12-12	36914875	Shrine N	2023-03-13	Nat Genet	www.ncbi.nlm.nih.gov/pubmed/36914875	Multi-ancestry genome-wide association analyses improve resolution of genes and pathways influencing lung function and chronic obstructive pulmonary disease risk.	Lung function (forced vital capacity)	475,645 European ancestry individuals, 8,590 African ancestry individuals, 85,279 East Asian ancestry individuals, 4,270 South Asian ancestry individuals, 14,668 Hispanic or Latin American individuals	NA	2p16.1	2	57843347		ACTG1P22 - VRK2	ENSG00000271615	ENSG00000028116		77295	64259	rs1851140-T	rs1851140	0	1851140	intron_variant	1	0.545	8E-11	10.096910013008056		6.495	z score decrease	Affymetrix, Illumina [63372548] (imputed)	N	vital capacity	http://www.ebi.ac.uk/efo/EFO_0004312	GCST90244093	Genome-wide genotyping array
2023-12-12	36914875	Shrine N	2023-03-13	Nat Genet	www.ncbi.nlm.nih.gov/pubmed/36914875	Multi-ancestry genome-wide association analyses improve resolution of genes and pathways influencing lung function and chronic obstructive pulmonary disease risk.	Lung function (FEV1/FVC)	475,645 European ancestry individuals, 8,590 African ancestry individuals, 85,279 East Asian ancestry individuals, 4,270 South Asian ancestry individuals, 14,668 Hispanic or Latin American individuals	NA	5q15	5	95695387		SPATA9			ENSG00000145757			rs212996-T	rs212996	0	212996	intergenic_variant	0	0.593	4E-40	39.39794000867204		13.264	z score decrease	Affymetrix, Illumina [63372103] (imputed)	N	FEV/FVC ratio	http://www.ebi.ac.uk/efo/EFO_0004713	GCST90244094	Genome-wide genotyping array
2023-12-12	36914875	Shrine N	2023-03-13	Nat Genet	www.ncbi.nlm.nih.gov/pubmed/36914875	Multi-ancestry genome-wide association analyses improve resolution of genes and pathways influencing lung function and chronic obstructive pulmonary disease risk.	Lung function (FEV1/FVC)	475,645 European ancestry individuals, 8,590 African ancestry individuals, 85,279 East Asian ancestry individuals, 4,270 South Asian ancestry individuals, 14,668 Hispanic or Latin American individuals	NA	6p24.3	6	7109200		RREB1			ENSG00000124782			rs7451690-T	rs7451690	0	7451690	intron_variant	0	0.511	2E-38	37.69897000433602		12.961	z score increase	Affymetrix, Illumina [63372103] (imputed)	N	FEV/FVC ratio	http://www.ebi.ac.uk/efo/EFO_0004713	GCST90244094	Genome-wide genotyping array
2023-12-12	36914875	Shrine N	2023-03-13	Nat Genet	www.ncbi.nlm.nih.gov/pubmed/36914875	Multi-ancestry genome-wide association analyses improve resolution of genes and pathways influencing lung function and chronic obstructive pulmonary disease risk.	Lung function (FEV1/FVC)	475,645 European ancestry individuals, 8,590 African ancestry individuals, 85,279 East Asian ancestry individuals, 4,270 South Asian ancestry individuals, 14,668 Hispanic or Latin American individuals	NA	15q23	15	71512667		THSD4			ENSG00000187720			rs7183859-T	rs7183859	0	7183859	intron_variant	0	0.162	2E-35	34.69897000433602		12.411	z score decrease	Affymetrix, Illumina [63372103] (imputed)	N	FEV/FVC ratio	http://www.ebi.ac.uk/efo/EFO_0004713	GCST90244094	Genome-wide genotyping array
2023-12-12	36914875	Shrine N	2023-03-13	Nat Genet	www.ncbi.nlm.nih.gov/pubmed/36914875	Multi-ancestry genome-wide association analyses improve resolution of genes and pathways influencing lung function and chronic obstructive pulmonary disease risk.	Lung function (FEV1/FVC)	475,645 European ancestry individuals, 8,590 African ancestry individuals, 85,279 East Asian ancestry individuals, 4,270 South Asian ancestry individuals, 14,668 Hispanic or Latin American individuals	NA	9q33.1	9	116471779		ASTN2			ENSG00000148219			rs10983184-T	rs10983184	0	10983184	intron_variant	0	0.631	8E-35	34.096910013008056		12.31	z score increase	Affymetrix, Illumina [63372103] (imputed)	N	FEV/FVC ratio	http://www.ebi.ac.uk/efo/EFO_0004713	GCST90244094	Genome-wide genotyping array
2023-12-12	36914875	Shrine N	2023-03-13	Nat Genet	www.ncbi.nlm.nih.gov/pubmed/36914875	Multi-ancestry genome-wide association analyses improve resolution of genes and pathways influencing lung function and chronic obstructive pulmonary disease risk.	Lung function (FEV1/FVC)	475,645 European ancestry individuals, 8,590 African ancestry individuals, 85,279 East Asian ancestry individuals, 4,270 South Asian ancestry individuals, 14,668 Hispanic or Latin American individuals	NA	5q31.1	5	132447145		IRF1, CARINH			ENSG00000125347, ENSG00000197536			rs4235802-A	rs4235802	0	4235802	intron_variant	0	0.789	7E-34	33.15490195998574		12.137	z score increase	Affymetrix, Illumina [63372103] (imputed)	N	FEV/FVC ratio	http://www.ebi.ac.uk/efo/EFO_0004713	GCST90244094	Genome-wide genotyping array
2023-12-12	36914875	Shrine N	2023-03-13	Nat Genet	www.ncbi.nlm.nih.gov/pubmed/36914875	Multi-ancestry genome-wide association analyses improve resolution of genes and pathways influencing lung function and chronic obstructive pulmonary disease risk.	Lung function (FEV1/FVC)	475,645 European ancestry individuals, 8,590 African ancestry individuals, 85,279 East Asian ancestry individuals, 4,270 South Asian ancestry individuals, 14,668 Hispanic or Latin American individuals	NA	6p21.32	6	32619614		HLA-DRB1 - HLA-DQA1	ENSG00000196126	ENSG00000196735		29766	8565	rs9271383-T	rs9271383	0	9271383	non_coding_transcript_exon_variant	1	0.577	1E-33	33.0		12.095	z score decrease	Affymetrix, Illumina [63372103] (imputed)	N	FEV/FVC ratio	http://www.ebi.ac.uk/efo/EFO_0004713	GCST90244094	Genome-wide genotyping array
2023-12-12	36914875	Shrine N	2023-03-13	Nat Genet	www.ncbi.nlm.nih.gov/pubmed/36914875	Multi-ancestry genome-wide association analyses improve resolution of genes and pathways influencing lung function and chronic obstructive pulmonary disease risk.	Lung function (FEV1/FVC)	475,645 European ancestry individuals, 8,590 African ancestry individuals, 85,279 East Asian ancestry individuals, 4,270 South Asian ancestry individuals, 14,668 Hispanic or Latin American individuals	NA	15q21.2	15	49419900		FAM227B			ENSG00000166262			rs1429555-T	rs1429555	0	1429555	intron_variant	0	0.0852	8E-33	32.096910013008056		11.936	z score increase	Affymetrix, Illumina [63372103] (imputed)	N	FEV/FVC ratio	http://www.ebi.ac.uk/efo/EFO_0004713	GCST90244094	Genome-wide genotyping array
2023-12-12	36914875	Shrine N	2023-03-13	Nat Genet	www.ncbi.nlm.nih.gov/pubmed/36914875	Multi-ancestry genome-wide association analyses improve resolution of genes and pathways influencing lung function and chronic obstructive pulmonary disease risk.	Lung function (FEV1/FVC)	475,645 European ancestry individuals, 8,590 African ancestry individuals, 85,279 East Asian ancestry individuals, 4,270 South Asian ancestry individuals, 14,668 Hispanic or Latin American individuals	NA	4q24	4	105219344		TET2, TET2-AS1			ENSG00000168769, ENSG00000251586			rs7655890-T	rs7655890	0	7655890	intron_variant	0	0.684	1E-32	32.0		11.907	z score decrease	Affymetrix, Illumina [63372103] (imputed)	N	FEV/FVC ratio	http://www.ebi.ac.uk/efo/EFO_0004713	GCST90244094	Genome-wide genotyping array
2023-12-12	36914875	Shrine N	2023-03-13	Nat Genet	www.ncbi.nlm.nih.gov/pubmed/36914875	Multi-ancestry genome-wide association analyses improve resolution of genes and pathways influencing lung function and chronic obstructive pulmonary disease risk.	Lung function (FEV1/FVC)	475,645 European ancestry individuals, 8,590 African ancestry individuals, 85,279 East Asian ancestry individuals, 4,270 South Asian ancestry individuals, 14,668 Hispanic or Latin American individuals	NA	1p13.3	1	111191102		DENND2D			ENSG00000162777			rs10857859-C	rs10857859	0	10857859	intron_variant	0	0.337	4E-32	31.397940008672037		11.792	z score increase	Affymetrix, Illumina [63372103] (imputed)	N	FEV/FVC ratio	http://www.ebi.ac.uk/efo/EFO_0004713	GCST90244094	Genome-wide genotyping array
2023-12-12	36914875	Shrine N	2023-03-13	Nat Genet	www.ncbi.nlm.nih.gov/pubmed/36914875	Multi-ancestry genome-wide association analyses improve resolution of genes and pathways influencing lung function and chronic obstructive pulmonary disease risk.	Lung function (FEV1/FVC)	475,645 European ancestry individuals, 8,590 African ancestry individuals, 85,279 East Asian ancestry individuals, 4,270 South Asian ancestry individuals, 14,668 Hispanic or Latin American individuals	NA	14q22.2	14	53952388		BMP4			ENSG00000125378			rs35107139-A	rs35107139	0	35107139	5_prime_UTR_variant	0	0.584	5E-32	31.30102999566398		11.776	z score increase	Affymetrix, Illumina [63372103] (imputed)	N	FEV/FVC ratio	http://www.ebi.ac.uk/efo/EFO_0004713	GCST90244094	Genome-wide genotyping array
2023-12-12	36914875	Shrine N	2023-03-13	Nat Genet	www.ncbi.nlm.nih.gov/pubmed/36914875	Multi-ancestry genome-wide association analyses improve resolution of genes and pathways influencing lung function and chronic obstructive pulmonary disease risk.	Lung function (FEV1/FVC)	475,645 European ancestry individuals, 8,590 African ancestry individuals, 85,279 East Asian ancestry individuals, 4,270 South Asian ancestry individuals, 14,668 Hispanic or Latin American individuals	NA	7q22.1	7	100022850		ZKSCAN1			ENSG00000106261			rs12531809-T	rs12531809	0	12531809	intron_variant	0	0.377	2E-31	30.69897000433602		11.671	z score increase	Affymetrix, Illumina [63372103] (imputed)	N	FEV/FVC ratio	http://www.ebi.ac.uk/efo/EFO_0004713	GCST90244094	Genome-wide genotyping array
2023-12-12	36914875	Shrine N	2023-03-13	Nat Genet	www.ncbi.nlm.nih.gov/pubmed/36914875	Multi-ancestry genome-wide association analyses improve resolution of genes and pathways influencing lung function and chronic obstructive pulmonary disease risk.	Lung function (FEV1/FVC)	475,645 European ancestry individuals, 8,590 African ancestry individuals, 85,279 East Asian ancestry individuals, 4,270 South Asian ancestry individuals, 14,668 Hispanic or Latin American individuals	NA	16p13.13	16	10647125		TEKT5			ENSG00000153060			rs78442819-C	rs78442819	0	78442819	intron_variant	0	0.167	6E-31	30.221848749616356		11.568	z score decrease	Affymetrix, Illumina [63372103] (imputed)	N	FEV/FVC ratio	http://www.ebi.ac.uk/efo/EFO_0004713	GCST90244094	Genome-wide genotyping array
2023-12-12	36914875	Shrine N	2023-03-13	Nat Genet	www.ncbi.nlm.nih.gov/pubmed/36914875	Multi-ancestry genome-wide association analyses improve resolution of genes and pathways influencing lung function and chronic obstructive pulmonary disease risk.	Lung function (FEV1/FVC)	475,645 European ancestry individuals, 8,590 African ancestry individuals, 85,279 East Asian ancestry individuals, 4,270 South Asian ancestry individuals, 14,668 Hispanic or Latin American individuals	NA	11q13.4	11	73325134		ARHGEF17			ENSG00000110237			rs2027761-T	rs2027761	0	2027761	intron_variant	0	0.107	1E-30	30.0		11.524	z score increase	Affymetrix, Illumina [63372103] (imputed)	N	FEV/FVC ratio	http://www.ebi.ac.uk/efo/EFO_0004713	GCST90244094	Genome-wide genotyping array
2023-12-12	36914875	Shrine N	2023-03-13	Nat Genet	www.ncbi.nlm.nih.gov/pubmed/36914875	Multi-ancestry genome-wide association analyses improve resolution of genes and pathways influencing lung function and chronic obstructive pulmonary disease risk.	Lung function (FEV1/FVC)	475,645 European ancestry individuals, 8,590 African ancestry individuals, 85,279 East Asian ancestry individuals, 4,270 South Asian ancestry individuals, 14,668 Hispanic or Latin American individuals	NA	1p22.1	1	91917342		TGFBR3 - BRDT	ENSG00000069702	ENSG00000137948		11007	32001	rs12732630-A	rs12732630	0	12732630	intergenic_variant	1	0.298	2E-30	29.69897000433602		11.484	z score decrease	Affymetrix, Illumina [63372103] (imputed)	N	FEV/FVC ratio	http://www.ebi.ac.uk/efo/EFO_0004713	GCST90244094	Genome-wide genotyping array
2023-12-12	36914875	Shrine N	2023-03-13	Nat Genet	www.ncbi.nlm.nih.gov/pubmed/36914875	Multi-ancestry genome-wide association analyses improve resolution of genes and pathways influencing lung function and chronic obstructive pulmonary disease risk.	Lung function (FEV1/FVC)	475,645 European ancestry individuals, 8,590 African ancestry individuals, 85,279 East Asian ancestry individuals, 4,270 South Asian ancestry individuals, 14,668 Hispanic or Latin American individuals	NA	3p24.1	3	29428184		RBMS3			ENSG00000144642			rs17666332-T	rs17666332	0	17666332	intron_variant	0	0.749	4E-30	29.397940008672037		11.404	z score increase	Affymetrix, Illumina [63372103] (imputed)	N	FEV/FVC ratio	http://www.ebi.ac.uk/efo/EFO_0004713	GCST90244094	Genome-wide genotyping array
2023-12-12	36914875	Shrine N	2023-03-13	Nat Genet	www.ncbi.nlm.nih.gov/pubmed/36914875	Multi-ancestry genome-wide association analyses improve resolution of genes and pathways influencing lung function and chronic obstructive pulmonary disease risk.	Lung function (FEV1/FVC)	475,645 European ancestry individuals, 8,590 African ancestry individuals, 85,279 East Asian ancestry individuals, 4,270 South Asian ancestry individuals, 14,668 Hispanic or Latin American individuals	NA	2p24.3	2	15772802		LINC01804			ENSG00000231031			rs10929387-A	rs10929387	0	10929387	intron_variant	0	0.467	5E-30	29.30102999566398		11.389	z score decrease	Affymetrix, Illumina [63372103] (imputed)	N	FEV/FVC ratio	http://www.ebi.ac.uk/efo/EFO_0004713	GCST90244094	Genome-wide genotyping array
2023-12-12	36914875	Shrine N	2023-03-13	Nat Genet	www.ncbi.nlm.nih.gov/pubmed/36914875	Multi-ancestry genome-wide association analyses improve resolution of genes and pathways influencing lung function and chronic obstructive pulmonary disease risk.	Lung function (FEV1/FVC)	475,645 European ancestry individuals, 8,590 African ancestry individuals, 85,279 East Asian ancestry individuals, 4,270 South Asian ancestry individuals, 14,668 Hispanic or Latin American individuals	NA	9q31.2	9	106709885		LINC01505			ENSG00000234323			rs60568503-A	rs60568503	0	60568503	intergenic_variant	0	0.376	1E-29	29.0		11.326	z score increase	Affymetrix, Illumina [63372103] (imputed)	N	FEV/FVC ratio	http://www.ebi.ac.uk/efo/EFO_0004713	GCST90244094	Genome-wide genotyping array
2023-12-12	36914875	Shrine N	2023-03-13	Nat Genet	www.ncbi.nlm.nih.gov/pubmed/36914875	Multi-ancestry genome-wide association analyses improve resolution of genes and pathways influencing lung function and chronic obstructive pulmonary disease risk.	Lung function (FEV1/FVC)	475,645 European ancestry individuals, 8,590 African ancestry individuals, 85,279 East Asian ancestry individuals, 4,270 South Asian ancestry individuals, 14,668 Hispanic or Latin American individuals	NA	1q41	1	218347653		TGFB2, TGFB2-AS1			ENSG00000092969, ENSG00000232480			rs6658835-A	rs6658835	0	6658835	non_coding_transcript_exon_variant	0	0.715	1E-29	29.0		11.314	z score increase	Affymetrix, Illumina [63372103] (imputed)	N	FEV/FVC ratio	http://www.ebi.ac.uk/efo/EFO_0004713	GCST90244094	Genome-wide genotyping array
2023-12-12	36914875	Shrine N	2023-03-13	Nat Genet	www.ncbi.nlm.nih.gov/pubmed/36914875	Multi-ancestry genome-wide association analyses improve resolution of genes and pathways influencing lung function and chronic obstructive pulmonary disease risk.	Lung function (FEV1/FVC)	475,645 European ancestry individuals, 8,590 African ancestry individuals, 85,279 East Asian ancestry individuals, 4,270 South Asian ancestry individuals, 14,668 Hispanic or Latin American individuals	NA	5q23.1	5	122080204		LOX - ZNF474	ENSG00000113083	ENSG00000164185		1570	49342	rs840467-T	rs840467	0	840467	intergenic_variant	1	0.183	2E-29	28.69897000433602		11.273	z score increase	Affymetrix, Illumina [63372103] (imputed)	N	FEV/FVC ratio	http://www.ebi.ac.uk/efo/EFO_0004713	GCST90244094	Genome-wide genotyping array
2023-12-12	36914875	Shrine N	2023-03-13	Nat Genet	www.ncbi.nlm.nih.gov/pubmed/36914875	Multi-ancestry genome-wide association analyses improve resolution of genes and pathways influencing lung function and chronic obstructive pulmonary disease risk.	Lung function (FEV1/FVC)	475,645 European ancestry individuals, 8,590 African ancestry individuals, 85,279 East Asian ancestry individuals, 4,270 South Asian ancestry individuals, 14,668 Hispanic or Latin American individuals	NA	3p14.3	3	55119187		CACNA2D3 - LINC02017	ENSG00000157445	ENSG00000243572		44630	58985	rs1380119-A	rs1380119	0	1380119	intergenic_variant	1	0.244	1E-28	28.0		11.111	z score decrease	Affymetrix, Illumina [63372103] (imputed)	N	FEV/FVC ratio	http://www.ebi.ac.uk/efo/EFO_0004713	GCST90244094	Genome-wide genotyping array
2023-12-12	36914875	Shrine N	2023-03-13	Nat Genet	www.ncbi.nlm.nih.gov/pubmed/36914875	Multi-ancestry genome-wide association analyses improve resolution of genes and pathways influencing lung function and chronic obstructive pulmonary disease risk.	Lung function (FEV1/FVC)	475,645 European ancestry individuals, 8,590 African ancestry individuals, 85,279 East Asian ancestry individuals, 4,270 South Asian ancestry individuals, 14,668 Hispanic or Latin American individuals	NA	17q23.2	17	61208902		BCAS3			ENSG00000141376			rs11651885-A	rs11651885	0	11651885	intron_variant	0	0.766	2E-28	27.69897000433602		11.059	z score decrease	Affymetrix, Illumina [63372103] (imputed)	N	FEV/FVC ratio	http://www.ebi.ac.uk/efo/EFO_0004713	GCST90244094	Genome-wide genotyping array
2023-12-12	36914875	Shrine N	2023-03-13	Nat Genet	www.ncbi.nlm.nih.gov/pubmed/36914875	Multi-ancestry genome-wide association analyses improve resolution of genes and pathways influencing lung function and chronic obstructive pulmonary disease risk.	Lung function (FEV1/FVC)	475,645 European ancestry individuals, 8,590 African ancestry individuals, 85,279 East Asian ancestry individuals, 4,270 South Asian ancestry individuals, 14,668 Hispanic or Latin American individuals	NA	9p21.3	9	23583600		LINC03142 - SUMO2P2	ENSG00000284418	ENSG00000227607		144900	48506	rs980896-A	rs980896	0	980896	intron_variant	1	0.43	2E-28	27.69897000433602		11.049	z score increase	Affymetrix, Illumina [63372103] (imputed)	N	FEV/FVC ratio	http://www.ebi.ac.uk/efo/EFO_0004713	GCST90244094	Genome-wide genotyping array
2023-12-12	36914875	Shrine N	2023-03-13	Nat Genet	www.ncbi.nlm.nih.gov/pubmed/36914875	Multi-ancestry genome-wide association analyses improve resolution of genes and pathways influencing lung function and chronic obstructive pulmonary disease risk.	Lung function (FEV1/FVC)	475,645 European ancestry individuals, 8,590 African ancestry individuals, 85,279 East Asian ancestry individuals, 4,270 South Asian ancestry individuals, 14,668 Hispanic or Latin American individuals	NA	2p22.2	2	36497139		CRIM1			ENSG00000150938			rs1179500-A	rs1179500	0	1179500	intron_variant	0	0.696	5E-28	27.30102999566398		10.975	z score decrease	Affymetrix, Illumina [63372103] (imputed)	N	FEV/FVC ratio	http://www.ebi.ac.uk/efo/EFO_0004713	GCST90244094	Genome-wide genotyping array
2023-12-12	36914875	Shrine N	2023-03-13	Nat Genet	www.ncbi.nlm.nih.gov/pubmed/36914875	Multi-ancestry genome-wide association analyses improve resolution of genes and pathways influencing lung function and chronic obstructive pulmonary disease risk.	Lung function (FEV1/FVC)	475,645 European ancestry individuals, 8,590 African ancestry individuals, 85,279 East Asian ancestry individuals, 4,270 South Asian ancestry individuals, 14,668 Hispanic or Latin American individuals	NA	22q11.21	22	20432201		SCARF2			ENSG00000244486			rs5763025-A	rs5763025	0	5763025	intron_variant	0	0.18	2E-27	26.69897000433602		10.874	z score decrease	Affymetrix, Illumina [63372103] (imputed)	N	FEV/FVC ratio	http://www.ebi.ac.uk/efo/EFO_0004713	GCST90244094	Genome-wide genotyping array
2023-12-12	36914875	Shrine N	2023-03-13	Nat Genet	www.ncbi.nlm.nih.gov/pubmed/36914875	Multi-ancestry genome-wide association analyses improve resolution of genes and pathways influencing lung function and chronic obstructive pulmonary disease risk.	Lung function (FEV1/FVC)	475,645 European ancestry individuals, 8,590 African ancestry individuals, 85,279 East Asian ancestry individuals, 4,270 South Asian ancestry individuals, 14,668 Hispanic or Latin American individuals	NA	14q32.12	14	93045296		ITPK1			ENSG00000100605			rs35584079-A	rs35584079	0	35584079	intron_variant	0	0.128	3E-27	26.522878745280337		10.829	z score decrease	Affymetrix, Illumina [63372103] (imputed)	N	FEV/FVC ratio	http://www.ebi.ac.uk/efo/EFO_0004713	GCST90244094	Genome-wide genotyping array
2023-12-12	36914875	Shrine N	2023-03-13	Nat Genet	www.ncbi.nlm.nih.gov/pubmed/36914875	Multi-ancestry genome-wide association analyses improve resolution of genes and pathways influencing lung function and chronic obstructive pulmonary disease risk.	Lung function (FEV1/FVC)	475,645 European ancestry individuals, 8,590 African ancestry individuals, 85,279 East Asian ancestry individuals, 4,270 South Asian ancestry individuals, 14,668 Hispanic or Latin American individuals	NA	10q22.3	10	79946568		SFTPD			ENSG00000133661			rs721917-A	rs721917	0	721917	missense_variant	0	0.551	7E-21	20.154901959985743		9.381	z score increase	Affymetrix, Illumina [63372103] (imputed)	N	FEV/FVC ratio	http://www.ebi.ac.uk/efo/EFO_0004713	GCST90244094	Genome-wide genotyping array
2023-12-12	36914875	Shrine N	2023-03-13	Nat Genet	www.ncbi.nlm.nih.gov/pubmed/36914875	Multi-ancestry genome-wide association analyses improve resolution of genes and pathways influencing lung function and chronic obstructive pulmonary disease risk.	Lung function (FEV1/FVC)	475,645 European ancestry individuals, 8,590 African ancestry individuals, 85,279 East Asian ancestry individuals, 4,270 South Asian ancestry individuals, 14,668 Hispanic or Latin American individuals	NA	6p21.1	6	45562734		RUNX2			ENSG00000124813			rs12202314-T	rs12202314	0	12202314	intron_variant	0	0.684	4E-20	19.397940008672037		9.185	z score decrease	Affymetrix, Illumina [63372103] (imputed)	N	FEV/FVC ratio	http://www.ebi.ac.uk/efo/EFO_0004713	GCST90244094	Genome-wide genotyping array
2023-12-12	36914875	Shrine N	2023-03-13	Nat Genet	www.ncbi.nlm.nih.gov/pubmed/36914875	Multi-ancestry genome-wide association analyses improve resolution of genes and pathways influencing lung function and chronic obstructive pulmonary disease risk.	Lung function (FEV1/FVC)	475,645 European ancestry individuals, 8,590 African ancestry individuals, 85,279 East Asian ancestry individuals, 4,270 South Asian ancestry individuals, 14,668 Hispanic or Latin American individuals	NA	3q12.1	3	99684886		COL8A1			ENSG00000144810			rs17834371-T	rs17834371	0	17834371	intron_variant	0	0.0414	6E-20	19.221848749616356		9.136	z score increase	Affymetrix, Illumina [63372103] (imputed)	N	FEV/FVC ratio	http://www.ebi.ac.uk/efo/EFO_0004713	GCST90244094	Genome-wide genotyping array
2023-12-12	36914875	Shrine N	2023-03-13	Nat Genet	www.ncbi.nlm.nih.gov/pubmed/36914875	Multi-ancestry genome-wide association analyses improve resolution of genes and pathways influencing lung function and chronic obstructive pulmonary disease risk.	Lung function (FEV1/FVC)	475,645 European ancestry individuals, 8,590 African ancestry individuals, 85,279 East Asian ancestry individuals, 4,270 South Asian ancestry individuals, 14,668 Hispanic or Latin American individuals	NA	15q22.31	15	63539785		USP3			ENSG00000140455			rs2058914-A	rs2058914	0	2058914	intron_variant	0	0.608	2E-19	18.69897000433602		9.042	z score decrease	Affymetrix, Illumina [63372103] (imputed)	N	FEV/FVC ratio	http://www.ebi.ac.uk/efo/EFO_0004713	GCST90244094	Genome-wide genotyping array
2023-12-12	36914875	Shrine N	2023-03-13	Nat Genet	www.ncbi.nlm.nih.gov/pubmed/36914875	Multi-ancestry genome-wide association analyses improve resolution of genes and pathways influencing lung function and chronic obstructive pulmonary disease risk.	Lung function (FEV1/FVC)	475,645 European ancestry individuals, 8,590 African ancestry individuals, 85,279 East Asian ancestry individuals, 4,270 South Asian ancestry individuals, 14,668 Hispanic or Latin American individuals	NA	5q33.1	5	151217817		CCDC69, GM2A			ENSG00000198624, ENSG00000196743			rs58707188-T	rs58707188	0	58707188	intron_variant	0	0.177	3E-19	18.522878745280337		8.96	z score decrease	Affymetrix, Illumina [63372103] (imputed)	N	FEV/FVC ratio	http://www.ebi.ac.uk/efo/EFO_0004713	GCST90244094	Genome-wide genotyping array
2023-12-12	36914875	Shrine N	2023-03-13	Nat Genet	www.ncbi.nlm.nih.gov/pubmed/36914875	Multi-ancestry genome-wide association analyses improve resolution of genes and pathways influencing lung function and chronic obstructive pulmonary disease risk.	Lung function (FEV1/FVC)	475,645 European ancestry individuals, 8,590 African ancestry individuals, 85,279 East Asian ancestry individuals, 4,270 South Asian ancestry individuals, 14,668 Hispanic or Latin American individuals	NA	17q23.2	17	62642697		MRC2			ENSG00000011028			rs12452590-T	rs12452590	0	12452590	intron_variant	0	0.611	4E-19	18.397940008672037		8.945	z score increase	Affymetrix, Illumina [63372103] (imputed)	N	FEV/FVC ratio	http://www.ebi.ac.uk/efo/EFO_0004713	GCST90244094	Genome-wide genotyping array
2023-12-12	36914875	Shrine N	2023-03-13	Nat Genet	www.ncbi.nlm.nih.gov/pubmed/36914875	Multi-ancestry genome-wide association analyses improve resolution of genes and pathways influencing lung function and chronic obstructive pulmonary disease risk.	Lung function (FEV1/FVC)	475,645 European ancestry individuals, 8,590 African ancestry individuals, 85,279 East Asian ancestry individuals, 4,270 South Asian ancestry individuals, 14,668 Hispanic or Latin American individuals	NA	8p22	8	17064504		MICU3			ENSG00000155970			rs2285261-A	rs2285261	0	2285261	intron_variant	0	0.398	5E-19	18.30102999566398		8.911	z score increase	Affymetrix, Illumina [63372103] (imputed)	N	FEV/FVC ratio	http://www.ebi.ac.uk/efo/EFO_0004713	GCST90244094	Genome-wide genotyping array
2023-12-12	36914875	Shrine N	2023-03-13	Nat Genet	www.ncbi.nlm.nih.gov/pubmed/36914875	Multi-ancestry genome-wide association analyses improve resolution of genes and pathways influencing lung function and chronic obstructive pulmonary disease risk.	Lung function (FEV1/FVC)	475,645 European ancestry individuals, 8,590 African ancestry individuals, 85,279 East Asian ancestry individuals, 4,270 South Asian ancestry individuals, 14,668 Hispanic or Latin American individuals	NA	17p12	17	12290127		MAP2K4 - LINC00670	ENSG00000065559	ENSG00000179136		146297	259401	rs750065349-G	rs750065349	0	750065349	intergenic_variant	1	0.479	5E-19	18.30102999566398		8.902	z score increase	Affymetrix, Illumina [63372103] (imputed)	N	FEV/FVC ratio	http://www.ebi.ac.uk/efo/EFO_0004713	GCST90244094	Genome-wide genotyping array
2023-12-12	36914875	Shrine N	2023-03-13	Nat Genet	www.ncbi.nlm.nih.gov/pubmed/36914875	Multi-ancestry genome-wide association analyses improve resolution of genes and pathways influencing lung function and chronic obstructive pulmonary disease risk.	Lung function (FEV1/FVC)	475,645 European ancestry individuals, 8,590 African ancestry individuals, 85,279 East Asian ancestry individuals, 4,270 South Asian ancestry individuals, 14,668 Hispanic or Latin American individuals	NA	10q22.2	10	73841656		CAMK2G			ENSG00000148660			rs17630952-A	rs17630952	0	17630952	intron_variant	0	0.193	6E-19	18.221848749616356		8.901	z score decrease	Affymetrix, Illumina [63372103] (imputed)	N	FEV/FVC ratio	http://www.ebi.ac.uk/efo/EFO_0004713	GCST90244094	Genome-wide genotyping array
2023-12-12	36914875	Shrine N	2023-03-13	Nat Genet	www.ncbi.nlm.nih.gov/pubmed/36914875	Multi-ancestry genome-wide association analyses improve resolution of genes and pathways influencing lung function and chronic obstructive pulmonary disease risk.	Lung function (FEV1/FVC)	475,645 European ancestry individuals, 8,590 African ancestry individuals, 85,279 East Asian ancestry individuals, 4,270 South Asian ancestry individuals, 14,668 Hispanic or Latin American individuals	NA	2q35	2	216748562		TESHL			ENSG00000223874			rs8179795-T	rs8179795	0	8179795	intron_variant	0	0.844	6E-19	18.221848749616356		8.892	z score decrease	Affymetrix, Illumina [63372103] (imputed)	N	FEV/FVC ratio	http://www.ebi.ac.uk/efo/EFO_0004713	GCST90244094	Genome-wide genotyping array
2023-12-12	36914875	Shrine N	2023-03-13	Nat Genet	www.ncbi.nlm.nih.gov/pubmed/36914875	Multi-ancestry genome-wide association analyses improve resolution of genes and pathways influencing lung function and chronic obstructive pulmonary disease risk.	Lung function (FEV1/FVC)	475,645 European ancestry individuals, 8,590 African ancestry individuals, 85,279 East Asian ancestry individuals, 4,270 South Asian ancestry individuals, 14,668 Hispanic or Latin American individuals	NA	10p15.1	10	5620156		LASTR			ENSG00000242147			rs7093310-T	rs7093310	0	7093310	intron_variant	0	0.909	7E-19	18.154901959985743		8.872	z score increase	Affymetrix, Illumina [63372103] (imputed)	N	FEV/FVC ratio	http://www.ebi.ac.uk/efo/EFO_0004713	GCST90244094	Genome-wide genotyping array
2023-12-12	36914875	Shrine N	2023-03-13	Nat Genet	www.ncbi.nlm.nih.gov/pubmed/36914875	Multi-ancestry genome-wide association analyses improve resolution of genes and pathways influencing lung function and chronic obstructive pulmonary disease risk.	Lung function (FEV1/FVC)	475,645 European ancestry individuals, 8,590 African ancestry individuals, 85,279 East Asian ancestry individuals, 4,270 South Asian ancestry individuals, 14,668 Hispanic or Latin American individuals	NA	12q13.13	12	54034748		HOXC4, HOXC5			ENSG00000198353, ENSG00000172789			rs2071450-T	rs2071450	0	2071450	3_prime_UTR_variant	0	0.398	9E-19	18.045757490560675		8.848	z score decrease	Affymetrix, Illumina [63372103] (imputed)	N	FEV/FVC ratio	http://www.ebi.ac.uk/efo/EFO_0004713	GCST90244094	Genome-wide genotyping array
2023-12-12	36914875	Shrine N	2023-03-13	Nat Genet	www.ncbi.nlm.nih.gov/pubmed/36914875	Multi-ancestry genome-wide association analyses improve resolution of genes and pathways influencing lung function and chronic obstructive pulmonary disease risk.	Lung function (FEV1/FVC)	475,645 European ancestry individuals, 8,590 African ancestry individuals, 85,279 East Asian ancestry individuals, 4,270 South Asian ancestry individuals, 14,668 Hispanic or Latin American individuals	NA	5q23.3	5	129418124		ADAMTS19-AS1			ENSG00000249421			rs72663375-C	rs72663375	0	72663375	intron_variant	0	0.122	2E-18	17.69897000433602		8.789	z score increase	Affymetrix, Illumina [63372103] (imputed)	N	FEV/FVC ratio	http://www.ebi.ac.uk/efo/EFO_0004713	GCST90244094	Genome-wide genotyping array
2023-12-12	36914875	Shrine N	2023-03-13	Nat Genet	www.ncbi.nlm.nih.gov/pubmed/36914875	Multi-ancestry genome-wide association analyses improve resolution of genes and pathways influencing lung function and chronic obstructive pulmonary disease risk.	Lung function (FEV1/FVC)	475,645 European ancestry individuals, 8,590 African ancestry individuals, 85,279 East Asian ancestry individuals, 4,270 South Asian ancestry individuals, 14,668 Hispanic or Latin American individuals	NA	6p22.3	6	22728267		LINC03005 - RPL6P18	ENSG00000306913	ENSG00000218476		10270	374413	rs10946577-A	rs10946577	0	10946577	intron_variant	1	0.736	2E-18	17.69897000433602		8.764	z score increase	Affymetrix, Illumina [63372103] (imputed)	N	FEV/FVC ratio	http://www.ebi.ac.uk/efo/EFO_0004713	GCST90244094	Genome-wide genotyping array
2023-12-12	36914875	Shrine N	2023-03-13	Nat Genet	www.ncbi.nlm.nih.gov/pubmed/36914875	Multi-ancestry genome-wide association analyses improve resolution of genes and pathways influencing lung function and chronic obstructive pulmonary disease risk.	Lung function (FEV1/FVC)	475,645 European ancestry individuals, 8,590 African ancestry individuals, 85,279 East Asian ancestry individuals, 4,270 South Asian ancestry individuals, 14,668 Hispanic or Latin American individuals	NA	20q11.21	20	32451579		NOL4L			ENSG00000197183			rs910888-A	rs910888	0	910888	non_coding_transcript_exon_variant	0	0.178	2E-18	17.69897000433602		8.762	z score decrease	Affymetrix, Illumina [63372103] (imputed)	N	FEV/FVC ratio	http://www.ebi.ac.uk/efo/EFO_0004713	GCST90244094	Genome-wide genotyping array
2023-12-12	36914875	Shrine N	2023-03-13	Nat Genet	www.ncbi.nlm.nih.gov/pubmed/36914875	Multi-ancestry genome-wide association analyses improve resolution of genes and pathways influencing lung function and chronic obstructive pulmonary disease risk.	Lung function (FEV1/FVC)	475,645 European ancestry individuals, 8,590 African ancestry individuals, 85,279 East Asian ancestry individuals, 4,270 South Asian ancestry individuals, 14,668 Hispanic or Latin American individuals	NA	10p13	10	13877625		FRMD4A			ENSG00000151474			rs1881586-T	rs1881586	0	1881586	intron_variant	0	0.556	2E-18	17.69897000433602		8.756	z score increase	Affymetrix, Illumina [63372103] (imputed)	N	FEV/FVC ratio	http://www.ebi.ac.uk/efo/EFO_0004713	GCST90244094	Genome-wide genotyping array
2023-12-12	36914875	Shrine N	2023-03-13	Nat Genet	www.ncbi.nlm.nih.gov/pubmed/36914875	Multi-ancestry genome-wide association analyses improve resolution of genes and pathways influencing lung function and chronic obstructive pulmonary disease risk.	Lung function (FEV1/FVC)	475,645 European ancestry individuals, 8,590 African ancestry individuals, 85,279 East Asian ancestry individuals, 4,270 South Asian ancestry individuals, 14,668 Hispanic or Latin American individuals	NA	12q13.13	12	51954475		ACVR1B			ENSG00000135503			rs7962469-A	rs7962469	0	7962469	intron_variant	0	0.363	2E-18	17.69897000433602		8.738	z score increase	Affymetrix, Illumina [63372103] (imputed)	N	FEV/FVC ratio	http://www.ebi.ac.uk/efo/EFO_0004713	GCST90244094	Genome-wide genotyping array
2023-12-12	36914875	Shrine N	2023-03-13	Nat Genet	www.ncbi.nlm.nih.gov/pubmed/36914875	Multi-ancestry genome-wide association analyses improve resolution of genes and pathways influencing lung function and chronic obstructive pulmonary disease risk.	Lung function (FEV1/FVC)	475,645 European ancestry individuals, 8,590 African ancestry individuals, 85,279 East Asian ancestry individuals, 4,270 South Asian ancestry individuals, 14,668 Hispanic or Latin American individuals	NA	2q32.1	2	186654611		ITGAV			ENSG00000138448			rs9333290-T	rs9333290	0	9333290	intron_variant	0	0.239	2E-18	17.69897000433602		8.735	z score decrease	Affymetrix, Illumina [63372103] (imputed)	N	FEV/FVC ratio	http://www.ebi.ac.uk/efo/EFO_0004713	GCST90244094	Genome-wide genotyping array
2023-12-12	36914875	Shrine N	2023-03-13	Nat Genet	www.ncbi.nlm.nih.gov/pubmed/36914875	Multi-ancestry genome-wide association analyses improve resolution of genes and pathways influencing lung function and chronic obstructive pulmonary disease risk.	Lung function (FEV1/FVC)	475,645 European ancestry individuals, 8,590 African ancestry individuals, 85,279 East Asian ancestry individuals, 4,270 South Asian ancestry individuals, 14,668 Hispanic or Latin American individuals	NA	16q22.1	16	67617976		CTCF			ENSG00000102974			rs16957489-A	rs16957489	0	16957489	intron_variant	0	0.123	3E-18	17.522878745280337		8.728	z score increase	Affymetrix, Illumina [63372103] (imputed)	N	FEV/FVC ratio	http://www.ebi.ac.uk/efo/EFO_0004713	GCST90244094	Genome-wide genotyping array
2023-12-12	36914875	Shrine N	2023-03-13	Nat Genet	www.ncbi.nlm.nih.gov/pubmed/36914875	Multi-ancestry genome-wide association analyses improve resolution of genes and pathways influencing lung function and chronic obstructive pulmonary disease risk.	Lung function (FEV1/FVC)	475,645 European ancestry individuals, 8,590 African ancestry individuals, 85,279 East Asian ancestry individuals, 4,270 South Asian ancestry individuals, 14,668 Hispanic or Latin American individuals	NA	4q13.3	4	74751362		BTC			ENSG00000174808			rs62316311-A	rs62316311	0	62316311	intron_variant	0	0.227	3E-18	17.522878745280337		8.727	z score increase	Affymetrix, Illumina [63372103] (imputed)	N	FEV/FVC ratio	http://www.ebi.ac.uk/efo/EFO_0004713	GCST90244094	Genome-wide genotyping array
2023-12-12	36914875	Shrine N	2023-03-13	Nat Genet	www.ncbi.nlm.nih.gov/pubmed/36914875	Multi-ancestry genome-wide association analyses improve resolution of genes and pathways influencing lung function and chronic obstructive pulmonary disease risk.	Lung function (FEV1/FVC)	475,645 European ancestry individuals, 8,590 African ancestry individuals, 85,279 East Asian ancestry individuals, 4,270 South Asian ancestry individuals, 14,668 Hispanic or Latin American individuals	NA	5q23.1	5	120759853		RNU4-69P - RPL23AP44	ENSG00000222609	ENSG00000244088		49013	815995	rs12517895-C	rs12517895	0	12517895	intron_variant	1	0.415	3E-18	17.522878745280337		8.726	z score decrease	Affymetrix, Illumina [63372103] (imputed)	N	FEV/FVC ratio	http://www.ebi.ac.uk/efo/EFO_0004713	GCST90244094	Genome-wide genotyping array
2023-12-12	36914875	Shrine N	2023-03-13	Nat Genet	www.ncbi.nlm.nih.gov/pubmed/36914875	Multi-ancestry genome-wide association analyses improve resolution of genes and pathways influencing lung function and chronic obstructive pulmonary disease risk.	Lung function (FEV1/FVC)	475,645 European ancestry individuals, 8,590 African ancestry individuals, 85,279 East Asian ancestry individuals, 4,270 South Asian ancestry individuals, 14,668 Hispanic or Latin American individuals	NA	2q31.1	2	173207353		MAP3K20-AS1, MAP3K20			ENSG00000238133, ENSG00000091436			rs4972534-A	rs4972534	0	4972534	intron_variant	0	0.408	3E-18	17.522878745280337		8.705	z score decrease	Affymetrix, Illumina [63372103] (imputed)	N	FEV/FVC ratio	http://www.ebi.ac.uk/efo/EFO_0004713	GCST90244094	Genome-wide genotyping array
2023-12-12	36914875	Shrine N	2023-03-13	Nat Genet	www.ncbi.nlm.nih.gov/pubmed/36914875	Multi-ancestry genome-wide association analyses improve resolution of genes and pathways influencing lung function and chronic obstructive pulmonary disease risk.	Lung function (FEV1/FVC)	475,645 European ancestry individuals, 8,590 African ancestry individuals, 85,279 East Asian ancestry individuals, 4,270 South Asian ancestry individuals, 14,668 Hispanic or Latin American individuals	NA	1q22	1	155197995		THBS3-AS1, THBS3			ENSG00000231064, ENSG00000169231			rs41264915-A	rs41264915	0	41264915	intron_variant	0	0.901	3E-18	17.522878745280337		8.704	z score increase	Affymetrix, Illumina [63372103] (imputed)	N	FEV/FVC ratio	http://www.ebi.ac.uk/efo/EFO_0004713	GCST90244094	Genome-wide genotyping array
2023-12-12	36914875	Shrine N	2023-03-13	Nat Genet	www.ncbi.nlm.nih.gov/pubmed/36914875	Multi-ancestry genome-wide association analyses improve resolution of genes and pathways influencing lung function and chronic obstructive pulmonary disease risk.	Lung function (FEV1/FVC)	475,645 European ancestry individuals, 8,590 African ancestry individuals, 85,279 East Asian ancestry individuals, 4,270 South Asian ancestry individuals, 14,668 Hispanic or Latin American individuals	NA	5q33.3	5	157481645		ADAM19			ENSG00000135074			rs11134767-T	rs11134767	0	11134767	missense_variant	0	0.0634	5E-18	17.30102999566398		8.644	z score decrease	Affymetrix, Illumina [63372103] (imputed)	N	FEV/FVC ratio	http://www.ebi.ac.uk/efo/EFO_0004713	GCST90244094	Genome-wide genotyping array
2023-12-12	36914875	Shrine N	2023-03-13	Nat Genet	www.ncbi.nlm.nih.gov/pubmed/36914875	Multi-ancestry genome-wide association analyses improve resolution of genes and pathways influencing lung function and chronic obstructive pulmonary disease risk.	Lung function (FEV1/FVC)	475,645 European ancestry individuals, 8,590 African ancestry individuals, 85,279 East Asian ancestry individuals, 4,270 South Asian ancestry individuals, 14,668 Hispanic or Latin American individuals	NA	16q12.2	16	53901495		FTO			ENSG00000140718			rs35420030-T	rs35420030	0	35420030	intron_variant	0	0.948	8E-18	17.096910013008056		8.596	z score decrease	Affymetrix, Illumina [63372103] (imputed)	N	FEV/FVC ratio	http://www.ebi.ac.uk/efo/EFO_0004713	GCST90244094	Genome-wide genotyping array
2023-12-12	36914875	Shrine N	2023-03-13	Nat Genet	www.ncbi.nlm.nih.gov/pubmed/36914875	Multi-ancestry genome-wide association analyses improve resolution of genes and pathways influencing lung function and chronic obstructive pulmonary disease risk.	Lung function (FEV1/FVC)	475,645 European ancestry individuals, 8,590 African ancestry individuals, 85,279 East Asian ancestry individuals, 4,270 South Asian ancestry individuals, 14,668 Hispanic or Latin American individuals	NA	3p13	3	73810810		LINC02005			ENSG00000242741			rs291536-T	rs291536	0	291536	intron_variant	0	0.556	2E-17	16.69897000433602		8.527	z score decrease	Affymetrix, Illumina [63372103] (imputed)	N	FEV/FVC ratio	http://www.ebi.ac.uk/efo/EFO_0004713	GCST90244094	Genome-wide genotyping array
2023-12-12	36914875	Shrine N	2023-03-13	Nat Genet	www.ncbi.nlm.nih.gov/pubmed/36914875	Multi-ancestry genome-wide association analyses improve resolution of genes and pathways influencing lung function and chronic obstructive pulmonary disease risk.	Lung function (FEV1/FVC)	475,645 European ancestry individuals, 8,590 African ancestry individuals, 85,279 East Asian ancestry individuals, 4,270 South Asian ancestry individuals, 14,668 Hispanic or Latin American individuals	NA	8q23.1	8	108414065		EIF3E			ENSG00000104408			rs1955032-T	rs1955032	0	1955032	intergenic_variant	0	0.355	2E-17	16.69897000433602		8.517	z score increase	Affymetrix, Illumina [63372103] (imputed)	N	FEV/FVC ratio	http://www.ebi.ac.uk/efo/EFO_0004713	GCST90244094	Genome-wide genotyping array
2023-12-12	36914875	Shrine N	2023-03-13	Nat Genet	www.ncbi.nlm.nih.gov/pubmed/36914875	Multi-ancestry genome-wide association analyses improve resolution of genes and pathways influencing lung function and chronic obstructive pulmonary disease risk.	Lung function (FEV1/FVC)	475,645 European ancestry individuals, 8,590 African ancestry individuals, 85,279 East Asian ancestry individuals, 4,270 South Asian ancestry individuals, 14,668 Hispanic or Latin American individuals	NA	2q24.3	2	168640320		CERS6			ENSG00000172292			rs6433080-A	rs6433080	0	6433080	intron_variant	0	0.766	2E-17	16.69897000433602		8.489	z score decrease	Affymetrix, Illumina [63372103] (imputed)	N	FEV/FVC ratio	http://www.ebi.ac.uk/efo/EFO_0004713	GCST90244094	Genome-wide genotyping array
2023-12-12	36914875	Shrine N	2023-03-13	Nat Genet	www.ncbi.nlm.nih.gov/pubmed/36914875	Multi-ancestry genome-wide association analyses improve resolution of genes and pathways influencing lung function and chronic obstructive pulmonary disease risk.	Lung function (FEV1/FVC)	475,645 European ancestry individuals, 8,590 African ancestry individuals, 85,279 East Asian ancestry individuals, 4,270 South Asian ancestry individuals, 14,668 Hispanic or Latin American individuals	NA	4p16.1	4	7892687		AFAP1			ENSG00000196526			rs28370977-T	rs28370977	0	28370977	intron_variant	0	0.48	2E-17	16.69897000433602		8.483	z score decrease	Affymetrix, Illumina [63372103] (imputed)	N	FEV/FVC ratio	http://www.ebi.ac.uk/efo/EFO_0004713	GCST90244094	Genome-wide genotyping array
2023-12-12	36914875	Shrine N	2023-03-13	Nat Genet	www.ncbi.nlm.nih.gov/pubmed/36914875	Multi-ancestry genome-wide association analyses improve resolution of genes and pathways influencing lung function and chronic obstructive pulmonary disease risk.	Lung function (FEV1/FVC)	475,645 European ancestry individuals, 8,590 African ancestry individuals, 85,279 East Asian ancestry individuals, 4,270 South Asian ancestry individuals, 14,668 Hispanic or Latin American individuals	NA	2p14	2	66860520		LINC01798			ENSG00000232046			rs13018626-T	rs13018626	0	13018626	intron_variant	0	0.0625	4E-17	16.397940008672037		8.426	z score decrease	Affymetrix, Illumina [63372103] (imputed)	N	FEV/FVC ratio	http://www.ebi.ac.uk/efo/EFO_0004713	GCST90244094	Genome-wide genotyping array
2023-12-12	36914875	Shrine N	2023-03-13	Nat Genet	www.ncbi.nlm.nih.gov/pubmed/36914875	Multi-ancestry genome-wide association analyses improve resolution of genes and pathways influencing lung function and chronic obstructive pulmonary disease risk.	Lung function (FEV1/FVC)	475,645 European ancestry individuals, 8,590 African ancestry individuals, 85,279 East Asian ancestry individuals, 4,270 South Asian ancestry individuals, 14,668 Hispanic or Latin American individuals	NA	9q31.2	9	107408719		RAD23B - LINC01509	ENSG00000119318	ENSG00000226825		76527	11472	rs61147355-A	rs61147355	0	61147355	intergenic_variant	1	0.141	5E-17	16.30102999566398		8.399	z score increase	Affymetrix, Illumina [63372103] (imputed)	N	FEV/FVC ratio	http://www.ebi.ac.uk/efo/EFO_0004713	GCST90244094	Genome-wide genotyping array
2023-12-12	36914875	Shrine N	2023-03-13	Nat Genet	www.ncbi.nlm.nih.gov/pubmed/36914875	Multi-ancestry genome-wide association analyses improve resolution of genes and pathways influencing lung function and chronic obstructive pulmonary disease risk.	Lung function (FEV1/FVC)	475,645 European ancestry individuals, 8,590 African ancestry individuals, 85,279 East Asian ancestry individuals, 4,270 South Asian ancestry individuals, 14,668 Hispanic or Latin American individuals	NA	13q14.11	13	44249337		LINC02938			ENSG00000230731			rs9567395-T	rs9567395	0	9567395	intron_variant	0	0.245	6E-17	16.221848749616356		8.373	z score decrease	Affymetrix, Illumina [63372103] (imputed)	N	FEV/FVC ratio	http://www.ebi.ac.uk/efo/EFO_0004713	GCST90244094	Genome-wide genotyping array
2023-12-12	36914875	Shrine N	2023-03-13	Nat Genet	www.ncbi.nlm.nih.gov/pubmed/36914875	Multi-ancestry genome-wide association analyses improve resolution of genes and pathways influencing lung function and chronic obstructive pulmonary disease risk.	Lung function (FEV1/FVC)	475,645 European ancestry individuals, 8,590 African ancestry individuals, 85,279 East Asian ancestry individuals, 4,270 South Asian ancestry individuals, 14,668 Hispanic or Latin American individuals	NA	4p16.3	4	1802549		FGFR3			ENSG00000068078			rs3135877-A	rs3135877	0	3135877	intron_variant	0	0.0478	8E-17	16.096910013008056		8.332	z score increase	Affymetrix, Illumina [63372103] (imputed)	N	FEV/FVC ratio	http://www.ebi.ac.uk/efo/EFO_0004713	GCST90244094	Genome-wide genotyping array
2023-12-12	36914875	Shrine N	2023-03-13	Nat Genet	www.ncbi.nlm.nih.gov/pubmed/36914875	Multi-ancestry genome-wide association analyses improve resolution of genes and pathways influencing lung function and chronic obstructive pulmonary disease risk.	Lung function (FEV1/FVC)	475,645 European ancestry individuals, 8,590 African ancestry individuals, 85,279 East Asian ancestry individuals, 4,270 South Asian ancestry individuals, 14,668 Hispanic or Latin American individuals	NA	3p25.1	3	13879097		WNT7A			ENSG00000154764			rs73151668-T	rs73151668	0	73151668	intron_variant	0	0.14	1E-16	16.0		8.292	z score increase	Affymetrix, Illumina [63372103] (imputed)	N	FEV/FVC ratio	http://www.ebi.ac.uk/efo/EFO_0004713	GCST90244094	Genome-wide genotyping array
2023-12-12	36914875	Shrine N	2023-03-13	Nat Genet	www.ncbi.nlm.nih.gov/pubmed/36914875	Multi-ancestry genome-wide association analyses improve resolution of genes and pathways influencing lung function and chronic obstructive pulmonary disease risk.	Lung function (FEV1/FVC)	475,645 European ancestry individuals, 8,590 African ancestry individuals, 85,279 East Asian ancestry individuals, 4,270 South Asian ancestry individuals, 14,668 Hispanic or Latin American individuals	NA	1p34.3	1	39535388		PPIEL, PPIEL			ENSG00000291129, ENSG00000243970			rs12035330-A	rs12035330	0	12035330	intron_variant	0	0.708	1E-16	16.0		8.271	z score increase	Affymetrix, Illumina [63372103] (imputed)	N	FEV/FVC ratio	http://www.ebi.ac.uk/efo/EFO_0004713	GCST90244094	Genome-wide genotyping array
2023-12-12	36914875	Shrine N	2023-03-13	Nat Genet	www.ncbi.nlm.nih.gov/pubmed/36914875	Multi-ancestry genome-wide association analyses improve resolution of genes and pathways influencing lung function and chronic obstructive pulmonary disease risk.	Lung function (FEV1/FVC)	475,645 European ancestry individuals, 8,590 African ancestry individuals, 85,279 East Asian ancestry individuals, 4,270 South Asian ancestry individuals, 14,668 Hispanic or Latin American individuals	NA	1q41	1	218573521		U3 - NXNP1	ENSG00000221496	ENSG00000226693		31622	308079	rs62817-C	rs62817	0	62817	intergenic_variant	1	0.441	2E-16	15.698970004336019		8.205	z score decrease	Affymetrix, Illumina [63372103] (imputed)	N	FEV/FVC ratio	http://www.ebi.ac.uk/efo/EFO_0004713	GCST90244094	Genome-wide genotyping array
2023-12-12	36914875	Shrine N	2023-03-13	Nat Genet	www.ncbi.nlm.nih.gov/pubmed/36914875	Multi-ancestry genome-wide association analyses improve resolution of genes and pathways influencing lung function and chronic obstructive pulmonary disease risk.	Lung function (FEV1/FVC)	475,645 European ancestry individuals, 8,590 African ancestry individuals, 85,279 East Asian ancestry individuals, 4,270 South Asian ancestry individuals, 14,668 Hispanic or Latin American individuals	NA	12q13.2	12	56080595		ERBB3			ENSG00000065361			rs3741499-T	rs3741499	0	3741499	intron_variant	0	0.334	3E-16	15.522878745280337		8.195	z score decrease	Affymetrix, Illumina [63372103] (imputed)	N	FEV/FVC ratio	http://www.ebi.ac.uk/efo/EFO_0004713	GCST90244094	Genome-wide genotyping array
2023-12-12	36914875	Shrine N	2023-03-13	Nat Genet	www.ncbi.nlm.nih.gov/pubmed/36914875	Multi-ancestry genome-wide association analyses improve resolution of genes and pathways influencing lung function and chronic obstructive pulmonary disease risk.	Lung function (FEV1/FVC)	475,645 European ancestry individuals, 8,590 African ancestry individuals, 85,279 East Asian ancestry individuals, 4,270 South Asian ancestry individuals, 14,668 Hispanic or Latin American individuals	NA	22q12.1	22	27790299		MN1			ENSG00000169184			rs5762354-A	rs5762354	0	5762354	intron_variant	0	0.209	3E-16	15.522878745280337		8.187	z score increase	Affymetrix, Illumina [63372103] (imputed)	N	FEV/FVC ratio	http://www.ebi.ac.uk/efo/EFO_0004713	GCST90244094	Genome-wide genotyping array
2023-12-12	36914875	Shrine N	2023-03-13	Nat Genet	www.ncbi.nlm.nih.gov/pubmed/36914875	Multi-ancestry genome-wide association analyses improve resolution of genes and pathways influencing lung function and chronic obstructive pulmonary disease risk.	Lung function (FEV1/FVC)	475,645 European ancestry individuals, 8,590 African ancestry individuals, 85,279 East Asian ancestry individuals, 4,270 South Asian ancestry individuals, 14,668 Hispanic or Latin American individuals	NA	3q26.31	3	172103100		FNDC3B			ENSG00000075420			rs62283811-T	rs62283811	0	62283811	intron_variant	0	0.0725	3E-16	15.522878745280337		8.185	z score increase	Affymetrix, Illumina [63372103] (imputed)	N	FEV/FVC ratio	http://www.ebi.ac.uk/efo/EFO_0004713	GCST90244094	Genome-wide genotyping array
2023-12-12	36914875	Shrine N	2023-03-13	Nat Genet	www.ncbi.nlm.nih.gov/pubmed/36914875	Multi-ancestry genome-wide association analyses improve resolution of genes and pathways influencing lung function and chronic obstructive pulmonary disease risk.	Lung function (FEV1/FVC)	475,645 European ancestry individuals, 8,590 African ancestry individuals, 85,279 East Asian ancestry individuals, 4,270 South Asian ancestry individuals, 14,668 Hispanic or Latin American individuals	NA	2q37.3	2	237315312		COPS8 - COL6A3	ENSG00000198612	ENSG00000163359		214838	8691	rs11677932-A	rs11677932	0	11677932	regulatory_region_variant	1	0.32	3E-16	15.522878745280337		8.184	z score increase	Affymetrix, Illumina [63372103] (imputed)	N	FEV/FVC ratio	http://www.ebi.ac.uk/efo/EFO_0004713	GCST90244094	Genome-wide genotyping array
2023-12-12	36914875	Shrine N	2023-03-13	Nat Genet	www.ncbi.nlm.nih.gov/pubmed/36914875	Multi-ancestry genome-wide association analyses improve resolution of genes and pathways influencing lung function and chronic obstructive pulmonary disease risk.	Lung function (FEV1/FVC)	475,645 European ancestry individuals, 8,590 African ancestry individuals, 85,279 East Asian ancestry individuals, 4,270 South Asian ancestry individuals, 14,668 Hispanic or Latin American individuals	NA	15q21.1	15	49117330		COPS2			ENSG00000166200			rs79234094-A	rs79234094	0	79234094	intergenic_variant	0	0.252	3E-16	15.522878745280337		8.18	z score increase	Affymetrix, Illumina [63372103] (imputed)	N	FEV/FVC ratio	http://www.ebi.ac.uk/efo/EFO_0004713	GCST90244094	Genome-wide genotyping array
2023-12-12	36914875	Shrine N	2023-03-13	Nat Genet	www.ncbi.nlm.nih.gov/pubmed/36914875	Multi-ancestry genome-wide association analyses improve resolution of genes and pathways influencing lung function and chronic obstructive pulmonary disease risk.	Lung function (FEV1/FVC)	475,645 European ancestry individuals, 8,590 African ancestry individuals, 85,279 East Asian ancestry individuals, 4,270 South Asian ancestry individuals, 14,668 Hispanic or Latin American individuals	NA	10q24.33	10	103770328		SH3PXD2A			ENSG00000107957			rs10748849-T	rs10748849	0	10748849	intron_variant	0	0.385	3E-16	15.522878745280337		8.18	z score increase	Affymetrix, Illumina [63372103] (imputed)	N	FEV/FVC ratio	http://www.ebi.ac.uk/efo/EFO_0004713	GCST90244094	Genome-wide genotyping array
2023-12-12	36914875	Shrine N	2023-03-13	Nat Genet	www.ncbi.nlm.nih.gov/pubmed/36914875	Multi-ancestry genome-wide association analyses improve resolution of genes and pathways influencing lung function and chronic obstructive pulmonary disease risk.	Lung function (FEV1/FVC)	475,645 European ancestry individuals, 8,590 African ancestry individuals, 85,279 East Asian ancestry individuals, 4,270 South Asian ancestry individuals, 14,668 Hispanic or Latin American individuals	NA	16q21	16	57995042		ZNF319			ENSG00000166188			rs1055273-A	rs1055273	0	1055273	3_prime_UTR_variant	0	0.0818	3E-16	15.522878745280337		8.177	z score increase	Affymetrix, Illumina [63372103] (imputed)	N	FEV/FVC ratio	http://www.ebi.ac.uk/efo/EFO_0004713	GCST90244094	Genome-wide genotyping array
2023-12-12	36914875	Shrine N	2023-03-13	Nat Genet	www.ncbi.nlm.nih.gov/pubmed/36914875	Multi-ancestry genome-wide association analyses improve resolution of genes and pathways influencing lung function and chronic obstructive pulmonary disease risk.	Lung function (FEV1/FVC)	475,645 European ancestry individuals, 8,590 African ancestry individuals, 85,279 East Asian ancestry individuals, 4,270 South Asian ancestry individuals, 14,668 Hispanic or Latin American individuals	NA	5q35.3	5	179266962		ADAMTS2			ENSG00000087116			rs17079284-T	rs17079284	0	17079284	intron_variant	0	0.95	3E-16	15.522878745280337		8.171	z score decrease	Affymetrix, Illumina [63372103] (imputed)	N	FEV/FVC ratio	http://www.ebi.ac.uk/efo/EFO_0004713	GCST90244094	Genome-wide genotyping array
2023-12-12	36914875	Shrine N	2023-03-13	Nat Genet	www.ncbi.nlm.nih.gov/pubmed/36914875	Multi-ancestry genome-wide association analyses improve resolution of genes and pathways influencing lung function and chronic obstructive pulmonary disease risk.	Lung function (FEV1/FVC)	475,645 European ancestry individuals, 8,590 African ancestry individuals, 85,279 East Asian ancestry individuals, 4,270 South Asian ancestry individuals, 14,668 Hispanic or Latin American individuals	NA	4p14	4	36270218		ARAP2 - DTHD1	ENSG00000047365	ENSG00000197057		25441	11398	rs115503647-A	rs115503647	0	115503647	intron_variant	1	0.95	4E-16	15.397940008672037		8.145	z score increase	Affymetrix, Illumina [63372103] (imputed)	N	FEV/FVC ratio	http://www.ebi.ac.uk/efo/EFO_0004713	GCST90244094	Genome-wide genotyping array
2023-12-12	36914875	Shrine N	2023-03-13	Nat Genet	www.ncbi.nlm.nih.gov/pubmed/36914875	Multi-ancestry genome-wide association analyses improve resolution of genes and pathways influencing lung function and chronic obstructive pulmonary disease risk.	Lung function (FEV1/FVC)	475,645 European ancestry individuals, 8,590 African ancestry individuals, 85,279 East Asian ancestry individuals, 4,270 South Asian ancestry individuals, 14,668 Hispanic or Latin American individuals	NA	1p22.1	1	91565553		WDR82P2 - HSP90B3P	ENSG00000241318	ENSG00000203914		29960	76963	rs17502103-T	rs17502103	0	17502103	intron_variant	1	0.718	6E-16	15.221848749616356		8.095	z score increase	Affymetrix, Illumina [63372103] (imputed)	N	FEV/FVC ratio	http://www.ebi.ac.uk/efo/EFO_0004713	GCST90244094	Genome-wide genotyping array
2023-12-12	36914875	Shrine N	2023-03-13	Nat Genet	www.ncbi.nlm.nih.gov/pubmed/36914875	Multi-ancestry genome-wide association analyses improve resolution of genes and pathways influencing lung function and chronic obstructive pulmonary disease risk.	Lung function (FEV1/FVC)	475,645 European ancestry individuals, 8,590 African ancestry individuals, 85,279 East Asian ancestry individuals, 4,270 South Asian ancestry individuals, 14,668 Hispanic or Latin American individuals	NA	1p36.22	1	9434181		LINC02606			ENSG00000284693			rs72864356-A	rs72864356	0	72864356	intron_variant	0	0.101	6E-16	15.221848749616356		8.088	z score increase	Affymetrix, Illumina [63372103] (imputed)	N	FEV/FVC ratio	http://www.ebi.ac.uk/efo/EFO_0004713	GCST90244094	Genome-wide genotyping array
2023-12-12	36914875	Shrine N	2023-03-13	Nat Genet	www.ncbi.nlm.nih.gov/pubmed/36914875	Multi-ancestry genome-wide association analyses improve resolution of genes and pathways influencing lung function and chronic obstructive pulmonary disease risk.	Lung function (FEV1/FVC)	475,645 European ancestry individuals, 8,590 African ancestry individuals, 85,279 East Asian ancestry individuals, 4,270 South Asian ancestry individuals, 14,668 Hispanic or Latin American individuals	NA	12p12.2	12	20233722		LINC02468 - PDE3A-AS1	ENSG00000256499	ENSG00000256879		97559	127762	rs274995-T	rs274995	0	274995	intergenic_variant	1	0.516	6E-16	15.221848749616356		8.082	z score increase	Affymetrix, Illumina [63372103] (imputed)	N	FEV/FVC ratio	http://www.ebi.ac.uk/efo/EFO_0004713	GCST90244094	Genome-wide genotyping array
2023-12-12	36914875	Shrine N	2023-03-13	Nat Genet	www.ncbi.nlm.nih.gov/pubmed/36914875	Multi-ancestry genome-wide association analyses improve resolution of genes and pathways influencing lung function and chronic obstructive pulmonary disease risk.	Lung function (FEV1/FVC)	475,645 European ancestry individuals, 8,590 African ancestry individuals, 85,279 East Asian ancestry individuals, 4,270 South Asian ancestry individuals, 14,668 Hispanic or Latin American individuals	NA	12p12.3	12	15115865		RERG			ENSG00000134533			rs10846139-T	rs10846139	0	10846139	intron_variant	0	0.535	8E-16	15.096910013008056		8.061	z score increase	Affymetrix, Illumina [63372103] (imputed)	N	FEV/FVC ratio	http://www.ebi.ac.uk/efo/EFO_0004713	GCST90244094	Genome-wide genotyping array
2023-12-12	36914875	Shrine N	2023-03-13	Nat Genet	www.ncbi.nlm.nih.gov/pubmed/36914875	Multi-ancestry genome-wide association analyses improve resolution of genes and pathways influencing lung function and chronic obstructive pulmonary disease risk.	Lung function (FEV1/FVC)	475,645 European ancestry individuals, 8,590 African ancestry individuals, 85,279 East Asian ancestry individuals, 4,270 South Asian ancestry individuals, 14,668 Hispanic or Latin American individuals	NA	15q15.1	15	40104990		BMF			ENSG00000104081			rs34245505-C	rs34245505	0	34245505	intron_variant	0	0.816	1E-15	15.0		8.018	z score decrease	Affymetrix, Illumina [63372103] (imputed)	N	FEV/FVC ratio	http://www.ebi.ac.uk/efo/EFO_0004713	GCST90244094	Genome-wide genotyping array
2023-12-12	36914875	Shrine N	2023-03-13	Nat Genet	www.ncbi.nlm.nih.gov/pubmed/36914875	Multi-ancestry genome-wide association analyses improve resolution of genes and pathways influencing lung function and chronic obstructive pulmonary disease risk.	Lung function (FEV1)	475,645 European ancestry individuals, 8,590 African ancestry individuals, 85,279 East Asian ancestry individuals, 4,270 South Asian ancestry individuals, 14,668 Hispanic or Latin American individuals	NA	2q37.1	2	232172140		DIS3L2			ENSG00000144535			rs759018650-G	rs759018650	1	3072160	intron_variant	0	0.172	1E-10	10.0		6.411	z score decrease	Affymetrix, Illumina [63380712] (imputed)	N	forced expiratory volume	http://www.ebi.ac.uk/efo/EFO_0004314	GCST90244092	Genome-wide genotyping array
2023-12-12	36914875	Shrine N	2023-03-13	Nat Genet	www.ncbi.nlm.nih.gov/pubmed/36914875	Multi-ancestry genome-wide association analyses improve resolution of genes and pathways influencing lung function and chronic obstructive pulmonary disease risk.	Lung function (FEV1)	475,645 European ancestry individuals, 8,590 African ancestry individuals, 85,279 East Asian ancestry individuals, 4,270 South Asian ancestry individuals, 14,668 Hispanic or Latin American individuals	NA	9q31.2	9	106757349		LINC01505			ENSG00000234323			rs959064-T	rs959064	0	959064	intergenic_variant	0	0.852	2E-10	9.698970004336019		6.394	z score increase	Affymetrix, Illumina [63380712] (imputed)	N	forced expiratory volume	http://www.ebi.ac.uk/efo/EFO_0004314	GCST90244092	Genome-wide genotyping array
2023-12-12	36914875	Shrine N	2023-03-13	Nat Genet	www.ncbi.nlm.nih.gov/pubmed/36914875	Multi-ancestry genome-wide association analyses improve resolution of genes and pathways influencing lung function and chronic obstructive pulmonary disease risk.	Lung function (FEV1)	475,645 European ancestry individuals, 8,590 African ancestry individuals, 85,279 East Asian ancestry individuals, 4,270 South Asian ancestry individuals, 14,668 Hispanic or Latin American individuals	NA											chr21:36066523-CTGCCTCAGCCTCCGAAAG	chr21:36066523	0			1	0.809	2E-10	9.698970004336019		6.39	z score increase	Affymetrix, Illumina [63380712] (imputed)	N	forced expiratory volume	http://www.ebi.ac.uk/efo/EFO_0004314	GCST90244092	Genome-wide genotyping array
2023-12-12	36914875	Shrine N	2023-03-13	Nat Genet	www.ncbi.nlm.nih.gov/pubmed/36914875	Multi-ancestry genome-wide association analyses improve resolution of genes and pathways influencing lung function and chronic obstructive pulmonary disease risk.	Lung function (FEV1)	475,645 European ancestry individuals, 8,590 African ancestry individuals, 85,279 East Asian ancestry individuals, 4,270 South Asian ancestry individuals, 14,668 Hispanic or Latin American individuals	NA	9q21.31	9	81140293		RPS19P6 - RPS20P25	ENSG00000234637	ENSG00000228375		357523	269986	rs62579839-T	rs62579839	0	62579839	intergenic_variant	1	0.757	2E-10	9.698970004336019		6.387	z score decrease	Affymetrix, Illumina [63380712] (imputed)	N	forced expiratory volume	http://www.ebi.ac.uk/efo/EFO_0004314	GCST90244092	Genome-wide genotyping array
2023-12-12	36914875	Shrine N	2023-03-13	Nat Genet	www.ncbi.nlm.nih.gov/pubmed/36914875	Multi-ancestry genome-wide association analyses improve resolution of genes and pathways influencing lung function and chronic obstructive pulmonary disease risk.	Lung function (FEV1)	475,645 European ancestry individuals, 8,590 African ancestry individuals, 85,279 East Asian ancestry individuals, 4,270 South Asian ancestry individuals, 14,668 Hispanic or Latin American individuals	NA	10q11.23	10	50978258		MIX23P2 - PRKG1	ENSG00000236944	ENSG00000185532		14900	12630	rs2456758-A	rs2456758	0	2456758	intergenic_variant	1	0.115	2E-10	9.698970004336019		6.383	z score decrease	Affymetrix, Illumina [63380712] (imputed)	N	forced expiratory volume	http://www.ebi.ac.uk/efo/EFO_0004314	GCST90244092	Genome-wide genotyping array
2023-12-12	36914875	Shrine N	2023-03-13	Nat Genet	www.ncbi.nlm.nih.gov/pubmed/36914875	Multi-ancestry genome-wide association analyses improve resolution of genes and pathways influencing lung function and chronic obstructive pulmonary disease risk.	Lung function (FEV1)	475,645 European ancestry individuals, 8,590 African ancestry individuals, 85,279 East Asian ancestry individuals, 4,270 South Asian ancestry individuals, 14,668 Hispanic or Latin American individuals	NA	11q13.2	11	68406721		LRP5			ENSG00000162337			rs4988321-A	rs4988321	0	4988321	missense_variant	0	0.0495	2E-10	9.698970004336019		6.383	z score decrease	Affymetrix, Illumina [63380712] (imputed)	N	forced expiratory volume	http://www.ebi.ac.uk/efo/EFO_0004314	GCST90244092	Genome-wide genotyping array
2023-12-12	36914875	Shrine N	2023-03-13	Nat Genet	www.ncbi.nlm.nih.gov/pubmed/36914875	Multi-ancestry genome-wide association analyses improve resolution of genes and pathways influencing lung function and chronic obstructive pulmonary disease risk.	Lung function (FEV1)	475,645 European ancestry individuals, 8,590 African ancestry individuals, 85,279 East Asian ancestry individuals, 4,270 South Asian ancestry individuals, 14,668 Hispanic or Latin American individuals	NA	11p15.4	11	10378867		AMPD3			ENSG00000133805			rs2923120-T	rs2923120	0	2923120	intron_variant	0	0.504	2E-10	9.698970004336019		6.367	z score decrease	Affymetrix, Illumina [63380712] (imputed)	N	forced expiratory volume	http://www.ebi.ac.uk/efo/EFO_0004314	GCST90244092	Genome-wide genotyping array
2023-12-12	36914875	Shrine N	2023-03-13	Nat Genet	www.ncbi.nlm.nih.gov/pubmed/36914875	Multi-ancestry genome-wide association analyses improve resolution of genes and pathways influencing lung function and chronic obstructive pulmonary disease risk.	Lung function (FEV1)	475,645 European ancestry individuals, 8,590 African ancestry individuals, 85,279 East Asian ancestry individuals, 4,270 South Asian ancestry individuals, 14,668 Hispanic or Latin American individuals	NA	9q21.32	9	82510804		MTCO3P40 - RPS6P12	ENSG00000228046	ENSG00000233309		82779	233263	rs10121079-A	rs10121079	0	10121079	intron_variant	1	0.664	2E-10	9.698970004336019		6.357	z score increase	Affymetrix, Illumina [63380712] (imputed)	N	forced expiratory volume	http://www.ebi.ac.uk/efo/EFO_0004314	GCST90244092	Genome-wide genotyping array
2023-12-12	36914875	Shrine N	2023-03-13	Nat Genet	www.ncbi.nlm.nih.gov/pubmed/36914875	Multi-ancestry genome-wide association analyses improve resolution of genes and pathways influencing lung function and chronic obstructive pulmonary disease risk.	Lung function (FEV1)	475,645 European ancestry individuals, 8,590 African ancestry individuals, 85,279 East Asian ancestry individuals, 4,270 South Asian ancestry individuals, 14,668 Hispanic or Latin American individuals	NA	3p24.2	3	25663512		TOP2B			ENSG00000077097			rs60962207-A	rs60962207	0	60962207	intron_variant	0	0.175	2E-10	9.698970004336019		6.355	z score increase	Affymetrix, Illumina [63380712] (imputed)	N	forced expiratory volume	http://www.ebi.ac.uk/efo/EFO_0004314	GCST90244092	Genome-wide genotyping array
2023-12-12	36914875	Shrine N	2023-03-13	Nat Genet	www.ncbi.nlm.nih.gov/pubmed/36914875	Multi-ancestry genome-wide association analyses improve resolution of genes and pathways influencing lung function and chronic obstructive pulmonary disease risk.	Lung function (FEV1)	475,645 European ancestry individuals, 8,590 African ancestry individuals, 85,279 East Asian ancestry individuals, 4,270 South Asian ancestry individuals, 14,668 Hispanic or Latin American individuals	NA	2p21	2	42063897		PKDCC - EML4-AS1	ENSG00000162878	ENSG00000224875		5372	78520	rs1440099-T	rs1440099	0	1440099	regulatory_region_variant	1	0.611	2E-10	9.698970004336019		6.354	z score decrease	Affymetrix, Illumina [63380712] (imputed)	N	forced expiratory volume	http://www.ebi.ac.uk/efo/EFO_0004314	GCST90244092	Genome-wide genotyping array
2023-12-12	36914875	Shrine N	2023-03-13	Nat Genet	www.ncbi.nlm.nih.gov/pubmed/36914875	Multi-ancestry genome-wide association analyses improve resolution of genes and pathways influencing lung function and chronic obstructive pulmonary disease risk.	Lung function (FEV1)	475,645 European ancestry individuals, 8,590 African ancestry individuals, 85,279 East Asian ancestry individuals, 4,270 South Asian ancestry individuals, 14,668 Hispanic or Latin American individuals	NA	7p21.1	7	20377088		ITGB8			ENSG00000105855			rs12700186-T	rs12700186	0	12700186	intron_variant	0	0.586	2E-10	9.698970004336019		6.351	z score decrease	Affymetrix, Illumina [63380712] (imputed)	N	forced expiratory volume	http://www.ebi.ac.uk/efo/EFO_0004314	GCST90244092	Genome-wide genotyping array
2023-12-12	36914875	Shrine N	2023-03-13	Nat Genet	www.ncbi.nlm.nih.gov/pubmed/36914875	Multi-ancestry genome-wide association analyses improve resolution of genes and pathways influencing lung function and chronic obstructive pulmonary disease risk.	Lung function (FEV1)	475,645 European ancestry individuals, 8,590 African ancestry individuals, 85,279 East Asian ancestry individuals, 4,270 South Asian ancestry individuals, 14,668 Hispanic or Latin American individuals	NA	7p14.1	7	39268922		POU6F2			ENSG00000106536			rs3923295-A	rs3923295	0	3923295	intron_variant	0	0.778	2E-10	9.698970004336019		6.338	z score decrease	Affymetrix, Illumina [63380712] (imputed)	N	forced expiratory volume	http://www.ebi.ac.uk/efo/EFO_0004314	GCST90244092	Genome-wide genotyping array
2023-12-12	36914875	Shrine N	2023-03-13	Nat Genet	www.ncbi.nlm.nih.gov/pubmed/36914875	Multi-ancestry genome-wide association analyses improve resolution of genes and pathways influencing lung function and chronic obstructive pulmonary disease risk.	Lung function (FEV1)	475,645 European ancestry individuals, 8,590 African ancestry individuals, 85,279 East Asian ancestry individuals, 4,270 South Asian ancestry individuals, 14,668 Hispanic or Latin American individuals	NA	10q21.2	10	62489411		ZNF365 - LINC02929	ENSG00000138311	ENSG00000285551		9123	31037	rs7083350-T	rs7083350	0	7083350	intron_variant	1	0.357	2E-10	9.698970004336019		6.328	z score increase	Affymetrix, Illumina [63380712] (imputed)	N	forced expiratory volume	http://www.ebi.ac.uk/efo/EFO_0004314	GCST90244092	Genome-wide genotyping array
2023-12-12	36914875	Shrine N	2023-03-13	Nat Genet	www.ncbi.nlm.nih.gov/pubmed/36914875	Multi-ancestry genome-wide association analyses improve resolution of genes and pathways influencing lung function and chronic obstructive pulmonary disease risk.	Lung function (FEV1)	475,645 European ancestry individuals, 8,590 African ancestry individuals, 85,279 East Asian ancestry individuals, 4,270 South Asian ancestry individuals, 14,668 Hispanic or Latin American individuals	NA	11p13	11	32474659		WT1-AS			ENSG00000183242			rs78531912-C	rs78531912	0	78531912	intron_variant	0	0.961	3E-10	9.522878745280337		6.298	z score decrease	Affymetrix, Illumina [63380712] (imputed)	N	forced expiratory volume	http://www.ebi.ac.uk/efo/EFO_0004314	GCST90244092	Genome-wide genotyping array
2023-12-12	36914875	Shrine N	2023-03-13	Nat Genet	www.ncbi.nlm.nih.gov/pubmed/36914875	Multi-ancestry genome-wide association analyses improve resolution of genes and pathways influencing lung function and chronic obstructive pulmonary disease risk.	Lung function (FEV1)	475,645 European ancestry individuals, 8,590 African ancestry individuals, 85,279 East Asian ancestry individuals, 4,270 South Asian ancestry individuals, 14,668 Hispanic or Latin American individuals	NA	4q21.21	4	78895447		PAQR3, BMP2K			ENSG00000163291, ENSG00000138756			rs2033061-T	rs2033061	0	2033061	intron_variant	0	0.929	3E-10	9.522878745280337		6.279	z score decrease	Affymetrix, Illumina [63380712] (imputed)	N	forced expiratory volume	http://www.ebi.ac.uk/efo/EFO_0004314	GCST90244092	Genome-wide genotyping array
2023-12-12	36914875	Shrine N	2023-03-13	Nat Genet	www.ncbi.nlm.nih.gov/pubmed/36914875	Multi-ancestry genome-wide association analyses improve resolution of genes and pathways influencing lung function and chronic obstructive pulmonary disease risk.	Lung function (FEV1)	475,645 European ancestry individuals, 8,590 African ancestry individuals, 85,279 East Asian ancestry individuals, 4,270 South Asian ancestry individuals, 14,668 Hispanic or Latin American individuals	NA	1p36.22	1	10652408		CASZ1			ENSG00000130940			rs10157038-T	rs10157038	0	10157038	non_coding_transcript_exon_variant	0	0.0418	3E-10	9.522878745280337		6.276	z score decrease	Affymetrix, Illumina [63380712] (imputed)	N	forced expiratory volume	http://www.ebi.ac.uk/efo/EFO_0004314	GCST90244092	Genome-wide genotyping array
2023-12-12	36914875	Shrine N	2023-03-13	Nat Genet	www.ncbi.nlm.nih.gov/pubmed/36914875	Multi-ancestry genome-wide association analyses improve resolution of genes and pathways influencing lung function and chronic obstructive pulmonary disease risk.	Lung function (FEV1)	475,645 European ancestry individuals, 8,590 African ancestry individuals, 85,279 East Asian ancestry individuals, 4,270 South Asian ancestry individuals, 14,668 Hispanic or Latin American individuals	NA	18q12.1	18	32387370		GAREM1			ENSG00000141441			rs16963287-A	rs16963287	0	16963287	intron_variant	0	0.834	4E-10	9.397940008672037		6.251	z score decrease	Affymetrix, Illumina [63380712] (imputed)	N	forced expiratory volume	http://www.ebi.ac.uk/efo/EFO_0004314	GCST90244092	Genome-wide genotyping array
2023-12-12	36914875	Shrine N	2023-03-13	Nat Genet	www.ncbi.nlm.nih.gov/pubmed/36914875	Multi-ancestry genome-wide association analyses improve resolution of genes and pathways influencing lung function and chronic obstructive pulmonary disease risk.	Lung function (FEV1)	475,645 European ancestry individuals, 8,590 African ancestry individuals, 85,279 East Asian ancestry individuals, 4,270 South Asian ancestry individuals, 14,668 Hispanic or Latin American individuals	NA	15q21.3	15	52864618		LINC02490			ENSG00000259237			rs2456513-A	rs2456513	0	2456513	intron_variant	0	0.694	4E-10	9.397940008672037		6.247	z score increase	Affymetrix, Illumina [63380712] (imputed)	N	forced expiratory volume	http://www.ebi.ac.uk/efo/EFO_0004314	GCST90244092	Genome-wide genotyping array
2023-12-12	36914875	Shrine N	2023-03-13	Nat Genet	www.ncbi.nlm.nih.gov/pubmed/36914875	Multi-ancestry genome-wide association analyses improve resolution of genes and pathways influencing lung function and chronic obstructive pulmonary disease risk.	Lung function (FEV1)	475,645 European ancestry individuals, 8,590 African ancestry individuals, 85,279 East Asian ancestry individuals, 4,270 South Asian ancestry individuals, 14,668 Hispanic or Latin American individuals	NA	7q11.23	7	73427937		Y_RNA - FZD9	ENSG00000238723	ENSG00000188763		24048	5841	rs42121-T	rs42121	0	42121	intergenic_variant	1	0.104	4E-10	9.397940008672037		6.244	z score increase	Affymetrix, Illumina [63380712] (imputed)	N	forced expiratory volume	http://www.ebi.ac.uk/efo/EFO_0004314	GCST90244092	Genome-wide genotyping array
2023-12-12	36914875	Shrine N	2023-03-13	Nat Genet	www.ncbi.nlm.nih.gov/pubmed/36914875	Multi-ancestry genome-wide association analyses improve resolution of genes and pathways influencing lung function and chronic obstructive pulmonary disease risk.	Lung function (FEV1)	475,645 European ancestry individuals, 8,590 African ancestry individuals, 85,279 East Asian ancestry individuals, 4,270 South Asian ancestry individuals, 14,668 Hispanic or Latin American individuals	NA	5q13.3	5	77302062		PDE8B, PDE8B			ENSG00000284762, ENSG00000113231			rs35689253-A	rs35689253	0	35689253	intron_variant	0	0.548	4E-10	9.397940008672037		6.238	z score increase	Affymetrix, Illumina [63380712] (imputed)	N	forced expiratory volume	http://www.ebi.ac.uk/efo/EFO_0004314	GCST90244092	Genome-wide genotyping array
2023-12-12	36914875	Shrine N	2023-03-13	Nat Genet	www.ncbi.nlm.nih.gov/pubmed/36914875	Multi-ancestry genome-wide association analyses improve resolution of genes and pathways influencing lung function and chronic obstructive pulmonary disease risk.	Lung function (FEV1)	475,645 European ancestry individuals, 8,590 African ancestry individuals, 85,279 East Asian ancestry individuals, 4,270 South Asian ancestry individuals, 14,668 Hispanic or Latin American individuals	NA	5q14.1	5	79138468		DMGDH			ENSG00000132837			rs2364596-T	rs2364596	0	2364596	intergenic_variant	0	0.385	5E-10	9.301029995663981		6.233	z score increase	Affymetrix, Illumina [63380712] (imputed)	N	forced expiratory volume	http://www.ebi.ac.uk/efo/EFO_0004314	GCST90244092	Genome-wide genotyping array
2023-12-12	36914875	Shrine N	2023-03-13	Nat Genet	www.ncbi.nlm.nih.gov/pubmed/36914875	Multi-ancestry genome-wide association analyses improve resolution of genes and pathways influencing lung function and chronic obstructive pulmonary disease risk.	Lung function (FEV1)	475,645 European ancestry individuals, 8,590 African ancestry individuals, 85,279 East Asian ancestry individuals, 4,270 South Asian ancestry individuals, 14,668 Hispanic or Latin American individuals	NA	15q23	15	71320058		THSD4			ENSG00000187720			rs1441357-A	rs1441357	0	1441357	intron_variant	0	0.0958	5E-10	9.301029995663981		6.232	z score decrease	Affymetrix, Illumina [63380712] (imputed)	N	forced expiratory volume	http://www.ebi.ac.uk/efo/EFO_0004314	GCST90244092	Genome-wide genotyping array
2023-12-12	36914875	Shrine N	2023-03-13	Nat Genet	www.ncbi.nlm.nih.gov/pubmed/36914875	Multi-ancestry genome-wide association analyses improve resolution of genes and pathways influencing lung function and chronic obstructive pulmonary disease risk.	Lung function (FEV1)	475,645 European ancestry individuals, 8,590 African ancestry individuals, 85,279 East Asian ancestry individuals, 4,270 South Asian ancestry individuals, 14,668 Hispanic or Latin American individuals	NA											chr9:96907137-G	chr9:96907137	0			1	0.249	5E-10	9.301029995663981		6.229	z score decrease	Affymetrix, Illumina [63380712] (imputed)	N	forced expiratory volume	http://www.ebi.ac.uk/efo/EFO_0004314	GCST90244092	Genome-wide genotyping array
2023-12-12	36914875	Shrine N	2023-03-13	Nat Genet	www.ncbi.nlm.nih.gov/pubmed/36914875	Multi-ancestry genome-wide association analyses improve resolution of genes and pathways influencing lung function and chronic obstructive pulmonary disease risk.	Lung function (FEV1)	475,645 European ancestry individuals, 8,590 African ancestry individuals, 85,279 East Asian ancestry individuals, 4,270 South Asian ancestry individuals, 14,668 Hispanic or Latin American individuals	NA	8q11.21	8	48025668		UBE2V2			ENSG00000169139			rs13270953-T	rs13270953	0	13270953	intron_variant	0	0.242	5E-10	9.301029995663981		6.22	z score decrease	Affymetrix, Illumina [63380712] (imputed)	N	forced expiratory volume	http://www.ebi.ac.uk/efo/EFO_0004314	GCST90244092	Genome-wide genotyping array
2023-12-12	36914875	Shrine N	2023-03-13	Nat Genet	www.ncbi.nlm.nih.gov/pubmed/36914875	Multi-ancestry genome-wide association analyses improve resolution of genes and pathways influencing lung function and chronic obstructive pulmonary disease risk.	Lung function (FEV1)	475,645 European ancestry individuals, 8,590 African ancestry individuals, 85,279 East Asian ancestry individuals, 4,270 South Asian ancestry individuals, 14,668 Hispanic or Latin American individuals	NA	5q13.3	5	77570830		WDR41			ENSG00000164253			rs13361688-A	rs13361688	0	13361688	intergenic_variant	0	0.272	5E-10	9.301029995663981		6.22	z score decrease	Affymetrix, Illumina [63380712] (imputed)	N	forced expiratory volume	http://www.ebi.ac.uk/efo/EFO_0004314	GCST90244092	Genome-wide genotyping array
2023-12-12	36914875	Shrine N	2023-03-13	Nat Genet	www.ncbi.nlm.nih.gov/pubmed/36914875	Multi-ancestry genome-wide association analyses improve resolution of genes and pathways influencing lung function and chronic obstructive pulmonary disease risk.	Lung function (forced vital capacity)	475,645 European ancestry individuals, 8,590 African ancestry individuals, 85,279 East Asian ancestry individuals, 4,270 South Asian ancestry individuals, 14,668 Hispanic or Latin American individuals	NA	2p24.2	2	18521047		KCNS3 - RDH14	ENSG00000170745	ENSG00000240857		159431	33676	rs13430465-T	rs13430465	0	13430465	intron_variant	1	0.167	3E-25	24.522878745280337		10.386	z score increase	Affymetrix, Illumina [63372548] (imputed)	N	vital capacity	http://www.ebi.ac.uk/efo/EFO_0004312	GCST90244093	Genome-wide genotyping array
2023-12-12	36914875	Shrine N	2023-03-13	Nat Genet	www.ncbi.nlm.nih.gov/pubmed/36914875	Multi-ancestry genome-wide association analyses improve resolution of genes and pathways influencing lung function and chronic obstructive pulmonary disease risk.	Lung function (forced vital capacity)	475,645 European ancestry individuals, 8,590 African ancestry individuals, 85,279 East Asian ancestry individuals, 4,270 South Asian ancestry individuals, 14,668 Hispanic or Latin American individuals	NA	10q26.13	10	122457898		HTRA1-AS1			ENSG00000285955			rs78973239-T	rs78973239	0	78973239	intron_variant	0	0.901	8E-24	23.096910013008056		10.064	z score increase	Affymetrix, Illumina [63372548] (imputed)	N	vital capacity	http://www.ebi.ac.uk/efo/EFO_0004312	GCST90244093	Genome-wide genotyping array
2023-12-12	36914875	Shrine N	2023-03-13	Nat Genet	www.ncbi.nlm.nih.gov/pubmed/36914875	Multi-ancestry genome-wide association analyses improve resolution of genes and pathways influencing lung function and chronic obstructive pulmonary disease risk.	Lung function (forced vital capacity)	475,645 European ancestry individuals, 8,590 African ancestry individuals, 85,279 East Asian ancestry individuals, 4,270 South Asian ancestry individuals, 14,668 Hispanic or Latin American individuals	NA	6p24.3	6	7710819		RPL29P1 - BMP6	ENSG00000236512	ENSG00000153162		89941	15230	rs9392919-A	rs9392919	0	9392919	intergenic_variant	1	0.508	3E-23	22.522878745280337		9.932	z score increase	Affymetrix, Illumina [63372548] (imputed)	N	vital capacity	http://www.ebi.ac.uk/efo/EFO_0004312	GCST90244093	Genome-wide genotyping array
2023-12-12	36914875	Shrine N	2023-03-13	Nat Genet	www.ncbi.nlm.nih.gov/pubmed/36914875	Multi-ancestry genome-wide association analyses improve resolution of genes and pathways influencing lung function and chronic obstructive pulmonary disease risk.	Lung function (forced vital capacity)	475,645 European ancestry individuals, 8,590 African ancestry individuals, 85,279 East Asian ancestry individuals, 4,270 South Asian ancestry individuals, 14,668 Hispanic or Latin American individuals	NA	3p13	3	71534232		FOXP1			ENSG00000114861			rs62244884-A	rs62244884	0	62244884	intron_variant	0	0.357	4E-23	22.397940008672037		9.899	z score increase	Affymetrix, Illumina [63372548] (imputed)	N	vital capacity	http://www.ebi.ac.uk/efo/EFO_0004312	GCST90244093	Genome-wide genotyping array
2023-12-12	36914875	Shrine N	2023-03-13	Nat Genet	www.ncbi.nlm.nih.gov/pubmed/36914875	Multi-ancestry genome-wide association analyses improve resolution of genes and pathways influencing lung function and chronic obstructive pulmonary disease risk.	Lung function (forced vital capacity)	475,645 European ancestry individuals, 8,590 African ancestry individuals, 85,279 East Asian ancestry individuals, 4,270 South Asian ancestry individuals, 14,668 Hispanic or Latin American individuals	NA	2q21.3	2	136008381		DARS1-AS1			ENSG00000231890			rs309137-T	rs309137	0	309137	intron_variant	0	0.672	8E-23	22.096910013008056		9.833	z score decrease	Affymetrix, Illumina [63372548] (imputed)	N	vital capacity	http://www.ebi.ac.uk/efo/EFO_0004312	GCST90244093	Genome-wide genotyping array
2023-12-12	36914875	Shrine N	2023-03-13	Nat Genet	www.ncbi.nlm.nih.gov/pubmed/36914875	Multi-ancestry genome-wide association analyses improve resolution of genes and pathways influencing lung function and chronic obstructive pulmonary disease risk.	Lung function (forced vital capacity)	475,645 European ancestry individuals, 8,590 African ancestry individuals, 85,279 East Asian ancestry individuals, 4,270 South Asian ancestry individuals, 14,668 Hispanic or Latin American individuals	NA	5p13.3	5	33351727		LINC02160 - TARS1-DT	ENSG00000251443	ENSG00000249572		42231	67010	rs268715-A	rs268715	0	268715	intergenic_variant	1	0.141	1E-22	22.0		9.804	z score increase	Affymetrix, Illumina [63372548] (imputed)	N	vital capacity	http://www.ebi.ac.uk/efo/EFO_0004312	GCST90244093	Genome-wide genotyping array
2023-12-12	36914875	Shrine N	2023-03-13	Nat Genet	www.ncbi.nlm.nih.gov/pubmed/36914875	Multi-ancestry genome-wide association analyses improve resolution of genes and pathways influencing lung function and chronic obstructive pulmonary disease risk.	Lung function (forced vital capacity)	475,645 European ancestry individuals, 8,590 African ancestry individuals, 85,279 East Asian ancestry individuals, 4,270 South Asian ancestry individuals, 14,668 Hispanic or Latin American individuals	NA	2q33.1	2	198858641		PLCL1 - RNU7-147P	ENSG00000115896	ENSG00000238698		286060	332418	rs1249096-A	rs1249096	0	1249096	intergenic_variant	1	0.504	2E-22	21.69897000433602		9.739	z score increase	Affymetrix, Illumina [63372548] (imputed)	N	vital capacity	http://www.ebi.ac.uk/efo/EFO_0004312	GCST90244093	Genome-wide genotyping array
2023-12-12	36914875	Shrine N	2023-03-13	Nat Genet	www.ncbi.nlm.nih.gov/pubmed/36914875	Multi-ancestry genome-wide association analyses improve resolution of genes and pathways influencing lung function and chronic obstructive pulmonary disease risk.	Lung function (forced vital capacity)	475,645 European ancestry individuals, 8,590 African ancestry individuals, 85,279 East Asian ancestry individuals, 4,270 South Asian ancestry individuals, 14,668 Hispanic or Latin American individuals	NA	14q24.3	14	74348536		VRTN			ENSG00000133980			rs2286425-T	rs2286425	0	2286425	5_prime_UTR_variant	0	0.529	3E-21	20.522878745280337		9.473	z score decrease	Affymetrix, Illumina [63372548] (imputed)	N	vital capacity	http://www.ebi.ac.uk/efo/EFO_0004312	GCST90244093	Genome-wide genotyping array
2023-12-12	36914875	Shrine N	2023-03-13	Nat Genet	www.ncbi.nlm.nih.gov/pubmed/36914875	Multi-ancestry genome-wide association analyses improve resolution of genes and pathways influencing lung function and chronic obstructive pulmonary disease risk.	Lung function (forced vital capacity)	475,645 European ancestry individuals, 8,590 African ancestry individuals, 85,279 East Asian ancestry individuals, 4,270 South Asian ancestry individuals, 14,668 Hispanic or Latin American individuals	NA	11p11.2	11	43665068		MIR670HG			ENSG00000235661			rs6485438-A	rs6485438	0	6485438	intron_variant	0	0.291	3E-21	20.522878745280337		9.463	z score decrease	Affymetrix, Illumina [63372548] (imputed)	N	vital capacity	http://www.ebi.ac.uk/efo/EFO_0004312	GCST90244093	Genome-wide genotyping array
2023-12-12	36914875	Shrine N	2023-03-13	Nat Genet	www.ncbi.nlm.nih.gov/pubmed/36914875	Multi-ancestry genome-wide association analyses improve resolution of genes and pathways influencing lung function and chronic obstructive pulmonary disease risk.	Lung function (forced vital capacity)	475,645 European ancestry individuals, 8,590 African ancestry individuals, 85,279 East Asian ancestry individuals, 4,270 South Asian ancestry individuals, 14,668 Hispanic or Latin American individuals	NA	2q37.3	2	241561247		BOK			ENSG00000176720			rs876531-T	rs876531	0	876531	intron_variant	0	0.44	4E-21	20.397940008672037		9.446	z score decrease	Affymetrix, Illumina [63372548] (imputed)	N	vital capacity	http://www.ebi.ac.uk/efo/EFO_0004312	GCST90244093	Genome-wide genotyping array
2023-12-12	36914875	Shrine N	2023-03-13	Nat Genet	www.ncbi.nlm.nih.gov/pubmed/36914875	Multi-ancestry genome-wide association analyses improve resolution of genes and pathways influencing lung function and chronic obstructive pulmonary disease risk.	Lung function (forced vital capacity)	475,645 European ancestry individuals, 8,590 African ancestry individuals, 85,279 East Asian ancestry individuals, 4,270 South Asian ancestry individuals, 14,668 Hispanic or Latin American individuals	NA	19q13.2	19	40620235		LTBP4			ENSG00000090006			rs28571670-A	rs28571670	0	28571670	intron_variant	0	0.592	9E-21	20.045757490560675		9.346	z score decrease	Affymetrix, Illumina [63372548] (imputed)	N	vital capacity	http://www.ebi.ac.uk/efo/EFO_0004312	GCST90244093	Genome-wide genotyping array
2023-12-12	36914875	Shrine N	2023-03-13	Nat Genet	www.ncbi.nlm.nih.gov/pubmed/36914875	Multi-ancestry genome-wide association analyses improve resolution of genes and pathways influencing lung function and chronic obstructive pulmonary disease risk.	Lung function (forced vital capacity)	475,645 European ancestry individuals, 8,590 African ancestry individuals, 85,279 East Asian ancestry individuals, 4,270 South Asian ancestry individuals, 14,668 Hispanic or Latin American individuals	NA	1p12	1	118321979		RNA5SP56 - PSMC1P12	ENSG00000222209	ENSG00000226126		57490	292354	rs7536458-T	rs7536458	0	7536458	intergenic_variant	1	0.727	2E-20	19.69897000433602		9.242	z score decrease	Affymetrix, Illumina [63372548] (imputed)	N	vital capacity	http://www.ebi.ac.uk/efo/EFO_0004312	GCST90244093	Genome-wide genotyping array
2023-12-12	36914875	Shrine N	2023-03-13	Nat Genet	www.ncbi.nlm.nih.gov/pubmed/36914875	Multi-ancestry genome-wide association analyses improve resolution of genes and pathways influencing lung function and chronic obstructive pulmonary disease risk.	Lung function (forced vital capacity)	475,645 European ancestry individuals, 8,590 African ancestry individuals, 85,279 East Asian ancestry individuals, 4,270 South Asian ancestry individuals, 14,668 Hispanic or Latin American individuals	NA	17q23.2	17	61419288		TBX2-AS1 - TBX4	ENSG00000267280	ENSG00000121075		5983	32618	rs2079795-T	rs2079795	0	2079795	intergenic_variant	1	0.338	5E-20	19.30102999566398		9.163	z score decrease	Affymetrix, Illumina [63372548] (imputed)	N	vital capacity	http://www.ebi.ac.uk/efo/EFO_0004312	GCST90244093	Genome-wide genotyping array
2023-12-12	36914875	Shrine N	2023-03-13	Nat Genet	www.ncbi.nlm.nih.gov/pubmed/36914875	Multi-ancestry genome-wide association analyses improve resolution of genes and pathways influencing lung function and chronic obstructive pulmonary disease risk.	Lung function (forced vital capacity)	475,645 European ancestry individuals, 8,590 African ancestry individuals, 85,279 East Asian ancestry individuals, 4,270 South Asian ancestry individuals, 14,668 Hispanic or Latin American individuals	NA	15q23	15	67347791		IQCH, IQCH-AS1			ENSG00000103599, ENSG00000259673			rs35688953-T	rs35688953	0	35688953	intron_variant	0	0.726	7E-20	19.154901959985743		9.134	z score increase	Affymetrix, Illumina [63372548] (imputed)	N	vital capacity	http://www.ebi.ac.uk/efo/EFO_0004312	GCST90244093	Genome-wide genotyping array
2023-12-12	36914875	Shrine N	2023-03-13	Nat Genet	www.ncbi.nlm.nih.gov/pubmed/36914875	Multi-ancestry genome-wide association analyses improve resolution of genes and pathways influencing lung function and chronic obstructive pulmonary disease risk.	Lung function (forced vital capacity)	475,645 European ancestry individuals, 8,590 African ancestry individuals, 85,279 East Asian ancestry individuals, 4,270 South Asian ancestry individuals, 14,668 Hispanic or Latin American individuals	NA	3q12.1	3	99701348		COL8A1			ENSG00000144810			rs1610265-T	rs1610265	0	1610265	intron_variant	0	0.0832	4E-19	18.397940008672037		8.931	z score decrease	Affymetrix, Illumina [63372548] (imputed)	N	vital capacity	http://www.ebi.ac.uk/efo/EFO_0004312	GCST90244093	Genome-wide genotyping array
2023-12-12	36914875	Shrine N	2023-03-13	Nat Genet	www.ncbi.nlm.nih.gov/pubmed/36914875	Multi-ancestry genome-wide association analyses improve resolution of genes and pathways influencing lung function and chronic obstructive pulmonary disease risk.	Lung function (forced vital capacity)	475,645 European ancestry individuals, 8,590 African ancestry individuals, 85,279 East Asian ancestry individuals, 4,270 South Asian ancestry individuals, 14,668 Hispanic or Latin American individuals	NA	5q14.1	5	78143883		AP3B1			ENSG00000132842			rs55769512-T	rs55769512	0	55769512	intron_variant	0	0.797	4E-19	18.397940008672037		8.93	z score increase	Affymetrix, Illumina [63372548] (imputed)	N	vital capacity	http://www.ebi.ac.uk/efo/EFO_0004312	GCST90244093	Genome-wide genotyping array
2023-12-12	36914875	Shrine N	2023-03-13	Nat Genet	www.ncbi.nlm.nih.gov/pubmed/36914875	Multi-ancestry genome-wide association analyses improve resolution of genes and pathways influencing lung function and chronic obstructive pulmonary disease risk.	Lung function (forced vital capacity)	475,645 European ancestry individuals, 8,590 African ancestry individuals, 85,279 East Asian ancestry individuals, 4,270 South Asian ancestry individuals, 14,668 Hispanic or Latin American individuals	NA	4q31.21	4	144737912		HHIP			ENSG00000164161			rs11727676-T	rs11727676	0	11727676	synonymous_variant	0	0.906	6E-19	18.221848749616356		8.89	z score increase	Affymetrix, Illumina [63372548] (imputed)	N	vital capacity	http://www.ebi.ac.uk/efo/EFO_0004312	GCST90244093	Genome-wide genotyping array
2023-12-12	36914875	Shrine N	2023-03-13	Nat Genet	www.ncbi.nlm.nih.gov/pubmed/36914875	Multi-ancestry genome-wide association analyses improve resolution of genes and pathways influencing lung function and chronic obstructive pulmonary disease risk.	Lung function (forced vital capacity)	475,645 European ancestry individuals, 8,590 African ancestry individuals, 85,279 East Asian ancestry individuals, 4,270 South Asian ancestry individuals, 14,668 Hispanic or Latin American individuals	NA	5q33.3	5	158941789		EBF1			ENSG00000164330			rs7443323-A	rs7443323	0	7443323	intron_variant	0	0.251	1E-18	18.0		8.84	z score decrease	Affymetrix, Illumina [63372548] (imputed)	N	vital capacity	http://www.ebi.ac.uk/efo/EFO_0004312	GCST90244093	Genome-wide genotyping array
2023-12-12	36914875	Shrine N	2023-03-13	Nat Genet	www.ncbi.nlm.nih.gov/pubmed/36914875	Multi-ancestry genome-wide association analyses improve resolution of genes and pathways influencing lung function and chronic obstructive pulmonary disease risk.	Lung function (forced vital capacity)	475,645 European ancestry individuals, 8,590 African ancestry individuals, 85,279 East Asian ancestry individuals, 4,270 South Asian ancestry individuals, 14,668 Hispanic or Latin American individuals	NA	17q24.3	17	70981343		CALM2P1 - CASC17	ENSG00000267170	ENSG00000260785		739582	116431	rs8073559-A	rs8073559	0	8073559	intergenic_variant	1	0.189	3E-18	17.522878745280337		8.732	z score decrease	Affymetrix, Illumina [63372548] (imputed)	N	vital capacity	http://www.ebi.ac.uk/efo/EFO_0004312	GCST90244093	Genome-wide genotyping array
2023-12-12	36914875	Shrine N	2023-03-13	Nat Genet	www.ncbi.nlm.nih.gov/pubmed/36914875	Multi-ancestry genome-wide association analyses improve resolution of genes and pathways influencing lung function and chronic obstructive pulmonary disease risk.	Lung function (forced vital capacity)	475,645 European ancestry individuals, 8,590 African ancestry individuals, 85,279 East Asian ancestry individuals, 4,270 South Asian ancestry individuals, 14,668 Hispanic or Latin American individuals	NA	15q24.1	15	73933797		LOXL1			ENSG00000129038			rs8027022-A	rs8027022	0	8027022	intron_variant	0	0.516	4E-18	17.397940008672037		8.676	z score increase	Affymetrix, Illumina [63372548] (imputed)	N	vital capacity	http://www.ebi.ac.uk/efo/EFO_0004312	GCST90244093	Genome-wide genotyping array
2023-12-12	36914875	Shrine N	2023-03-13	Nat Genet	www.ncbi.nlm.nih.gov/pubmed/36914875	Multi-ancestry genome-wide association analyses improve resolution of genes and pathways influencing lung function and chronic obstructive pulmonary disease risk.	Lung function (forced vital capacity)	475,645 European ancestry individuals, 8,590 African ancestry individuals, 85,279 East Asian ancestry individuals, 4,270 South Asian ancestry individuals, 14,668 Hispanic or Latin American individuals	NA	15q15.1	15	40962955		CHAC1 - INO80	ENSG00000128965	ENSG00000128908		6443	15925	rs4924522-T	rs4924522	0	4924522	intron_variant	1	0.569	5E-18	17.30102999566398		8.644	z score decrease	Affymetrix, Illumina [63372548] (imputed)	N	vital capacity	http://www.ebi.ac.uk/efo/EFO_0004312	GCST90244093	Genome-wide genotyping array
2023-12-12	36914875	Shrine N	2023-03-13	Nat Genet	www.ncbi.nlm.nih.gov/pubmed/36914875	Multi-ancestry genome-wide association analyses improve resolution of genes and pathways influencing lung function and chronic obstructive pulmonary disease risk.	Lung function (forced vital capacity)	475,645 European ancestry individuals, 8,590 African ancestry individuals, 85,279 East Asian ancestry individuals, 4,270 South Asian ancestry individuals, 14,668 Hispanic or Latin American individuals	NA	12p11.22	12	27857474		RN7SKP15 - PTHLH	ENSG00000201612	ENSG00000087494		51084	100610	rs57380671-T	rs57380671	0	57380671	intron_variant	1	0.819	7E-18	17.154901959985743		8.614	z score decrease	Affymetrix, Illumina [63372548] (imputed)	N	vital capacity	http://www.ebi.ac.uk/efo/EFO_0004312	GCST90244093	Genome-wide genotyping array
2023-12-12	36914875	Shrine N	2023-03-13	Nat Genet	www.ncbi.nlm.nih.gov/pubmed/36914875	Multi-ancestry genome-wide association analyses improve resolution of genes and pathways influencing lung function and chronic obstructive pulmonary disease risk.	Lung function (forced vital capacity)	475,645 European ancestry individuals, 8,590 African ancestry individuals, 85,279 East Asian ancestry individuals, 4,270 South Asian ancestry individuals, 14,668 Hispanic or Latin American individuals	NA	4p16.3	4	3493556		DOK7			ENSG00000175920			rs11733064-C	rs11733064	0	11733064	3_prime_UTR_variant	0	0.659	1E-17	17.0		8.536	z score increase	Affymetrix, Illumina [63372548] (imputed)	N	vital capacity	http://www.ebi.ac.uk/efo/EFO_0004312	GCST90244093	Genome-wide genotyping array
2023-12-12	36914875	Shrine N	2023-03-13	Nat Genet	www.ncbi.nlm.nih.gov/pubmed/36914875	Multi-ancestry genome-wide association analyses improve resolution of genes and pathways influencing lung function and chronic obstructive pulmonary disease risk.	Lung function (forced vital capacity)	475,645 European ancestry individuals, 8,590 African ancestry individuals, 85,279 East Asian ancestry individuals, 4,270 South Asian ancestry individuals, 14,668 Hispanic or Latin American individuals	NA	7p15.1	7	28154778		JAZF1			ENSG00000153814			rs860262-A	rs860262	0	860262	intron_variant	0	0.452	2E-17	16.69897000433602		8.488	z score increase	Affymetrix, Illumina [63372548] (imputed)	N	vital capacity	http://www.ebi.ac.uk/efo/EFO_0004312	GCST90244093	Genome-wide genotyping array
2023-12-12	36914875	Shrine N	2023-03-13	Nat Genet	www.ncbi.nlm.nih.gov/pubmed/36914875	Multi-ancestry genome-wide association analyses improve resolution of genes and pathways influencing lung function and chronic obstructive pulmonary disease risk.	Lung function (forced vital capacity)	475,645 European ancestry individuals, 8,590 African ancestry individuals, 85,279 East Asian ancestry individuals, 4,270 South Asian ancestry individuals, 14,668 Hispanic or Latin American individuals	NA	6q22.32	6	126530014		MIR588 - RNU6-200P	ENSG00000207632	ENSG00000201613		45301	60273	rs1490384-T	rs1490384	0	1490384	intron_variant	1	0.571	4E-17	16.397940008672037		8.403	z score increase	Affymetrix, Illumina [63372548] (imputed)	N	vital capacity	http://www.ebi.ac.uk/efo/EFO_0004312	GCST90244093	Genome-wide genotyping array
2023-12-12	36914875	Shrine N	2023-03-13	Nat Genet	www.ncbi.nlm.nih.gov/pubmed/36914875	Multi-ancestry genome-wide association analyses improve resolution of genes and pathways influencing lung function and chronic obstructive pulmonary disease risk.	Lung function (forced vital capacity)	475,645 European ancestry individuals, 8,590 African ancestry individuals, 85,279 East Asian ancestry individuals, 4,270 South Asian ancestry individuals, 14,668 Hispanic or Latin American individuals	NA	6p24.3	6	7101851		RN7SL554P - RREB1	ENSG00000240936	ENSG00000124782		162954	5567	rs675209-T	rs675209	0	675209	intergenic_variant	1	0.278	8E-11	10.096910013008056		6.493	z score increase	Affymetrix, Illumina [63372548] (imputed)	N	vital capacity	http://www.ebi.ac.uk/efo/EFO_0004312	GCST90244093	Genome-wide genotyping array
2023-12-12	36914875	Shrine N	2023-03-13	Nat Genet	www.ncbi.nlm.nih.gov/pubmed/36914875	Multi-ancestry genome-wide association analyses improve resolution of genes and pathways influencing lung function and chronic obstructive pulmonary disease risk.	Lung function (forced vital capacity)	475,645 European ancestry individuals, 8,590 African ancestry individuals, 85,279 East Asian ancestry individuals, 4,270 South Asian ancestry individuals, 14,668 Hispanic or Latin American individuals	NA	19q12	19	31813874		LINC01837			ENSG00000267489			rs278233-A	rs278233	0	278233	intron_variant	0	0.844	9E-11	10.045757490560675		6.488	z score increase	Affymetrix, Illumina [63372548] (imputed)	N	vital capacity	http://www.ebi.ac.uk/efo/EFO_0004312	GCST90244093	Genome-wide genotyping array
2023-12-12	36914875	Shrine N	2023-03-13	Nat Genet	www.ncbi.nlm.nih.gov/pubmed/36914875	Multi-ancestry genome-wide association analyses improve resolution of genes and pathways influencing lung function and chronic obstructive pulmonary disease risk.	Lung function (forced vital capacity)	475,645 European ancestry individuals, 8,590 African ancestry individuals, 85,279 East Asian ancestry individuals, 4,270 South Asian ancestry individuals, 14,668 Hispanic or Latin American individuals	NA	2q37.3	2	240874365		AGXT			ENSG00000172482			rs10933640-A	rs10933640	0	10933640	intron_variant	0	0.467	9E-11	10.045757490560675		6.478	z score increase	Affymetrix, Illumina [63372548] (imputed)	N	vital capacity	http://www.ebi.ac.uk/efo/EFO_0004312	GCST90244093	Genome-wide genotyping array
2023-12-12	36914875	Shrine N	2023-03-13	Nat Genet	www.ncbi.nlm.nih.gov/pubmed/36914875	Multi-ancestry genome-wide association analyses improve resolution of genes and pathways influencing lung function and chronic obstructive pulmonary disease risk.	Lung function (forced vital capacity)	475,645 European ancestry individuals, 8,590 African ancestry individuals, 85,279 East Asian ancestry individuals, 4,270 South Asian ancestry individuals, 14,668 Hispanic or Latin American individuals	NA	1p36.33	1	1890770		GNB1			ENSG00000078369			rs6676565-T	rs6676565	0	6676565	5_prime_UTR_variant	0	0.25	1E-10	10.0		6.47	z score increase	Affymetrix, Illumina [63372548] (imputed)	N	vital capacity	http://www.ebi.ac.uk/efo/EFO_0004312	GCST90244093	Genome-wide genotyping array
2023-12-12	36914875	Shrine N	2023-03-13	Nat Genet	www.ncbi.nlm.nih.gov/pubmed/36914875	Multi-ancestry genome-wide association analyses improve resolution of genes and pathways influencing lung function and chronic obstructive pulmonary disease risk.	Lung function (forced vital capacity)	475,645 European ancestry individuals, 8,590 African ancestry individuals, 85,279 East Asian ancestry individuals, 4,270 South Asian ancestry individuals, 14,668 Hispanic or Latin American individuals	NA	1q41	1	219095190		LYPLAL1-DT			ENSG00000228063			rs61821643-T	rs61821643	0	61821643	intron_variant	0	0.975	1E-10	10.0		6.463	z score increase	Affymetrix, Illumina [63372548] (imputed)	N	vital capacity	http://www.ebi.ac.uk/efo/EFO_0004312	GCST90244093	Genome-wide genotyping array
2023-12-12	36914875	Shrine N	2023-03-13	Nat Genet	www.ncbi.nlm.nih.gov/pubmed/36914875	Multi-ancestry genome-wide association analyses improve resolution of genes and pathways influencing lung function and chronic obstructive pulmonary disease risk.	Lung function (forced vital capacity)	475,645 European ancestry individuals, 8,590 African ancestry individuals, 85,279 East Asian ancestry individuals, 4,270 South Asian ancestry individuals, 14,668 Hispanic or Latin American individuals	NA											chr12:121169258-G	chr12:121169258	0			1	0.412	1E-10	10.0		6.428	z score increase	Affymetrix, Illumina [63372548] (imputed)	N	vital capacity	http://www.ebi.ac.uk/efo/EFO_0004312	GCST90244093	Genome-wide genotyping array
2023-12-12	36914875	Shrine N	2023-03-13	Nat Genet	www.ncbi.nlm.nih.gov/pubmed/36914875	Multi-ancestry genome-wide association analyses improve resolution of genes and pathways influencing lung function and chronic obstructive pulmonary disease risk.	Lung function (forced vital capacity)	475,645 European ancestry individuals, 8,590 African ancestry individuals, 85,279 East Asian ancestry individuals, 4,270 South Asian ancestry individuals, 14,668 Hispanic or Latin American individuals	NA	17q22	17	56615886		NOG - C17orf67	ENSG00000183691	ENSG00000214226		20275	176027	rs17220159-T	rs17220159	0	17220159	intergenic_variant	1	0.946	1E-10	10.0		6.425	z score increase	Affymetrix, Illumina [63372548] (imputed)	N	vital capacity	http://www.ebi.ac.uk/efo/EFO_0004312	GCST90244093	Genome-wide genotyping array
2023-12-12	36914875	Shrine N	2023-03-13	Nat Genet	www.ncbi.nlm.nih.gov/pubmed/36914875	Multi-ancestry genome-wide association analyses improve resolution of genes and pathways influencing lung function and chronic obstructive pulmonary disease risk.	Lung function (forced vital capacity)	475,645 European ancestry individuals, 8,590 African ancestry individuals, 85,279 East Asian ancestry individuals, 4,270 South Asian ancestry individuals, 14,668 Hispanic or Latin American individuals	NA	16q23.2	16	81482035		CMIP			ENSG00000153815			rs35081994-T	rs35081994	0	35081994	intron_variant	0	0.437	1E-10	10.0		6.413	z score increase	Affymetrix, Illumina [63372548] (imputed)	N	vital capacity	http://www.ebi.ac.uk/efo/EFO_0004312	GCST90244093	Genome-wide genotyping array
2023-12-12	36914875	Shrine N	2023-03-13	Nat Genet	www.ncbi.nlm.nih.gov/pubmed/36914875	Multi-ancestry genome-wide association analyses improve resolution of genes and pathways influencing lung function and chronic obstructive pulmonary disease risk.	Lung function (forced vital capacity)	475,645 European ancestry individuals, 8,590 African ancestry individuals, 85,279 East Asian ancestry individuals, 4,270 South Asian ancestry individuals, 14,668 Hispanic or Latin American individuals	NA	17q24.3	17	71423531		RNU7-155P - MYL6P5	ENSG00000238759	ENSG00000228118		125313	197447	rs7207973-T	rs7207973	0	7207973	intergenic_variant	1	0.058	2E-10	9.698970004336019		6.399	z score increase	Affymetrix, Illumina [63372548] (imputed)	N	vital capacity	http://www.ebi.ac.uk/efo/EFO_0004312	GCST90244093	Genome-wide genotyping array
2023-12-12	36914875	Shrine N	2023-03-13	Nat Genet	www.ncbi.nlm.nih.gov/pubmed/36914875	Multi-ancestry genome-wide association analyses improve resolution of genes and pathways influencing lung function and chronic obstructive pulmonary disease risk.	Lung function (forced vital capacity)	475,645 European ancestry individuals, 8,590 African ancestry individuals, 85,279 East Asian ancestry individuals, 4,270 South Asian ancestry individuals, 14,668 Hispanic or Latin American individuals	NA	16p13.2	16	10043242		GRIN2A			ENSG00000183454			rs7190960-A	rs7190960	0	7190960	intron_variant	0	0.296	2E-10	9.698970004336019		6.398	z score increase	Affymetrix, Illumina [63372548] (imputed)	N	vital capacity	http://www.ebi.ac.uk/efo/EFO_0004312	GCST90244093	Genome-wide genotyping array
2023-12-12	36914875	Shrine N	2023-03-13	Nat Genet	www.ncbi.nlm.nih.gov/pubmed/36914875	Multi-ancestry genome-wide association analyses improve resolution of genes and pathways influencing lung function and chronic obstructive pulmonary disease risk.	Lung function (forced vital capacity)	475,645 European ancestry individuals, 8,590 African ancestry individuals, 85,279 East Asian ancestry individuals, 4,270 South Asian ancestry individuals, 14,668 Hispanic or Latin American individuals	NA	2q24.1	2	156694730		LINC01958			ENSG00000283436			rs16840719-T	rs16840719	0	16840719	non_coding_transcript_exon_variant	0	0.218	2E-10	9.698970004336019		6.39	z score increase	Affymetrix, Illumina [63372548] (imputed)	N	vital capacity	http://www.ebi.ac.uk/efo/EFO_0004312	GCST90244093	Genome-wide genotyping array
2023-12-12	36914875	Shrine N	2023-03-13	Nat Genet	www.ncbi.nlm.nih.gov/pubmed/36914875	Multi-ancestry genome-wide association analyses improve resolution of genes and pathways influencing lung function and chronic obstructive pulmonary disease risk.	Lung function (forced vital capacity)	475,645 European ancestry individuals, 8,590 African ancestry individuals, 85,279 East Asian ancestry individuals, 4,270 South Asian ancestry individuals, 14,668 Hispanic or Latin American individuals	NA	8p21.2	8	24184475		ADAM7-AS1			ENSG00000253535			rs62501195-A	rs62501195	0	62501195	intergenic_variant	0	0.823	2E-10	9.698970004336019		6.362	z score decrease	Affymetrix, Illumina [63372548] (imputed)	N	vital capacity	http://www.ebi.ac.uk/efo/EFO_0004312	GCST90244093	Genome-wide genotyping array
2023-12-12	36914875	Shrine N	2023-03-13	Nat Genet	www.ncbi.nlm.nih.gov/pubmed/36914875	Multi-ancestry genome-wide association analyses improve resolution of genes and pathways influencing lung function and chronic obstructive pulmonary disease risk.	Lung function (forced vital capacity)	475,645 European ancestry individuals, 8,590 African ancestry individuals, 85,279 East Asian ancestry individuals, 4,270 South Asian ancestry individuals, 14,668 Hispanic or Latin American individuals	NA	6p22.2	6	26206946		H4C5 - H2BC8	ENSG00000276966	ENSG00000273802		1925	9254	rs9393688-A	rs9393688	0	9393688	intron_variant	1	0.665	2E-10	9.698970004336019		6.357	z score decrease	Affymetrix, Illumina [63372548] (imputed)	N	vital capacity	http://www.ebi.ac.uk/efo/EFO_0004312	GCST90244093	Genome-wide genotyping array
2023-12-12	36914875	Shrine N	2023-03-13	Nat Genet	www.ncbi.nlm.nih.gov/pubmed/36914875	Multi-ancestry genome-wide association analyses improve resolution of genes and pathways influencing lung function and chronic obstructive pulmonary disease risk.	Lung function (forced vital capacity)	475,645 European ancestry individuals, 8,590 African ancestry individuals, 85,279 East Asian ancestry individuals, 4,270 South Asian ancestry individuals, 14,668 Hispanic or Latin American individuals	NA	1p31.3	1	61403396		NFIA			ENSG00000162599			rs2474383-T	rs2474383	0	2474383	intron_variant	0	0.317	2E-10	9.698970004336019		6.354	z score decrease	Affymetrix, Illumina [63372548] (imputed)	N	vital capacity	http://www.ebi.ac.uk/efo/EFO_0004312	GCST90244093	Genome-wide genotyping array
2023-12-12	36914875	Shrine N	2023-03-13	Nat Genet	www.ncbi.nlm.nih.gov/pubmed/36914875	Multi-ancestry genome-wide association analyses improve resolution of genes and pathways influencing lung function and chronic obstructive pulmonary disease risk.	Lung function (forced vital capacity)	475,645 European ancestry individuals, 8,590 African ancestry individuals, 85,279 East Asian ancestry individuals, 4,270 South Asian ancestry individuals, 14,668 Hispanic or Latin American individuals	NA	5q12.3	5	64982178		CWC27			ENSG00000153015			rs1309572-A	rs1309572	0	1309572	intron_variant	0	0.578	2E-10	9.698970004336019		6.348	z score decrease	Affymetrix, Illumina [63372548] (imputed)	N	vital capacity	http://www.ebi.ac.uk/efo/EFO_0004312	GCST90244093	Genome-wide genotyping array
2023-12-12	36914875	Shrine N	2023-03-13	Nat Genet	www.ncbi.nlm.nih.gov/pubmed/36914875	Multi-ancestry genome-wide association analyses improve resolution of genes and pathways influencing lung function and chronic obstructive pulmonary disease risk.	Lung function (forced vital capacity)	475,645 European ancestry individuals, 8,590 African ancestry individuals, 85,279 East Asian ancestry individuals, 4,270 South Asian ancestry individuals, 14,668 Hispanic or Latin American individuals	NA	2q37.2	2	235659633		AGAP1			ENSG00000157985			rs35814183-T	rs35814183	0	35814183	intron_variant	0	0.187	2E-10	9.698970004336019		6.345	z score increase	Affymetrix, Illumina [63372548] (imputed)	N	vital capacity	http://www.ebi.ac.uk/efo/EFO_0004312	GCST90244093	Genome-wide genotyping array
2023-12-12	36914875	Shrine N	2023-03-13	Nat Genet	www.ncbi.nlm.nih.gov/pubmed/36914875	Multi-ancestry genome-wide association analyses improve resolution of genes and pathways influencing lung function and chronic obstructive pulmonary disease risk.	Lung function (forced vital capacity)	475,645 European ancestry individuals, 8,590 African ancestry individuals, 85,279 East Asian ancestry individuals, 4,270 South Asian ancestry individuals, 14,668 Hispanic or Latin American individuals	NA	12p13.32	12	3209092		TSPAN9			ENSG00000011105			rs2335666-A	rs2335666	0	2335666	intron_variant	0	0.264	3E-10	9.522878745280337		6.323	z score decrease	Affymetrix, Illumina [63372548] (imputed)	N	vital capacity	http://www.ebi.ac.uk/efo/EFO_0004312	GCST90244093	Genome-wide genotyping array
2023-12-12	36914875	Shrine N	2023-03-13	Nat Genet	www.ncbi.nlm.nih.gov/pubmed/36914875	Multi-ancestry genome-wide association analyses improve resolution of genes and pathways influencing lung function and chronic obstructive pulmonary disease risk.	Lung function (forced vital capacity)	475,645 European ancestry individuals, 8,590 African ancestry individuals, 85,279 East Asian ancestry individuals, 4,270 South Asian ancestry individuals, 14,668 Hispanic or Latin American individuals	NA	16q22.3	16	73061367		ZFHX3			ENSG00000140836			rs370240672-T	rs370240672	0	370240672	non_coding_transcript_exon_variant	0	0.966	3E-10	9.522878745280337		6.31	z score increase	Affymetrix, Illumina [63372548] (imputed)	N	vital capacity	http://www.ebi.ac.uk/efo/EFO_0004312	GCST90244093	Genome-wide genotyping array
2023-12-12	36914875	Shrine N	2023-03-13	Nat Genet	www.ncbi.nlm.nih.gov/pubmed/36914875	Multi-ancestry genome-wide association analyses improve resolution of genes and pathways influencing lung function and chronic obstructive pulmonary disease risk.	Lung function (forced vital capacity)	475,645 European ancestry individuals, 8,590 African ancestry individuals, 85,279 East Asian ancestry individuals, 4,270 South Asian ancestry individuals, 14,668 Hispanic or Latin American individuals	NA	19p13.11	19	18424797		SSBP4			ENSG00000130511			rs28534973-T	rs28534973	0	28534973	intron_variant	0	0.207	3E-10	9.522878745280337		6.306	z score increase	Affymetrix, Illumina [63372548] (imputed)	N	vital capacity	http://www.ebi.ac.uk/efo/EFO_0004312	GCST90244093	Genome-wide genotyping array
2023-12-12	36914875	Shrine N	2023-03-13	Nat Genet	www.ncbi.nlm.nih.gov/pubmed/36914875	Multi-ancestry genome-wide association analyses improve resolution of genes and pathways influencing lung function and chronic obstructive pulmonary disease risk.	Lung function (forced vital capacity)	475,645 European ancestry individuals, 8,590 African ancestry individuals, 85,279 East Asian ancestry individuals, 4,270 South Asian ancestry individuals, 14,668 Hispanic or Latin American individuals	NA	1q22	1	155185239		TRIM46 - MUC1	ENSG00000163462	ENSG00000185499		268	585	rs2070803-A	rs2070803	0	2070803	intron_variant	1	0.518	3E-10	9.522878745280337		6.289	z score increase	Affymetrix, Illumina [63372548] (imputed)	N	vital capacity	http://www.ebi.ac.uk/efo/EFO_0004312	GCST90244093	Genome-wide genotyping array
2023-12-12	36914875	Shrine N	2023-03-13	Nat Genet	www.ncbi.nlm.nih.gov/pubmed/36914875	Multi-ancestry genome-wide association analyses improve resolution of genes and pathways influencing lung function and chronic obstructive pulmonary disease risk.	Lung function (forced vital capacity)	475,645 European ancestry individuals, 8,590 African ancestry individuals, 85,279 East Asian ancestry individuals, 4,270 South Asian ancestry individuals, 14,668 Hispanic or Latin American individuals	NA	1q31.3	1	196731784		CFH			ENSG00000000971			rs7514261-A	rs7514261	0	7514261	intron_variant	0	0.415	5E-10	9.301029995663981		6.229	z score decrease	Affymetrix, Illumina [63372548] (imputed)	N	vital capacity	http://www.ebi.ac.uk/efo/EFO_0004312	GCST90244093	Genome-wide genotyping array
2023-12-12	36914875	Shrine N	2023-03-13	Nat Genet	www.ncbi.nlm.nih.gov/pubmed/36914875	Multi-ancestry genome-wide association analyses improve resolution of genes and pathways influencing lung function and chronic obstructive pulmonary disease risk.	Lung function (forced vital capacity)	475,645 European ancestry individuals, 8,590 African ancestry individuals, 85,279 East Asian ancestry individuals, 4,270 South Asian ancestry individuals, 14,668 Hispanic or Latin American individuals	NA	20q11.22	20	34986962		MYH7B			ENSG00000078814			rs3746446-T	rs3746446	0	3746446	synonymous_variant	0	0.83	5E-10	9.301029995663981		6.229	z score increase	Affymetrix, Illumina [63372548] (imputed)	N	vital capacity	http://www.ebi.ac.uk/efo/EFO_0004312	GCST90244093	Genome-wide genotyping array
2023-12-12	36914875	Shrine N	2023-03-13	Nat Genet	www.ncbi.nlm.nih.gov/pubmed/36914875	Multi-ancestry genome-wide association analyses improve resolution of genes and pathways influencing lung function and chronic obstructive pulmonary disease risk.	Lung function (forced vital capacity)	475,645 European ancestry individuals, 8,590 African ancestry individuals, 85,279 East Asian ancestry individuals, 4,270 South Asian ancestry individuals, 14,668 Hispanic or Latin American individuals	NA	1q42.12	1	224414541		WDR26			ENSG00000162923			rs7527044-T	rs7527044	0	7527044	intron_variant	0	0.189	5E-10	9.301029995663981		6.223	z score increase	Affymetrix, Illumina [63372548] (imputed)	N	vital capacity	http://www.ebi.ac.uk/efo/EFO_0004312	GCST90244093	Genome-wide genotyping array
2023-12-12	36914875	Shrine N	2023-03-13	Nat Genet	www.ncbi.nlm.nih.gov/pubmed/36914875	Multi-ancestry genome-wide association analyses improve resolution of genes and pathways influencing lung function and chronic obstructive pulmonary disease risk.	Lung function (forced vital capacity)	475,645 European ancestry individuals, 8,590 African ancestry individuals, 85,279 East Asian ancestry individuals, 4,270 South Asian ancestry individuals, 14,668 Hispanic or Latin American individuals	NA	10q23.33	10	93999648		PLCE1			ENSG00000138193			rs1223589-A	rs1223589	0	1223589	intron_variant	0	0.205	5E-10	9.301029995663981		6.22	z score decrease	Affymetrix, Illumina [63372548] (imputed)	N	vital capacity	http://www.ebi.ac.uk/efo/EFO_0004312	GCST90244093	Genome-wide genotyping array
2023-12-12	36914875	Shrine N	2023-03-13	Nat Genet	www.ncbi.nlm.nih.gov/pubmed/36914875	Multi-ancestry genome-wide association analyses improve resolution of genes and pathways influencing lung function and chronic obstructive pulmonary disease risk.	Lung function (forced vital capacity)	475,645 European ancestry individuals, 8,590 African ancestry individuals, 85,279 East Asian ancestry individuals, 4,270 South Asian ancestry individuals, 14,668 Hispanic or Latin American individuals	NA	9p22.2	9	16626993		BNC2			ENSG00000173068			rs7035303-A	rs7035303	0	7035303	intron_variant	0	0.0477	5E-10	9.301029995663981		6.214	z score increase	Affymetrix, Illumina [63372548] (imputed)	N	vital capacity	http://www.ebi.ac.uk/efo/EFO_0004312	GCST90244093	Genome-wide genotyping array
2023-12-12	36914875	Shrine N	2023-03-13	Nat Genet	www.ncbi.nlm.nih.gov/pubmed/36914875	Multi-ancestry genome-wide association analyses improve resolution of genes and pathways influencing lung function and chronic obstructive pulmonary disease risk.	Lung function (FEV1/FVC)	475,645 European ancestry individuals, 8,590 African ancestry individuals, 85,279 East Asian ancestry individuals, 4,270 South Asian ancestry individuals, 14,668 Hispanic or Latin American individuals	NA	1p36.13	1	16979534		MFAP2			ENSG00000117122			rs9435731-A	rs9435731	0	9435731	intron_variant	0	0.475	1E-70	70.0		17.774	z score decrease	Affymetrix, Illumina [63372103] (imputed)	N	FEV/FVC ratio	http://www.ebi.ac.uk/efo/EFO_0004713	GCST90244094	Genome-wide genotyping array
2023-12-12	36914875	Shrine N	2023-03-13	Nat Genet	www.ncbi.nlm.nih.gov/pubmed/36914875	Multi-ancestry genome-wide association analyses improve resolution of genes and pathways influencing lung function and chronic obstructive pulmonary disease risk.	Lung function (FEV1/FVC)	475,645 European ancestry individuals, 8,590 African ancestry individuals, 85,279 East Asian ancestry individuals, 4,270 South Asian ancestry individuals, 14,668 Hispanic or Latin American individuals	NA	6q21	6	108949453		ARMC2			ENSG00000118690			rs2768551-A	rs2768551	0	2768551	intron_variant	0	0.199	2E-66	65.69897000433602		17.227	z score decrease	Affymetrix, Illumina [63372103] (imputed)	N	FEV/FVC ratio	http://www.ebi.ac.uk/efo/EFO_0004713	GCST90244094	Genome-wide genotyping array
2023-12-12	36914875	Shrine N	2023-03-13	Nat Genet	www.ncbi.nlm.nih.gov/pubmed/36914875	Multi-ancestry genome-wide association analyses improve resolution of genes and pathways influencing lung function and chronic obstructive pulmonary disease risk.	Lung function (FEV1/FVC)	475,645 European ancestry individuals, 8,590 African ancestry individuals, 85,279 East Asian ancestry individuals, 4,270 South Asian ancestry individuals, 14,668 Hispanic or Latin American individuals	NA	16q23.1	16	75397365		CFDP1			ENSG00000153774			rs11864587-A	rs11864587	0	11864587	intron_variant	0	0.58	2E-64	63.69897000433602		16.955	z score decrease	Affymetrix, Illumina [63372103] (imputed)	N	FEV/FVC ratio	http://www.ebi.ac.uk/efo/EFO_0004713	GCST90244094	Genome-wide genotyping array
2023-12-12	36914875	Shrine N	2023-03-13	Nat Genet	www.ncbi.nlm.nih.gov/pubmed/36914875	Multi-ancestry genome-wide association analyses improve resolution of genes and pathways influencing lung function and chronic obstructive pulmonary disease risk.	Lung function (FEV1/FVC)	475,645 European ancestry individuals, 8,590 African ancestry individuals, 85,279 East Asian ancestry individuals, 4,270 South Asian ancestry individuals, 14,668 Hispanic or Latin American individuals	NA	1p22.1	1	91611540		WDR82P2 - HSP90B3P	ENSG00000241318	ENSG00000203914		75947	30976	rs1192415-A	rs1192415	0	1192415	regulatory_region_variant	1	0.818	4E-55	54.39794000867204		15.632	z score increase	Affymetrix, Illumina [63372103] (imputed)	N	FEV/FVC ratio	http://www.ebi.ac.uk/efo/EFO_0004713	GCST90244094	Genome-wide genotyping array
2023-12-12	36914875	Shrine N	2023-03-13	Nat Genet	www.ncbi.nlm.nih.gov/pubmed/36914875	Multi-ancestry genome-wide association analyses improve resolution of genes and pathways influencing lung function and chronic obstructive pulmonary disease risk.	Lung function (FEV1/FVC)	475,645 European ancestry individuals, 8,590 African ancestry individuals, 85,279 East Asian ancestry individuals, 4,270 South Asian ancestry individuals, 14,668 Hispanic or Latin American individuals	NA	19q13.2	19	40611394		LTBP4			ENSG00000090006			rs34093919-A	rs34093919	0	34093919	missense_variant	0	0.0123	4E-51	50.39794000867204		15.042	z score increase	Affymetrix, Illumina [63372103] (imputed)	N	FEV/FVC ratio	http://www.ebi.ac.uk/efo/EFO_0004713	GCST90244094	Genome-wide genotyping array
2023-12-12	36914875	Shrine N	2023-03-13	Nat Genet	www.ncbi.nlm.nih.gov/pubmed/36914875	Multi-ancestry genome-wide association analyses improve resolution of genes and pathways influencing lung function and chronic obstructive pulmonary disease risk.	Lung function (FEV1/FVC)	475,645 European ancestry individuals, 8,590 African ancestry individuals, 85,279 East Asian ancestry individuals, 4,270 South Asian ancestry individuals, 14,668 Hispanic or Latin American individuals	NA	6p25.1	6	6741699		LY86 - BTF3P7	ENSG00000112799	ENSG00000219986		86716	53216	rs1294417-T	rs1294417	0	1294417	intron_variant	1	0.509	5E-51	50.30102999566398		15.02	z score decrease	Affymetrix, Illumina [63372103] (imputed)	N	FEV/FVC ratio	http://www.ebi.ac.uk/efo/EFO_0004713	GCST90244094	Genome-wide genotyping array
2023-12-12	36914875	Shrine N	2023-03-13	Nat Genet	www.ncbi.nlm.nih.gov/pubmed/36914875	Multi-ancestry genome-wide association analyses improve resolution of genes and pathways influencing lung function and chronic obstructive pulmonary disease risk.	Lung function (FEV1/FVC)	475,645 European ancestry individuals, 8,590 African ancestry individuals, 85,279 East Asian ancestry individuals, 4,270 South Asian ancestry individuals, 14,668 Hispanic or Latin American individuals	NA	12q23.1	12	95846563		SNRPF-DT			ENSG00000258343			rs6538676-T	rs6538676	0	6538676	intron_variant	0	0.176	2E-49	48.69897000433602		14.788	z score increase	Affymetrix, Illumina [63372103] (imputed)	N	FEV/FVC ratio	http://www.ebi.ac.uk/efo/EFO_0004713	GCST90244094	Genome-wide genotyping array
2023-12-12	36914875	Shrine N	2023-03-13	Nat Genet	www.ncbi.nlm.nih.gov/pubmed/36914875	Multi-ancestry genome-wide association analyses improve resolution of genes and pathways influencing lung function and chronic obstructive pulmonary disease risk.	Lung function (FEV1/FVC)	475,645 European ancestry individuals, 8,590 African ancestry individuals, 85,279 East Asian ancestry individuals, 4,270 South Asian ancestry individuals, 14,668 Hispanic or Latin American individuals	NA	16q21	16	58031555		MMP15			ENSG00000102996			rs4784886-A	rs4784886	0	4784886	intron_variant	0	0.68	7E-48	47.15490195998574		14.537	z score increase	Affymetrix, Illumina [63372103] (imputed)	N	FEV/FVC ratio	http://www.ebi.ac.uk/efo/EFO_0004713	GCST90244094	Genome-wide genotyping array
2023-12-12	36914875	Shrine N	2023-03-13	Nat Genet	www.ncbi.nlm.nih.gov/pubmed/36914875	Multi-ancestry genome-wide association analyses improve resolution of genes and pathways influencing lung function and chronic obstructive pulmonary disease risk.	Lung function (FEV1/FVC)	475,645 European ancestry individuals, 8,590 African ancestry individuals, 85,279 East Asian ancestry individuals, 4,270 South Asian ancestry individuals, 14,668 Hispanic or Latin American individuals	NA	6p21.33	6	32071104		TNXB			ENSG00000168477			rs146970659-T	rs146970659	0	146970659	splice_region_variant	0	0.0059	4E-47	46.39794000867204		14.418	z score increase	Affymetrix, Illumina [63372103] (imputed)	N	FEV/FVC ratio	http://www.ebi.ac.uk/efo/EFO_0004713	GCST90244094	Genome-wide genotyping array
2023-12-12	36914875	Shrine N	2023-03-13	Nat Genet	www.ncbi.nlm.nih.gov/pubmed/36914875	Multi-ancestry genome-wide association analyses improve resolution of genes and pathways influencing lung function and chronic obstructive pulmonary disease risk.	Lung function (FEV1/FVC)	475,645 European ancestry individuals, 8,590 African ancestry individuals, 85,279 East Asian ancestry individuals, 4,270 South Asian ancestry individuals, 14,668 Hispanic or Latin American individuals	NA	5q11.2	5	52891207		ITGA1			ENSG00000213949			rs12522114-A	rs12522114	0	12522114	intron_variant	0	0.258	7E-47	46.15490195998574		14.377	z score decrease	Affymetrix, Illumina [63372103] (imputed)	N	FEV/FVC ratio	http://www.ebi.ac.uk/efo/EFO_0004713	GCST90244094	Genome-wide genotyping array
2023-12-12	36914875	Shrine N	2023-03-13	Nat Genet	www.ncbi.nlm.nih.gov/pubmed/36914875	Multi-ancestry genome-wide association analyses improve resolution of genes and pathways influencing lung function and chronic obstructive pulmonary disease risk.	Lung function (FEV1/FVC)	475,645 European ancestry individuals, 8,590 African ancestry individuals, 85,279 East Asian ancestry individuals, 4,270 South Asian ancestry individuals, 14,668 Hispanic or Latin American individuals	NA	17q11.2	17	29653867		SSH2, ABHD15-AS1			ENSG00000141298, ENSG00000264031			rs1808923-T	rs1808923	0	1808923	intron_variant	0	0.497	2E-46	45.69897000433602		14.313	z score decrease	Affymetrix, Illumina [63372103] (imputed)	N	FEV/FVC ratio	http://www.ebi.ac.uk/efo/EFO_0004713	GCST90244094	Genome-wide genotyping array
2023-12-12	36914875	Shrine N	2023-03-13	Nat Genet	www.ncbi.nlm.nih.gov/pubmed/36914875	Multi-ancestry genome-wide association analyses improve resolution of genes and pathways influencing lung function and chronic obstructive pulmonary disease risk.	Lung function (FEV1/FVC)	475,645 European ancestry individuals, 8,590 African ancestry individuals, 85,279 East Asian ancestry individuals, 4,270 South Asian ancestry individuals, 14,668 Hispanic or Latin American individuals	NA	6p22.3	6	22017509		CASC15			ENSG00000272168			rs1928168-T	rs1928168	0	1928168	intron_variant	0	0.552	1E-45	45.0		14.174	z score increase	Affymetrix, Illumina [63372103] (imputed)	N	FEV/FVC ratio	http://www.ebi.ac.uk/efo/EFO_0004713	GCST90244094	Genome-wide genotyping array
2023-12-12	36914875	Shrine N	2023-03-13	Nat Genet	www.ncbi.nlm.nih.gov/pubmed/36914875	Multi-ancestry genome-wide association analyses improve resolution of genes and pathways influencing lung function and chronic obstructive pulmonary disease risk.	Lung function (FEV1/FVC)	475,645 European ancestry individuals, 8,590 African ancestry individuals, 85,279 East Asian ancestry individuals, 4,270 South Asian ancestry individuals, 14,668 Hispanic or Latin American individuals	NA	2p24.2	2	18106357		KCNS3			ENSG00000170745			rs55884799-T	rs55884799	0	55884799	intergenic_variant	0	0.839	1E-43	43.0		13.864	z score decrease	Affymetrix, Illumina [63372103] (imputed)	N	FEV/FVC ratio	http://www.ebi.ac.uk/efo/EFO_0004713	GCST90244094	Genome-wide genotyping array
2023-12-12	36914875	Shrine N	2023-03-13	Nat Genet	www.ncbi.nlm.nih.gov/pubmed/36914875	Multi-ancestry genome-wide association analyses improve resolution of genes and pathways influencing lung function and chronic obstructive pulmonary disease risk.	Lung function (FEV1/FVC)	475,645 European ancestry individuals, 8,590 African ancestry individuals, 85,279 East Asian ancestry individuals, 4,270 South Asian ancestry individuals, 14,668 Hispanic or Latin American individuals	NA	1q43	1	239725457		CHRM3-AS2, CHRM3			ENSG00000233355, ENSG00000133019			rs2355210-T	rs2355210	0	2355210	intron_variant	0	0.502	2E-43	42.69897000433602		13.819	z score decrease	Affymetrix, Illumina [63372103] (imputed)	N	FEV/FVC ratio	http://www.ebi.ac.uk/efo/EFO_0004713	GCST90244094	Genome-wide genotyping array
2023-12-12	36914875	Shrine N	2023-03-13	Nat Genet	www.ncbi.nlm.nih.gov/pubmed/36914875	Multi-ancestry genome-wide association analyses improve resolution of genes and pathways influencing lung function and chronic obstructive pulmonary disease risk.	Lung function (FEV1/FVC)	475,645 European ancestry individuals, 8,590 African ancestry individuals, 85,279 East Asian ancestry individuals, 4,270 South Asian ancestry individuals, 14,668 Hispanic or Latin American individuals	NA	9q22.32	9	95502660		PTCH1			ENSG00000185920			rs28427480-A	rs28427480	0	28427480	intron_variant	0	0.905	2E-41	40.69897000433602		13.491	z score increase	Affymetrix, Illumina [63372103] (imputed)	N	FEV/FVC ratio	http://www.ebi.ac.uk/efo/EFO_0004713	GCST90244094	Genome-wide genotyping array
2023-12-12	36914875	Shrine N	2023-03-13	Nat Genet	www.ncbi.nlm.nih.gov/pubmed/36914875	Multi-ancestry genome-wide association analyses improve resolution of genes and pathways influencing lung function and chronic obstructive pulmonary disease risk.	Lung function (FEV1/FVC)	475,645 European ancestry individuals, 8,590 African ancestry individuals, 85,279 East Asian ancestry individuals, 4,270 South Asian ancestry individuals, 14,668 Hispanic or Latin American individuals	NA	1p34.1	1	45619570		NASP - CCDC17	ENSG00000132780	ENSG00000159588		665	474	rs61789988-C	rs61789988	0	61789988	regulatory_region_variant	1	0.497	4E-15	14.397940008672037		7.848	z score increase	Affymetrix, Illumina [63372103] (imputed)	N	FEV/FVC ratio	http://www.ebi.ac.uk/efo/EFO_0004713	GCST90244094	Genome-wide genotyping array
2023-12-12	36914875	Shrine N	2023-03-13	Nat Genet	www.ncbi.nlm.nih.gov/pubmed/36914875	Multi-ancestry genome-wide association analyses improve resolution of genes and pathways influencing lung function and chronic obstructive pulmonary disease risk.	Lung function (FEV1/FVC)	475,645 European ancestry individuals, 8,590 African ancestry individuals, 85,279 East Asian ancestry individuals, 4,270 South Asian ancestry individuals, 14,668 Hispanic or Latin American individuals	NA	13q22.1	13	74325496		LINC00402			ENSG00000235532			rs9600261-A	rs9600261	0	9600261	intron_variant	0	0.164	5E-15	14.301029995663981		7.828	z score increase	Affymetrix, Illumina [63372103] (imputed)	N	FEV/FVC ratio	http://www.ebi.ac.uk/efo/EFO_0004713	GCST90244094	Genome-wide genotyping array
2023-12-12	36914875	Shrine N	2023-03-13	Nat Genet	www.ncbi.nlm.nih.gov/pubmed/36914875	Multi-ancestry genome-wide association analyses improve resolution of genes and pathways influencing lung function and chronic obstructive pulmonary disease risk.	Lung function (FEV1/FVC)	475,645 European ancestry individuals, 8,590 African ancestry individuals, 85,279 East Asian ancestry individuals, 4,270 South Asian ancestry individuals, 14,668 Hispanic or Latin American individuals	NA	5q33.3	5	157595467		RNU6-390P - SOX30	ENSG00000252068	ENSG00000039600		15868	30212	rs72811372-A	rs72811372	0	72811372	intergenic_variant	1	0.103	7E-15	14.154901959985743		7.785	z score increase	Affymetrix, Illumina [63372103] (imputed)	N	FEV/FVC ratio	http://www.ebi.ac.uk/efo/EFO_0004713	GCST90244094	Genome-wide genotyping array
2023-12-12	36914875	Shrine N	2023-03-13	Nat Genet	www.ncbi.nlm.nih.gov/pubmed/36914875	Multi-ancestry genome-wide association analyses improve resolution of genes and pathways influencing lung function and chronic obstructive pulmonary disease risk.	Lung function (FEV1/FVC)	475,645 European ancestry individuals, 8,590 African ancestry individuals, 85,279 East Asian ancestry individuals, 4,270 South Asian ancestry individuals, 14,668 Hispanic or Latin American individuals	NA	4q31.3	4	153805482		SFRP2 - DCHS2	ENSG00000145423	ENSG00000197410		16399	426260	rs1105491-T	rs1105491	0	1105491	intron_variant	1	0.746	8E-15	14.096910013008056		7.761	z score increase	Affymetrix, Illumina [63372103] (imputed)	N	FEV/FVC ratio	http://www.ebi.ac.uk/efo/EFO_0004713	GCST90244094	Genome-wide genotyping array
2023-12-12	36914875	Shrine N	2023-03-13	Nat Genet	www.ncbi.nlm.nih.gov/pubmed/36914875	Multi-ancestry genome-wide association analyses improve resolution of genes and pathways influencing lung function and chronic obstructive pulmonary disease risk.	Lung function (FEV1/FVC)	475,645 European ancestry individuals, 8,590 African ancestry individuals, 85,279 East Asian ancestry individuals, 4,270 South Asian ancestry individuals, 14,668 Hispanic or Latin American individuals	NA	10p13	10	15692263		ITGA8			ENSG00000077943			rs77508821-A	rs77508821	0	77508821	intron_variant	0	0.0801	1E-14	14.0		7.712	z score decrease	Affymetrix, Illumina [63372103] (imputed)	N	FEV/FVC ratio	http://www.ebi.ac.uk/efo/EFO_0004713	GCST90244094	Genome-wide genotyping array
2023-12-12	36914875	Shrine N	2023-03-13	Nat Genet	www.ncbi.nlm.nih.gov/pubmed/36914875	Multi-ancestry genome-wide association analyses improve resolution of genes and pathways influencing lung function and chronic obstructive pulmonary disease risk.	Lung function (FEV1/FVC)	475,645 European ancestry individuals, 8,590 African ancestry individuals, 85,279 East Asian ancestry individuals, 4,270 South Asian ancestry individuals, 14,668 Hispanic or Latin American individuals	NA	2q12.1	2	102309902		CFAP144P2 - IL1RL1	ENSG00000205716	ENSG00000115602		59647	1600	rs12470864-A	rs12470864	0	12470864	intergenic_variant	1	0.379	2E-14	13.698970004336019		7.672	z score decrease	Affymetrix, Illumina [63372103] (imputed)	N	FEV/FVC ratio	http://www.ebi.ac.uk/efo/EFO_0004713	GCST90244094	Genome-wide genotyping array
2023-12-12	36914875	Shrine N	2023-03-13	Nat Genet	www.ncbi.nlm.nih.gov/pubmed/36914875	Multi-ancestry genome-wide association analyses improve resolution of genes and pathways influencing lung function and chronic obstructive pulmonary disease risk.	Lung function (FEV1/FVC)	475,645 European ancestry individuals, 8,590 African ancestry individuals, 85,279 East Asian ancestry individuals, 4,270 South Asian ancestry individuals, 14,668 Hispanic or Latin American individuals	NA	12q24.21	12	115512422		TBX3-AS1 - UBA52P7	ENSG00000257817	ENSG00000241656		744430	80182	rs1874903-T	rs1874903	0	1874903	intergenic_variant	1	0.453	2E-14	13.698970004336019		7.664	z score increase	Affymetrix, Illumina [63372103] (imputed)	N	FEV/FVC ratio	http://www.ebi.ac.uk/efo/EFO_0004713	GCST90244094	Genome-wide genotyping array
2023-12-12	36914875	Shrine N	2023-03-13	Nat Genet	www.ncbi.nlm.nih.gov/pubmed/36914875	Multi-ancestry genome-wide association analyses improve resolution of genes and pathways influencing lung function and chronic obstructive pulmonary disease risk.	Lung function (FEV1/FVC)	475,645 European ancestry individuals, 8,590 African ancestry individuals, 85,279 East Asian ancestry individuals, 4,270 South Asian ancestry individuals, 14,668 Hispanic or Latin American individuals	NA	3p13	3	70879779		RNU6-281P - FOXP1	ENSG00000206939	ENSG00000114861		71327	74914	rs2687201-A	rs2687201	0	2687201	intergenic_variant	1	0.336	2E-14	13.698970004336019		7.653	z score increase	Affymetrix, Illumina [63372103] (imputed)	N	FEV/FVC ratio	http://www.ebi.ac.uk/efo/EFO_0004713	GCST90244094	Genome-wide genotyping array
2023-12-12	36914875	Shrine N	2023-03-13	Nat Genet	www.ncbi.nlm.nih.gov/pubmed/36914875	Multi-ancestry genome-wide association analyses improve resolution of genes and pathways influencing lung function and chronic obstructive pulmonary disease risk.	Lung function (FEV1/FVC)	475,645 European ancestry individuals, 8,590 African ancestry individuals, 85,279 East Asian ancestry individuals, 4,270 South Asian ancestry individuals, 14,668 Hispanic or Latin American individuals	NA	11q22.1	11	100626559		CNTN5 - RN7SL222P	ENSG00000149972	ENSG00000242165		267674	15416	rs10679701-CATACTT	rs10679701	0	10679701	intergenic_variant	1	0.829	4E-14	13.397940008672037		7.551	z score increase	Affymetrix, Illumina [63372103] (imputed)	N	FEV/FVC ratio	http://www.ebi.ac.uk/efo/EFO_0004713	GCST90244094	Genome-wide genotyping array
2023-12-12	36914875	Shrine N	2023-03-13	Nat Genet	www.ncbi.nlm.nih.gov/pubmed/36914875	Multi-ancestry genome-wide association analyses improve resolution of genes and pathways influencing lung function and chronic obstructive pulmonary disease risk.	Lung function (FEV1/FVC)	475,645 European ancestry individuals, 8,590 African ancestry individuals, 85,279 East Asian ancestry individuals, 4,270 South Asian ancestry individuals, 14,668 Hispanic or Latin American individuals	NA	10q24.33	10	103588736		NEURL1			ENSG00000107954			rs1853842-A	rs1853842	0	1853842	intron_variant	0	0.384	6E-14	13.221848749616356		7.511	z score decrease	Affymetrix, Illumina [63372103] (imputed)	N	FEV/FVC ratio	http://www.ebi.ac.uk/efo/EFO_0004713	GCST90244094	Genome-wide genotyping array
2023-12-12	36914875	Shrine N	2023-03-13	Nat Genet	www.ncbi.nlm.nih.gov/pubmed/36914875	Multi-ancestry genome-wide association analyses improve resolution of genes and pathways influencing lung function and chronic obstructive pulmonary disease risk.	Lung function (FEV1/FVC)	475,645 European ancestry individuals, 8,590 African ancestry individuals, 85,279 East Asian ancestry individuals, 4,270 South Asian ancestry individuals, 14,668 Hispanic or Latin American individuals	NA	10q26.13	10	122538121		HTRA1 - DMBT1	ENSG00000166033	ENSG00000187908		23214	22522	rs4279944-T	rs4279944	0	4279944	intergenic_variant	1	0.173	6E-14	13.221848749616356		7.51	z score increase	Affymetrix, Illumina [63372103] (imputed)	N	FEV/FVC ratio	http://www.ebi.ac.uk/efo/EFO_0004713	GCST90244094	Genome-wide genotyping array
2023-12-12	36914875	Shrine N	2023-03-13	Nat Genet	www.ncbi.nlm.nih.gov/pubmed/36914875	Multi-ancestry genome-wide association analyses improve resolution of genes and pathways influencing lung function and chronic obstructive pulmonary disease risk.	Lung function (FEV1/FVC)	475,645 European ancestry individuals, 8,590 African ancestry individuals, 85,279 East Asian ancestry individuals, 4,270 South Asian ancestry individuals, 14,668 Hispanic or Latin American individuals	NA	5q23.1	5	122081099		LOX - ZNF474	ENSG00000113083	ENSG00000164185		2465	48447	rs41490044-A	rs41490044	0	41490044	intergenic_variant	1	0.266	7E-14	13.154901959985743		7.49	z score decrease	Affymetrix, Illumina [63372103] (imputed)	N	FEV/FVC ratio	http://www.ebi.ac.uk/efo/EFO_0004713	GCST90244094	Genome-wide genotyping array
2023-12-12	36914875	Shrine N	2023-03-13	Nat Genet	www.ncbi.nlm.nih.gov/pubmed/36914875	Multi-ancestry genome-wide association analyses improve resolution of genes and pathways influencing lung function and chronic obstructive pulmonary disease risk.	Lung function (FEV1/FVC)	475,645 European ancestry individuals, 8,590 African ancestry individuals, 85,279 East Asian ancestry individuals, 4,270 South Asian ancestry individuals, 14,668 Hispanic or Latin American individuals	NA											chr6:142744750-A	chr6:142744750	0			1	0.997	7E-14	13.154901959985743		7.483	z score decrease	Affymetrix, Illumina [63372103] (imputed)	N	FEV/FVC ratio	http://www.ebi.ac.uk/efo/EFO_0004713	GCST90244094	Genome-wide genotyping array
2023-12-12	36914875	Shrine N	2023-03-13	Nat Genet	www.ncbi.nlm.nih.gov/pubmed/36914875	Multi-ancestry genome-wide association analyses improve resolution of genes and pathways influencing lung function and chronic obstructive pulmonary disease risk.	Lung function (FEV1/FVC)	475,645 European ancestry individuals, 8,590 African ancestry individuals, 85,279 East Asian ancestry individuals, 4,270 South Asian ancestry individuals, 14,668 Hispanic or Latin American individuals	NA	5q11.2	5	52897294		ITGA1			ENSG00000213949			rs4074793-A	rs4074793	0	4074793	intron_variant	0	0.926	7E-14	13.154901959985743		7.481	z score decrease	Affymetrix, Illumina [63372103] (imputed)	N	FEV/FVC ratio	http://www.ebi.ac.uk/efo/EFO_0004713	GCST90244094	Genome-wide genotyping array
2023-12-12	36914875	Shrine N	2023-03-13	Nat Genet	www.ncbi.nlm.nih.gov/pubmed/36914875	Multi-ancestry genome-wide association analyses improve resolution of genes and pathways influencing lung function and chronic obstructive pulmonary disease risk.	Lung function (FEV1/FVC)	475,645 European ancestry individuals, 8,590 African ancestry individuals, 85,279 East Asian ancestry individuals, 4,270 South Asian ancestry individuals, 14,668 Hispanic or Latin American individuals	NA	3p14.3	3	56201376		ERC2			ENSG00000187672			rs7641482-T	rs7641482	0	7641482	intron_variant	0	0.77	8E-14	13.096910013008056		7.479	z score decrease	Affymetrix, Illumina [63372103] (imputed)	N	FEV/FVC ratio	http://www.ebi.ac.uk/efo/EFO_0004713	GCST90244094	Genome-wide genotyping array
2023-12-12	36914875	Shrine N	2023-03-13	Nat Genet	www.ncbi.nlm.nih.gov/pubmed/36914875	Multi-ancestry genome-wide association analyses improve resolution of genes and pathways influencing lung function and chronic obstructive pulmonary disease risk.	Lung function (FEV1/FVC)	475,645 European ancestry individuals, 8,590 African ancestry individuals, 85,279 East Asian ancestry individuals, 4,270 South Asian ancestry individuals, 14,668 Hispanic or Latin American individuals	NA	6p25.1	6	6857407		BTF3P7 - RN7SL554P	ENSG00000219986	ENSG00000240936		62005	81199	rs17142630-A	rs17142630	0	17142630	regulatory_region_variant	1	0.87	8E-14	13.096910013008056		7.476	z score decrease	Affymetrix, Illumina [63372103] (imputed)	N	FEV/FVC ratio	http://www.ebi.ac.uk/efo/EFO_0004713	GCST90244094	Genome-wide genotyping array
2023-12-12	36914875	Shrine N	2023-03-13	Nat Genet	www.ncbi.nlm.nih.gov/pubmed/36914875	Multi-ancestry genome-wide association analyses improve resolution of genes and pathways influencing lung function and chronic obstructive pulmonary disease risk.	Lung function (FEV1/FVC)	475,645 European ancestry individuals, 8,590 African ancestry individuals, 85,279 East Asian ancestry individuals, 4,270 South Asian ancestry individuals, 14,668 Hispanic or Latin American individuals	NA	7p22.3	7	2767615		GNA12, AMZ1			ENSG00000146535, ENSG00000174945			rs11420712-T	rs11420712	0	11420712	intron_variant	0	0.726	9E-14	13.045757490560675		7.449	z score decrease	Affymetrix, Illumina [63372103] (imputed)	N	FEV/FVC ratio	http://www.ebi.ac.uk/efo/EFO_0004713	GCST90244094	Genome-wide genotyping array
2023-12-12	36914875	Shrine N	2023-03-13	Nat Genet	www.ncbi.nlm.nih.gov/pubmed/36914875	Multi-ancestry genome-wide association analyses improve resolution of genes and pathways influencing lung function and chronic obstructive pulmonary disease risk.	Lung function (FEV1/FVC)	475,645 European ancestry individuals, 8,590 African ancestry individuals, 85,279 East Asian ancestry individuals, 4,270 South Asian ancestry individuals, 14,668 Hispanic or Latin American individuals	NA	10p12.31	10	19927318		PLXDC2			ENSG00000120594			rs17758689-T	rs17758689	0	17758689	intron_variant	0	0.0711	2E-13	12.698970004336019		7.382	z score increase	Affymetrix, Illumina [63372103] (imputed)	N	FEV/FVC ratio	http://www.ebi.ac.uk/efo/EFO_0004713	GCST90244094	Genome-wide genotyping array
2023-12-12	36914875	Shrine N	2023-03-13	Nat Genet	www.ncbi.nlm.nih.gov/pubmed/36914875	Multi-ancestry genome-wide association analyses improve resolution of genes and pathways influencing lung function and chronic obstructive pulmonary disease risk.	Lung function (FEV1/FVC)	475,645 European ancestry individuals, 8,590 African ancestry individuals, 85,279 East Asian ancestry individuals, 4,270 South Asian ancestry individuals, 14,668 Hispanic or Latin American individuals	NA	13q32.3	13	98983357		DOCK9			ENSG00000088387			rs17785077-A	rs17785077	0	17785077	intron_variant	0	0.0929	2E-13	12.698970004336019		7.378	z score decrease	Affymetrix, Illumina [63372103] (imputed)	N	FEV/FVC ratio	http://www.ebi.ac.uk/efo/EFO_0004713	GCST90244094	Genome-wide genotyping array
2023-12-12	36914875	Shrine N	2023-03-13	Nat Genet	www.ncbi.nlm.nih.gov/pubmed/36914875	Multi-ancestry genome-wide association analyses improve resolution of genes and pathways influencing lung function and chronic obstructive pulmonary disease risk.	Lung function (FEV1/FVC)	475,645 European ancestry individuals, 8,590 African ancestry individuals, 85,279 East Asian ancestry individuals, 4,270 South Asian ancestry individuals, 14,668 Hispanic or Latin American individuals	NA	17p12	17	12523032		MAP2K4 - LINC00670	ENSG00000065559	ENSG00000179136		379202	26496	rs56130357-T	rs56130357	0	56130357	regulatory_region_variant	1	0.952	2E-13	12.698970004336019		7.358	z score decrease	Affymetrix, Illumina [63372103] (imputed)	N	FEV/FVC ratio	http://www.ebi.ac.uk/efo/EFO_0004713	GCST90244094	Genome-wide genotyping array
2023-12-12	36914875	Shrine N	2023-03-13	Nat Genet	www.ncbi.nlm.nih.gov/pubmed/36914875	Multi-ancestry genome-wide association analyses improve resolution of genes and pathways influencing lung function and chronic obstructive pulmonary disease risk.	Lung function (FEV1/FVC)	475,645 European ancestry individuals, 8,590 African ancestry individuals, 85,279 East Asian ancestry individuals, 4,270 South Asian ancestry individuals, 14,668 Hispanic or Latin American individuals	NA	7p21.1	7	20365642		ITGB8			ENSG00000105855			rs3779505-A	rs3779505	0	3779505	intron_variant	0	0.15	2E-13	12.698970004336019		7.345	z score increase	Affymetrix, Illumina [63372103] (imputed)	N	FEV/FVC ratio	http://www.ebi.ac.uk/efo/EFO_0004713	GCST90244094	Genome-wide genotyping array
2023-12-12	36914875	Shrine N	2023-03-13	Nat Genet	www.ncbi.nlm.nih.gov/pubmed/36914875	Multi-ancestry genome-wide association analyses improve resolution of genes and pathways influencing lung function and chronic obstructive pulmonary disease risk.	Lung function (FEV1/FVC)	475,645 European ancestry individuals, 8,590 African ancestry individuals, 85,279 East Asian ancestry individuals, 4,270 South Asian ancestry individuals, 14,668 Hispanic or Latin American individuals	NA	4q12	4	53787069		LNX1 - RPL21P44	ENSG00000072201	ENSG00000229585		85664	199518	rs6816871-A	rs6816871	0	6816871	intron_variant	1	0.533	2E-13	12.698970004336019		7.334	z score decrease	Affymetrix, Illumina [63372103] (imputed)	N	FEV/FVC ratio	http://www.ebi.ac.uk/efo/EFO_0004713	GCST90244094	Genome-wide genotyping array
2023-12-12	36914875	Shrine N	2023-03-13	Nat Genet	www.ncbi.nlm.nih.gov/pubmed/36914875	Multi-ancestry genome-wide association analyses improve resolution of genes and pathways influencing lung function and chronic obstructive pulmonary disease risk.	Lung function (FEV1/FVC)	475,645 European ancestry individuals, 8,590 African ancestry individuals, 85,279 East Asian ancestry individuals, 4,270 South Asian ancestry individuals, 14,668 Hispanic or Latin American individuals	NA	4q12	4	52929445		SCFD2			ENSG00000184178			rs301127-A	rs301127	0	301127	intron_variant	0	0.757	2E-13	12.698970004336019		7.331	z score decrease	Affymetrix, Illumina [63372103] (imputed)	N	FEV/FVC ratio	http://www.ebi.ac.uk/efo/EFO_0004713	GCST90244094	Genome-wide genotyping array
2023-12-12	36914875	Shrine N	2023-03-13	Nat Genet	www.ncbi.nlm.nih.gov/pubmed/36914875	Multi-ancestry genome-wide association analyses improve resolution of genes and pathways influencing lung function and chronic obstructive pulmonary disease risk.	Lung function (FEV1/FVC)	475,645 European ancestry individuals, 8,590 African ancestry individuals, 85,279 East Asian ancestry individuals, 4,270 South Asian ancestry individuals, 14,668 Hispanic or Latin American individuals	NA	2q13	2	111119036		MIR4435-2HG			ENSG00000172965			rs72836346-C	rs72836346	0	72836346	intron_variant	0	0.0764	2E-13	12.698970004336019		7.329	z score decrease	Affymetrix, Illumina [63372103] (imputed)	N	FEV/FVC ratio	http://www.ebi.ac.uk/efo/EFO_0004713	GCST90244094	Genome-wide genotyping array
2023-12-12	36914875	Shrine N	2023-03-13	Nat Genet	www.ncbi.nlm.nih.gov/pubmed/36914875	Multi-ancestry genome-wide association analyses improve resolution of genes and pathways influencing lung function and chronic obstructive pulmonary disease risk.	Lung function (FEV1/FVC)	475,645 European ancestry individuals, 8,590 African ancestry individuals, 85,279 East Asian ancestry individuals, 4,270 South Asian ancestry individuals, 14,668 Hispanic or Latin American individuals	NA	8p22	8	17886140		FGL1			ENSG00000104760			rs2073565-T	rs2073565	0	2073565	intron_variant	0	0.356	3E-13	12.522878745280337		7.312	z score decrease	Affymetrix, Illumina [63372103] (imputed)	N	FEV/FVC ratio	http://www.ebi.ac.uk/efo/EFO_0004713	GCST90244094	Genome-wide genotyping array
2023-12-12	36914875	Shrine N	2023-03-13	Nat Genet	www.ncbi.nlm.nih.gov/pubmed/36914875	Multi-ancestry genome-wide association analyses improve resolution of genes and pathways influencing lung function and chronic obstructive pulmonary disease risk.	Lung function (FEV1/FVC)	475,645 European ancestry individuals, 8,590 African ancestry individuals, 85,279 East Asian ancestry individuals, 4,270 South Asian ancestry individuals, 14,668 Hispanic or Latin American individuals	NA	10q21.3	10	63292445		JMJD1C			ENSG00000171988			rs10761737-T	rs10761737	0	10761737	intron_variant	0	0.602	3E-13	12.522878745280337		7.286	z score increase	Affymetrix, Illumina [63372103] (imputed)	N	FEV/FVC ratio	http://www.ebi.ac.uk/efo/EFO_0004713	GCST90244094	Genome-wide genotyping array
2023-12-12	36914875	Shrine N	2023-03-13	Nat Genet	www.ncbi.nlm.nih.gov/pubmed/36914875	Multi-ancestry genome-wide association analyses improve resolution of genes and pathways influencing lung function and chronic obstructive pulmonary disease risk.	Lung function (FEV1/FVC)	475,645 European ancestry individuals, 8,590 African ancestry individuals, 85,279 East Asian ancestry individuals, 4,270 South Asian ancestry individuals, 14,668 Hispanic or Latin American individuals	NA	22q11.21	22	19766568		TBX1			ENSG00000184058			rs72646967-A	rs72646967	0	72646967	missense_variant	0	0.748	5E-13	12.301029995663981		7.236	z score increase	Affymetrix, Illumina [63372103] (imputed)	N	FEV/FVC ratio	http://www.ebi.ac.uk/efo/EFO_0004713	GCST90244094	Genome-wide genotyping array
2023-12-12	36914875	Shrine N	2023-03-13	Nat Genet	www.ncbi.nlm.nih.gov/pubmed/36914875	Multi-ancestry genome-wide association analyses improve resolution of genes and pathways influencing lung function and chronic obstructive pulmonary disease risk.	Lung function (FEV1/FVC)	475,645 European ancestry individuals, 8,590 African ancestry individuals, 85,279 East Asian ancestry individuals, 4,270 South Asian ancestry individuals, 14,668 Hispanic or Latin American individuals	NA	7p21.3	7	7217197		C1GALT1			ENSG00000106392			rs12702594-T	rs12702594	0	12702594	intron_variant	0	0.233	5E-13	12.301029995663981		7.229	z score decrease	Affymetrix, Illumina [63372103] (imputed)	N	FEV/FVC ratio	http://www.ebi.ac.uk/efo/EFO_0004713	GCST90244094	Genome-wide genotyping array
2023-12-12	36914875	Shrine N	2023-03-13	Nat Genet	www.ncbi.nlm.nih.gov/pubmed/36914875	Multi-ancestry genome-wide association analyses improve resolution of genes and pathways influencing lung function and chronic obstructive pulmonary disease risk.	Lung function (FEV1/FVC)	475,645 European ancestry individuals, 8,590 African ancestry individuals, 85,279 East Asian ancestry individuals, 4,270 South Asian ancestry individuals, 14,668 Hispanic or Latin American individuals	NA	11q13.3	11	70198345		ANO1 - FADD	ENSG00000131620	ENSG00000168040		8815	4950	rs78460763-A	rs78460763	0	78460763	intergenic_variant	1	0.164	5E-13	12.301029995663981		7.223	z score increase	Affymetrix, Illumina [63372103] (imputed)	N	FEV/FVC ratio	http://www.ebi.ac.uk/efo/EFO_0004713	GCST90244094	Genome-wide genotyping array
2023-12-12	36914875	Shrine N	2023-03-13	Nat Genet	www.ncbi.nlm.nih.gov/pubmed/36914875	Multi-ancestry genome-wide association analyses improve resolution of genes and pathways influencing lung function and chronic obstructive pulmonary disease risk.	Lung function (FEV1/FVC)	475,645 European ancestry individuals, 8,590 African ancestry individuals, 85,279 East Asian ancestry individuals, 4,270 South Asian ancestry individuals, 14,668 Hispanic or Latin American individuals	NA	22q12.3	22	32976995		SYN3			ENSG00000185666			rs796331833-T	rs796331833	1	133920	intron_variant	0	0.277	6E-13	12.221848749616356		7.202	z score increase	Affymetrix, Illumina [63372103] (imputed)	N	FEV/FVC ratio	http://www.ebi.ac.uk/efo/EFO_0004713	GCST90244094	Genome-wide genotyping array
2023-12-12	36914875	Shrine N	2023-03-13	Nat Genet	www.ncbi.nlm.nih.gov/pubmed/36914875	Multi-ancestry genome-wide association analyses improve resolution of genes and pathways influencing lung function and chronic obstructive pulmonary disease risk.	Lung function (FEV1/FVC)	475,645 European ancestry individuals, 8,590 African ancestry individuals, 85,279 East Asian ancestry individuals, 4,270 South Asian ancestry individuals, 14,668 Hispanic or Latin American individuals	NA	5q35.3	5	177179051		NSD1			ENSG00000165671			rs2431501-A	rs2431501	0	2431501	intron_variant	0	0.712	7E-13	12.154901959985743		7.18	z score decrease	Affymetrix, Illumina [63372103] (imputed)	N	FEV/FVC ratio	http://www.ebi.ac.uk/efo/EFO_0004713	GCST90244094	Genome-wide genotyping array
2023-12-12	36914875	Shrine N	2023-03-13	Nat Genet	www.ncbi.nlm.nih.gov/pubmed/36914875	Multi-ancestry genome-wide association analyses improve resolution of genes and pathways influencing lung function and chronic obstructive pulmonary disease risk.	Lung function (FEV1/FVC)	475,645 European ancestry individuals, 8,590 African ancestry individuals, 85,279 East Asian ancestry individuals, 4,270 South Asian ancestry individuals, 14,668 Hispanic or Latin American individuals	NA	12p12.3	12	19655978		AEBP2			ENSG00000139154			rs10841302-C	rs10841302	0	10841302	intergenic_variant	0	0.508	8E-13	12.096910013008056		7.162	z score increase	Affymetrix, Illumina [63372103] (imputed)	N	FEV/FVC ratio	http://www.ebi.ac.uk/efo/EFO_0004713	GCST90244094	Genome-wide genotyping array
2023-12-12	36914875	Shrine N	2023-03-13	Nat Genet	www.ncbi.nlm.nih.gov/pubmed/36914875	Multi-ancestry genome-wide association analyses improve resolution of genes and pathways influencing lung function and chronic obstructive pulmonary disease risk.	Lung function (FEV1/FVC)	475,645 European ancestry individuals, 8,590 African ancestry individuals, 85,279 East Asian ancestry individuals, 4,270 South Asian ancestry individuals, 14,668 Hispanic or Latin American individuals	NA	11q14.1	11	78417289		GAB2			ENSG00000033327			rs881337-C	rs881337	0	881337	intron_variant	0	0.209	1E-12	12.0		7.136	z score decrease	Affymetrix, Illumina [63372103] (imputed)	N	FEV/FVC ratio	http://www.ebi.ac.uk/efo/EFO_0004713	GCST90244094	Genome-wide genotyping array
2023-12-12	36914875	Shrine N	2023-03-13	Nat Genet	www.ncbi.nlm.nih.gov/pubmed/36914875	Multi-ancestry genome-wide association analyses improve resolution of genes and pathways influencing lung function and chronic obstructive pulmonary disease risk.	Lung function (FEV1/FVC)	475,645 European ancestry individuals, 8,590 African ancestry individuals, 85,279 East Asian ancestry individuals, 4,270 South Asian ancestry individuals, 14,668 Hispanic or Latin American individuals	NA	3q13.2	3	113232501		BOC			ENSG00000144857			rs6769798-A	rs6769798	0	6769798	intron_variant	0	0.83	1E-12	12.0		7.131	z score increase	Affymetrix, Illumina [63372103] (imputed)	N	FEV/FVC ratio	http://www.ebi.ac.uk/efo/EFO_0004713	GCST90244094	Genome-wide genotyping array
2023-12-12	36914875	Shrine N	2023-03-13	Nat Genet	www.ncbi.nlm.nih.gov/pubmed/36914875	Multi-ancestry genome-wide association analyses improve resolution of genes and pathways influencing lung function and chronic obstructive pulmonary disease risk.	Lung function (FEV1/FVC)	475,645 European ancestry individuals, 8,590 African ancestry individuals, 85,279 East Asian ancestry individuals, 4,270 South Asian ancestry individuals, 14,668 Hispanic or Latin American individuals	NA	2q37.3	2	241308618		HDLBP			ENSG00000115677			rs7599888-C	rs7599888	0	7599888	intron_variant	0	0.447	1E-12	12.0		7.128	z score increase	Affymetrix, Illumina [63372103] (imputed)	N	FEV/FVC ratio	http://www.ebi.ac.uk/efo/EFO_0004713	GCST90244094	Genome-wide genotyping array
2023-12-12	36914875	Shrine N	2023-03-13	Nat Genet	www.ncbi.nlm.nih.gov/pubmed/36914875	Multi-ancestry genome-wide association analyses improve resolution of genes and pathways influencing lung function and chronic obstructive pulmonary disease risk.	Lung function (FEV1)	475,645 European ancestry individuals, 8,590 African ancestry individuals, 85,279 East Asian ancestry individuals, 4,270 South Asian ancestry individuals, 14,668 Hispanic or Latin American individuals	NA	1p31.1	1	82721793		ADGRL2 - LINC01362	ENSG00000117114	ENSG00000230817		727853	181390	rs975785-A	rs975785	0	975785	intron_variant	1	0.31	2E-9	8.698970004336019		5.964	z score decrease	Affymetrix, Illumina [63380712] (imputed)	N	forced expiratory volume	http://www.ebi.ac.uk/efo/EFO_0004314	GCST90244092	Genome-wide genotyping array
2023-12-12	36914875	Shrine N	2023-03-13	Nat Genet	www.ncbi.nlm.nih.gov/pubmed/36914875	Multi-ancestry genome-wide association analyses improve resolution of genes and pathways influencing lung function and chronic obstructive pulmonary disease risk.	Lung function (FEV1)	475,645 European ancestry individuals, 8,590 African ancestry individuals, 85,279 East Asian ancestry individuals, 4,270 South Asian ancestry individuals, 14,668 Hispanic or Latin American individuals	NA	1q32.2	1	207210563		C4BPAP1 - C4BPAP2	ENSG00000224462	ENSG00000232621		26653	15235	rs7516060-A	rs7516060	0	7516060	intron_variant	1	0.606	3E-9	8.522878745280337		5.96	z score increase	Affymetrix, Illumina [63380712] (imputed)	N	forced expiratory volume	http://www.ebi.ac.uk/efo/EFO_0004314	GCST90244092	Genome-wide genotyping array
2023-12-12	36914875	Shrine N	2023-03-13	Nat Genet	www.ncbi.nlm.nih.gov/pubmed/36914875	Multi-ancestry genome-wide association analyses improve resolution of genes and pathways influencing lung function and chronic obstructive pulmonary disease risk.	Lung function (FEV1)	475,645 European ancestry individuals, 8,590 African ancestry individuals, 85,279 East Asian ancestry individuals, 4,270 South Asian ancestry individuals, 14,668 Hispanic or Latin American individuals	NA	7p12.3	7	46016474		TTC4P1 - ZNF619P1	ENSG00000221971	ENSG00000224547		15696	128463	rs10246341-T	rs10246341	0	10246341	intron_variant	1	0.135	3E-9	8.522878745280337		5.958	z score increase	Affymetrix, Illumina [63380712] (imputed)	N	forced expiratory volume	http://www.ebi.ac.uk/efo/EFO_0004314	GCST90244092	Genome-wide genotyping array
2023-12-12	36914875	Shrine N	2023-03-13	Nat Genet	www.ncbi.nlm.nih.gov/pubmed/36914875	Multi-ancestry genome-wide association analyses improve resolution of genes and pathways influencing lung function and chronic obstructive pulmonary disease risk.	Lung function (FEV1)	475,645 European ancestry individuals, 8,590 African ancestry individuals, 85,279 East Asian ancestry individuals, 4,270 South Asian ancestry individuals, 14,668 Hispanic or Latin American individuals	NA	5q33.2	5	154769505		LARP1			ENSG00000155506			rs78924036-A	rs78924036	0	78924036	intron_variant	0	0.0333	3E-9	8.522878745280337		5.952	z score decrease	Affymetrix, Illumina [63380712] (imputed)	N	forced expiratory volume	http://www.ebi.ac.uk/efo/EFO_0004314	GCST90244092	Genome-wide genotyping array
2023-12-12	36914875	Shrine N	2023-03-13	Nat Genet	www.ncbi.nlm.nih.gov/pubmed/36914875	Multi-ancestry genome-wide association analyses improve resolution of genes and pathways influencing lung function and chronic obstructive pulmonary disease risk.	Lung function (FEV1)	475,645 European ancestry individuals, 8,590 African ancestry individuals, 85,279 East Asian ancestry individuals, 4,270 South Asian ancestry individuals, 14,668 Hispanic or Latin American individuals	NA	10q22.3	10	77509973		KCNMA1			ENSG00000156113			rs3127449-A	rs3127449	0	3127449	intron_variant	0	0.644	3E-9	8.522878745280337		5.938	z score increase	Affymetrix, Illumina [63380712] (imputed)	N	forced expiratory volume	http://www.ebi.ac.uk/efo/EFO_0004314	GCST90244092	Genome-wide genotyping array
2023-12-12	36914875	Shrine N	2023-03-13	Nat Genet	www.ncbi.nlm.nih.gov/pubmed/36914875	Multi-ancestry genome-wide association analyses improve resolution of genes and pathways influencing lung function and chronic obstructive pulmonary disease risk.	Lung function (FEV1)	475,645 European ancestry individuals, 8,590 African ancestry individuals, 85,279 East Asian ancestry individuals, 4,270 South Asian ancestry individuals, 14,668 Hispanic or Latin American individuals	NA	10q26.12	10	121265180		LINC01153 - RN7SKP167	ENSG00000227143	ENSG00000222979		79214	145736	rs4265539-A	rs4265539	0	4265539	intron_variant	1	0.349	3E-9	8.522878745280337		5.922	z score decrease	Affymetrix, Illumina [63380712] (imputed)	N	forced expiratory volume	http://www.ebi.ac.uk/efo/EFO_0004314	GCST90244092	Genome-wide genotyping array
2023-12-12	36914875	Shrine N	2023-03-13	Nat Genet	www.ncbi.nlm.nih.gov/pubmed/36914875	Multi-ancestry genome-wide association analyses improve resolution of genes and pathways influencing lung function and chronic obstructive pulmonary disease risk.	Lung function (FEV1)	475,645 European ancestry individuals, 8,590 African ancestry individuals, 85,279 East Asian ancestry individuals, 4,270 South Asian ancestry individuals, 14,668 Hispanic or Latin American individuals	NA	21q22.2	21	40645561		DSCAM			ENSG00000171587			rs73218223-T	rs73218223	0	73218223	intron_variant	0	0.962	3E-9	8.522878745280337		5.915	z score increase	Affymetrix, Illumina [63380712] (imputed)	N	forced expiratory volume	http://www.ebi.ac.uk/efo/EFO_0004314	GCST90244092	Genome-wide genotyping array
2023-12-12	36914875	Shrine N	2023-03-13	Nat Genet	www.ncbi.nlm.nih.gov/pubmed/36914875	Multi-ancestry genome-wide association analyses improve resolution of genes and pathways influencing lung function and chronic obstructive pulmonary disease risk.	Lung function (FEV1)	475,645 European ancestry individuals, 8,590 African ancestry individuals, 85,279 East Asian ancestry individuals, 4,270 South Asian ancestry individuals, 14,668 Hispanic or Latin American individuals	NA	19q13.42	19	55487775		NAT14 - SSC5D	ENSG00000090971	ENSG00000179954		206	629	rs8103017-C	rs8103017	0	8103017	TF_binding_site_variant	1	0.72	4E-9	8.397940008672037		5.906	z score increase	Affymetrix, Illumina [63380712] (imputed)	N	forced expiratory volume	http://www.ebi.ac.uk/efo/EFO_0004314	GCST90244092	Genome-wide genotyping array
2023-12-12	36914875	Shrine N	2023-03-13	Nat Genet	www.ncbi.nlm.nih.gov/pubmed/36914875	Multi-ancestry genome-wide association analyses improve resolution of genes and pathways influencing lung function and chronic obstructive pulmonary disease risk.	Lung function (FEV1)	475,645 European ancestry individuals, 8,590 African ancestry individuals, 85,279 East Asian ancestry individuals, 4,270 South Asian ancestry individuals, 14,668 Hispanic or Latin American individuals	NA	15q25.2	15	83669499		ADAMTSL3			ENSG00000156218			rs147726586-A	rs147726586	0	147726586	intron_variant	0	0.0882	4E-9	8.397940008672037		5.902	z score increase	Affymetrix, Illumina [63380712] (imputed)	N	forced expiratory volume	http://www.ebi.ac.uk/efo/EFO_0004314	GCST90244092	Genome-wide genotyping array
2023-12-12	36914875	Shrine N	2023-03-13	Nat Genet	www.ncbi.nlm.nih.gov/pubmed/36914875	Multi-ancestry genome-wide association analyses improve resolution of genes and pathways influencing lung function and chronic obstructive pulmonary disease risk.	Lung function (FEV1)	475,645 European ancestry individuals, 8,590 African ancestry individuals, 85,279 East Asian ancestry individuals, 4,270 South Asian ancestry individuals, 14,668 Hispanic or Latin American individuals	NA	12q22	12	95147655		FGD6			ENSG00000180263			rs6538607-A	rs6538607	0	6538607	intron_variant	0	0.624	4E-9	8.397940008672037		5.899	z score increase	Affymetrix, Illumina [63380712] (imputed)	N	forced expiratory volume	http://www.ebi.ac.uk/efo/EFO_0004314	GCST90244092	Genome-wide genotyping array
2023-12-12	36914875	Shrine N	2023-03-13	Nat Genet	www.ncbi.nlm.nih.gov/pubmed/36914875	Multi-ancestry genome-wide association analyses improve resolution of genes and pathways influencing lung function and chronic obstructive pulmonary disease risk.	Lung function (FEV1)	475,645 European ancestry individuals, 8,590 African ancestry individuals, 85,279 East Asian ancestry individuals, 4,270 South Asian ancestry individuals, 14,668 Hispanic or Latin American individuals	NA	Xq26.2	X	133902163		GPC3			ENSG00000147257			rs185107125-A	rs185107125	0	185107125	intron_variant	0	0.0082	4E-9	8.397940008672037		5.897	z score decrease	Affymetrix, Illumina [63380712] (imputed)	N	forced expiratory volume	http://www.ebi.ac.uk/efo/EFO_0004314	GCST90244092	Genome-wide genotyping array
2023-12-12	36914875	Shrine N	2023-03-13	Nat Genet	www.ncbi.nlm.nih.gov/pubmed/36914875	Multi-ancestry genome-wide association analyses improve resolution of genes and pathways influencing lung function and chronic obstructive pulmonary disease risk.	Lung function (FEV1)	475,645 European ancestry individuals, 8,590 African ancestry individuals, 85,279 East Asian ancestry individuals, 4,270 South Asian ancestry individuals, 14,668 Hispanic or Latin American individuals	NA	3p22.1	3	43438166		ANO10			ENSG00000160746			rs9845142-T	rs9845142	0	9845142	intron_variant	0	0.608	4E-9	8.397940008672037		5.89	z score increase	Affymetrix, Illumina [63380712] (imputed)	N	forced expiratory volume	http://www.ebi.ac.uk/efo/EFO_0004314	GCST90244092	Genome-wide genotyping array
2023-12-12	36914875	Shrine N	2023-03-13	Nat Genet	www.ncbi.nlm.nih.gov/pubmed/36914875	Multi-ancestry genome-wide association analyses improve resolution of genes and pathways influencing lung function and chronic obstructive pulmonary disease risk.	Lung function (FEV1)	475,645 European ancestry individuals, 8,590 African ancestry individuals, 85,279 East Asian ancestry individuals, 4,270 South Asian ancestry individuals, 14,668 Hispanic or Latin American individuals	NA	1p33	1	47243529		TAL1 - STIL	ENSG00000162367	ENSG00000123473		11304	6610	rs765861-A	rs765861	0	765861	intergenic_variant	1	0.416	4E-9	8.397940008672037		5.889	z score decrease	Affymetrix, Illumina [63380712] (imputed)	N	forced expiratory volume	http://www.ebi.ac.uk/efo/EFO_0004314	GCST90244092	Genome-wide genotyping array
2023-12-12	36914875	Shrine N	2023-03-13	Nat Genet	www.ncbi.nlm.nih.gov/pubmed/36914875	Multi-ancestry genome-wide association analyses improve resolution of genes and pathways influencing lung function and chronic obstructive pulmonary disease risk.	Lung function (FEV1)	475,645 European ancestry individuals, 8,590 African ancestry individuals, 85,279 East Asian ancestry individuals, 4,270 South Asian ancestry individuals, 14,668 Hispanic or Latin American individuals	NA	11q23.2	11	114160370		ZBTB16			ENSG00000109906			rs636406-C	rs636406	0	636406	non_coding_transcript_exon_variant	0	0.641	4E-9	8.397940008672037		5.881	z score decrease	Affymetrix, Illumina [63380712] (imputed)	N	forced expiratory volume	http://www.ebi.ac.uk/efo/EFO_0004314	GCST90244092	Genome-wide genotyping array
2023-12-12	36914875	Shrine N	2023-03-13	Nat Genet	www.ncbi.nlm.nih.gov/pubmed/36914875	Multi-ancestry genome-wide association analyses improve resolution of genes and pathways influencing lung function and chronic obstructive pulmonary disease risk.	Lung function (FEV1)	475,645 European ancestry individuals, 8,590 African ancestry individuals, 85,279 East Asian ancestry individuals, 4,270 South Asian ancestry individuals, 14,668 Hispanic or Latin American individuals	NA	10q11.21	10	44631526		RPL9P21 - TMEM72-AS1	ENSG00000214089	ENSG00000224812		216373	161593	rs1002588-A	rs1002588	0	1002588	intergenic_variant	1	0.261	4E-9	8.397940008672037		5.88	z score decrease	Affymetrix, Illumina [63380712] (imputed)	N	forced expiratory volume	http://www.ebi.ac.uk/efo/EFO_0004314	GCST90244092	Genome-wide genotyping array
2023-12-12	36914875	Shrine N	2023-03-13	Nat Genet	www.ncbi.nlm.nih.gov/pubmed/36914875	Multi-ancestry genome-wide association analyses improve resolution of genes and pathways influencing lung function and chronic obstructive pulmonary disease risk.	Lung function (FEV1)	475,645 European ancestry individuals, 8,590 African ancestry individuals, 85,279 East Asian ancestry individuals, 4,270 South Asian ancestry individuals, 14,668 Hispanic or Latin American individuals	NA	17q25.3	17	79799519		CBX8			ENSG00000141570			rs1105820-T	rs1105820	0	1105820	intergenic_variant	0	0.502	4E-9	8.397940008672037		5.878	z score increase	Affymetrix, Illumina [63380712] (imputed)	N	forced expiratory volume	http://www.ebi.ac.uk/efo/EFO_0004314	GCST90244092	Genome-wide genotyping array
2023-12-12	36914875	Shrine N	2023-03-13	Nat Genet	www.ncbi.nlm.nih.gov/pubmed/36914875	Multi-ancestry genome-wide association analyses improve resolution of genes and pathways influencing lung function and chronic obstructive pulmonary disease risk.	Lung function (FEV1)	475,645 European ancestry individuals, 8,590 African ancestry individuals, 85,279 East Asian ancestry individuals, 4,270 South Asian ancestry individuals, 14,668 Hispanic or Latin American individuals	NA	4q31.21	4	142975454		USP38-DT			ENSG00000250326			rs55909030-T	rs55909030	0	55909030	intron_variant	0	0.0444	4E-9	8.397940008672037		5.875	z score increase	Affymetrix, Illumina [63380712] (imputed)	N	forced expiratory volume	http://www.ebi.ac.uk/efo/EFO_0004314	GCST90244092	Genome-wide genotyping array
2023-12-12	36914875	Shrine N	2023-03-13	Nat Genet	www.ncbi.nlm.nih.gov/pubmed/36914875	Multi-ancestry genome-wide association analyses improve resolution of genes and pathways influencing lung function and chronic obstructive pulmonary disease risk.	Lung function (FEV1)	475,645 European ancestry individuals, 8,590 African ancestry individuals, 85,279 East Asian ancestry individuals, 4,270 South Asian ancestry individuals, 14,668 Hispanic or Latin American individuals	NA	9p24.3	9	1057294		DMRT2			ENSG00000173253			rs72703239-A	rs72703239	0	72703239	3_prime_UTR_variant	0	0.105	4E-9	8.397940008672037		5.868	z score increase	Affymetrix, Illumina [63380712] (imputed)	N	forced expiratory volume	http://www.ebi.ac.uk/efo/EFO_0004314	GCST90244092	Genome-wide genotyping array
2023-12-12	36914875	Shrine N	2023-03-13	Nat Genet	www.ncbi.nlm.nih.gov/pubmed/36914875	Multi-ancestry genome-wide association analyses improve resolution of genes and pathways influencing lung function and chronic obstructive pulmonary disease risk.	Lung function (FEV1)	475,645 European ancestry individuals, 8,590 African ancestry individuals, 85,279 East Asian ancestry individuals, 4,270 South Asian ancestry individuals, 14,668 Hispanic or Latin American individuals	NA	Xp11.3	X	45799685		MIR222HG			ENSG00000270069			rs4824561-A	rs4824561	0	4824561	intron_variant	0	0.723	5E-9	8.301029995663981		5.859	z score increase	Affymetrix, Illumina [63380712] (imputed)	N	forced expiratory volume	http://www.ebi.ac.uk/efo/EFO_0004314	GCST90244092	Genome-wide genotyping array
2023-12-12	36914875	Shrine N	2023-03-13	Nat Genet	www.ncbi.nlm.nih.gov/pubmed/36914875	Multi-ancestry genome-wide association analyses improve resolution of genes and pathways influencing lung function and chronic obstructive pulmonary disease risk.	Lung function (FEV1)	475,645 European ancestry individuals, 8,590 African ancestry individuals, 85,279 East Asian ancestry individuals, 4,270 South Asian ancestry individuals, 14,668 Hispanic or Latin American individuals	NA	9q22.33	9	98907106		NME2P3 - ADIPINT	ENSG00000229338	ENSG00000292223		15169	4098	rs7874187-A	rs7874187	0	7874187	regulatory_region_variant	1	0.623	5E-9	8.301029995663981		5.855	z score decrease	Affymetrix, Illumina [63380712] (imputed)	N	forced expiratory volume	http://www.ebi.ac.uk/efo/EFO_0004314	GCST90244092	Genome-wide genotyping array
2023-12-12	36914875	Shrine N	2023-03-13	Nat Genet	www.ncbi.nlm.nih.gov/pubmed/36914875	Multi-ancestry genome-wide association analyses improve resolution of genes and pathways influencing lung function and chronic obstructive pulmonary disease risk.	Lung function (FEV1)	475,645 European ancestry individuals, 8,590 African ancestry individuals, 85,279 East Asian ancestry individuals, 4,270 South Asian ancestry individuals, 14,668 Hispanic or Latin American individuals	NA	11p11.2	11	46793294		CKAP5			ENSG00000175216			rs79167034-T	rs79167034	0	79167034	intron_variant	0	0.977	5E-9	8.301029995663981		5.852	z score increase	Affymetrix, Illumina [63380712] (imputed)	N	forced expiratory volume	http://www.ebi.ac.uk/efo/EFO_0004314	GCST90244092	Genome-wide genotyping array
2023-12-12	36914875	Shrine N	2023-03-13	Nat Genet	www.ncbi.nlm.nih.gov/pubmed/36914875	Multi-ancestry genome-wide association analyses improve resolution of genes and pathways influencing lung function and chronic obstructive pulmonary disease risk.	Lung function (FEV1)	475,645 European ancestry individuals, 8,590 African ancestry individuals, 85,279 East Asian ancestry individuals, 4,270 South Asian ancestry individuals, 14,668 Hispanic or Latin American individuals	NA	1q25.1	1	175168240		KIAA0040			ENSG00000235750			rs760486-T	rs760486	0	760486	intron_variant	0	0.385	2E-11	10.698970004336019		6.698	z score increase	Affymetrix, Illumina [63380712] (imputed)	N	forced expiratory volume	http://www.ebi.ac.uk/efo/EFO_0004314	GCST90244092	Genome-wide genotyping array
2023-12-12	36914875	Shrine N	2023-03-13	Nat Genet	www.ncbi.nlm.nih.gov/pubmed/36914875	Multi-ancestry genome-wide association analyses improve resolution of genes and pathways influencing lung function and chronic obstructive pulmonary disease risk.	Lung function (FEV1)	475,645 European ancestry individuals, 8,590 African ancestry individuals, 85,279 East Asian ancestry individuals, 4,270 South Asian ancestry individuals, 14,668 Hispanic or Latin American individuals	NA	8p23.1	8	8913829		RNU6-682P - SNORA70	ENSG00000200713	ENSG00000206958		17911	47746	rs419425-A	rs419425	0	419425	intron_variant	1	0.628	2E-16	15.698970004336019		8.227	z score increase	Affymetrix, Illumina [63380712] (imputed)	N	forced expiratory volume	http://www.ebi.ac.uk/efo/EFO_0004314	GCST90244092	Genome-wide genotyping array
2023-12-12	36914875	Shrine N	2023-03-13	Nat Genet	www.ncbi.nlm.nih.gov/pubmed/36914875	Multi-ancestry genome-wide association analyses improve resolution of genes and pathways influencing lung function and chronic obstructive pulmonary disease risk.	Lung function (forced vital capacity)	475,645 European ancestry individuals, 8,590 African ancestry individuals, 85,279 East Asian ancestry individuals, 4,270 South Asian ancestry individuals, 14,668 Hispanic or Latin American individuals	NA	1q32.1	1	201047168		CACNA1S			ENSG00000081248			rs3850625-A	rs3850625	0	3850625	missense_variant	0	0.108	6E-10	9.221848749616356		6.186	z score decrease	Affymetrix, Illumina [63372548] (imputed)	N	vital capacity	http://www.ebi.ac.uk/efo/EFO_0004312	GCST90244093	Genome-wide genotyping array
2023-12-12	36914875	Shrine N	2023-03-13	Nat Genet	www.ncbi.nlm.nih.gov/pubmed/36914875	Multi-ancestry genome-wide association analyses improve resolution of genes and pathways influencing lung function and chronic obstructive pulmonary disease risk.	Lung function (forced vital capacity)	475,645 European ancestry individuals, 8,590 African ancestry individuals, 85,279 East Asian ancestry individuals, 4,270 South Asian ancestry individuals, 14,668 Hispanic or Latin American individuals	NA	Xq26.3	X	136753792		ARHGEF6			ENSG00000129675			rs473838-T	rs473838	0	473838	intron_variant	0	0.5535	9E-10	9.045757490560675		6.131	z score decrease	Affymetrix, Illumina [63372548] (imputed)	N	vital capacity	http://www.ebi.ac.uk/efo/EFO_0004312	GCST90244093	Genome-wide genotyping array
2023-12-12	36914875	Shrine N	2023-03-13	Nat Genet	www.ncbi.nlm.nih.gov/pubmed/36914875	Multi-ancestry genome-wide association analyses improve resolution of genes and pathways influencing lung function and chronic obstructive pulmonary disease risk.	Lung function (forced vital capacity)	475,645 European ancestry individuals, 8,590 African ancestry individuals, 85,279 East Asian ancestry individuals, 4,270 South Asian ancestry individuals, 14,668 Hispanic or Latin American individuals	NA	17q24.3	17	72085225		SOX9-AS1, LINC02097			ENSG00000234899, ENSG00000226101			rs982534-T	rs982534	0	982534	intron_variant	0	0.57	4E-14	13.397940008672037		7.55	z score increase	Affymetrix, Illumina [63372548] (imputed)	N	vital capacity	http://www.ebi.ac.uk/efo/EFO_0004312	GCST90244093	Genome-wide genotyping array
2023-12-12	36914875	Shrine N	2023-03-13	Nat Genet	www.ncbi.nlm.nih.gov/pubmed/36914875	Multi-ancestry genome-wide association analyses improve resolution of genes and pathways influencing lung function and chronic obstructive pulmonary disease risk.	Lung function (forced vital capacity)	475,645 European ancestry individuals, 8,590 African ancestry individuals, 85,279 East Asian ancestry individuals, 4,270 South Asian ancestry individuals, 14,668 Hispanic or Latin American individuals	NA	1q32.1	1	205708020		Metazoa_SRP - NUCKS1	ENSG00000274883	ENSG00000069275		23713	4802	rs3747973-A	rs3747973	0	3747973	intergenic_variant	1	0.418	5E-14	13.301029995663981		7.527	z score decrease	Affymetrix, Illumina [63372548] (imputed)	N	vital capacity	http://www.ebi.ac.uk/efo/EFO_0004312	GCST90244093	Genome-wide genotyping array
2023-12-12	36914875	Shrine N	2023-03-13	Nat Genet	www.ncbi.nlm.nih.gov/pubmed/36914875	Multi-ancestry genome-wide association analyses improve resolution of genes and pathways influencing lung function and chronic obstructive pulmonary disease risk.	Lung function (forced vital capacity)	475,645 European ancestry individuals, 8,590 African ancestry individuals, 85,279 East Asian ancestry individuals, 4,270 South Asian ancestry individuals, 14,668 Hispanic or Latin American individuals	NA	20q13.13	20	49061563		CSE1L			ENSG00000124207			rs11906713-T	rs11906713	0	11906713	intron_variant	0	0.219	5E-14	13.301029995663981		7.526	z score increase	Affymetrix, Illumina [63372548] (imputed)	N	vital capacity	http://www.ebi.ac.uk/efo/EFO_0004312	GCST90244093	Genome-wide genotyping array
2023-12-12	36914875	Shrine N	2023-03-13	Nat Genet	www.ncbi.nlm.nih.gov/pubmed/36914875	Multi-ancestry genome-wide association analyses improve resolution of genes and pathways influencing lung function and chronic obstructive pulmonary disease risk.	Lung function (forced vital capacity)	475,645 European ancestry individuals, 8,590 African ancestry individuals, 85,279 East Asian ancestry individuals, 4,270 South Asian ancestry individuals, 14,668 Hispanic or Latin American individuals	NA	7p21.2	7	15462527		AGMO			ENSG00000187546			rs2164394-T	rs2164394	0	2164394	intron_variant	0	0.761	5E-14	13.301029995663981		7.524	z score increase	Affymetrix, Illumina [63372548] (imputed)	N	vital capacity	http://www.ebi.ac.uk/efo/EFO_0004312	GCST90244093	Genome-wide genotyping array
2023-12-12	36914875	Shrine N	2023-03-13	Nat Genet	www.ncbi.nlm.nih.gov/pubmed/36914875	Multi-ancestry genome-wide association analyses improve resolution of genes and pathways influencing lung function and chronic obstructive pulmonary disease risk.	Lung function (forced vital capacity)	475,645 European ancestry individuals, 8,590 African ancestry individuals, 85,279 East Asian ancestry individuals, 4,270 South Asian ancestry individuals, 14,668 Hispanic or Latin American individuals	NA	5q31.3	5	140740014		VTRNA1-3 - PCDHA1	ENSG00000202515	ENSG00000204970		13768	46122	rs2563291-A	rs2563291	0	2563291	intergenic_variant	1	0.464	6E-14	13.221848749616356		7.508	z score decrease	Affymetrix, Illumina [63372548] (imputed)	N	vital capacity	http://www.ebi.ac.uk/efo/EFO_0004312	GCST90244093	Genome-wide genotyping array
2023-12-12	36914875	Shrine N	2023-03-13	Nat Genet	www.ncbi.nlm.nih.gov/pubmed/36914875	Multi-ancestry genome-wide association analyses improve resolution of genes and pathways influencing lung function and chronic obstructive pulmonary disease risk.	Lung function (forced vital capacity)	475,645 European ancestry individuals, 8,590 African ancestry individuals, 85,279 East Asian ancestry individuals, 4,270 South Asian ancestry individuals, 14,668 Hispanic or Latin American individuals	NA	2q31.2	2	177515950		AGPS			ENSG00000018510			rs566625249-T	rs566625249	0	566625249	intron_variant	0	0.866	7E-14	13.154901959985743		7.489	z score increase	Affymetrix, Illumina [63372548] (imputed)	N	vital capacity	http://www.ebi.ac.uk/efo/EFO_0004312	GCST90244093	Genome-wide genotyping array
2023-12-12	36914875	Shrine N	2023-03-13	Nat Genet	www.ncbi.nlm.nih.gov/pubmed/36914875	Multi-ancestry genome-wide association analyses improve resolution of genes and pathways influencing lung function and chronic obstructive pulmonary disease risk.	Lung function (forced vital capacity)	475,645 European ancestry individuals, 8,590 African ancestry individuals, 85,279 East Asian ancestry individuals, 4,270 South Asian ancestry individuals, 14,668 Hispanic or Latin American individuals	NA	9q33.1	9	116539011		ASTN2-AS1, ASTN2			ENSG00000229105, ENSG00000148219			rs76346015-T	rs76346015	0	76346015	intron_variant	0	0.143	7E-14	13.154901959985743		7.488	z score increase	Affymetrix, Illumina [63372548] (imputed)	N	vital capacity	http://www.ebi.ac.uk/efo/EFO_0004312	GCST90244093	Genome-wide genotyping array
2023-12-12	36914875	Shrine N	2023-03-13	Nat Genet	www.ncbi.nlm.nih.gov/pubmed/36914875	Multi-ancestry genome-wide association analyses improve resolution of genes and pathways influencing lung function and chronic obstructive pulmonary disease risk.	Lung function (forced vital capacity)	475,645 European ancestry individuals, 8,590 African ancestry individuals, 85,279 East Asian ancestry individuals, 4,270 South Asian ancestry individuals, 14,668 Hispanic or Latin American individuals	NA	12p13.33	12	2799164		ITFG2-AS1, FKBP4			ENSG00000258325, ENSG00000004478			rs56196860-A	rs56196860	0	56196860	missense_variant	0	0.0295	8E-14	13.096910013008056		7.477	z score decrease	Affymetrix, Illumina [63372548] (imputed)	N	vital capacity	http://www.ebi.ac.uk/efo/EFO_0004312	GCST90244093	Genome-wide genotyping array
2023-12-12	36914875	Shrine N	2023-03-13	Nat Genet	www.ncbi.nlm.nih.gov/pubmed/36914875	Multi-ancestry genome-wide association analyses improve resolution of genes and pathways influencing lung function and chronic obstructive pulmonary disease risk.	Lung function (forced vital capacity)	475,645 European ancestry individuals, 8,590 African ancestry individuals, 85,279 East Asian ancestry individuals, 4,270 South Asian ancestry individuals, 14,668 Hispanic or Latin American individuals	NA	14q21.3	14	50188639		SOS2			ENSG00000100485			rs72681869-C	rs72681869	0	72681869	missense_variant	0	0.0098	1E-13	13.0		7.427	z score increase	Affymetrix, Illumina [63372548] (imputed)	N	vital capacity	http://www.ebi.ac.uk/efo/EFO_0004312	GCST90244093	Genome-wide genotyping array
2023-12-12	36914875	Shrine N	2023-03-13	Nat Genet	www.ncbi.nlm.nih.gov/pubmed/36914875	Multi-ancestry genome-wide association analyses improve resolution of genes and pathways influencing lung function and chronic obstructive pulmonary disease risk.	Lung function (forced vital capacity)	475,645 European ancestry individuals, 8,590 African ancestry individuals, 85,279 East Asian ancestry individuals, 4,270 South Asian ancestry individuals, 14,668 Hispanic or Latin American individuals	NA	1p36.22	1	9377092		SPSB1 - LINC02606	ENSG00000171621	ENSG00000284693		7560	48002	rs12758001-C	rs12758001	0	12758001	regulatory_region_variant	1	0.578	1E-13	13.0		7.413	z score decrease	Affymetrix, Illumina [63372548] (imputed)	N	vital capacity	http://www.ebi.ac.uk/efo/EFO_0004312	GCST90244093	Genome-wide genotyping array
2023-12-12	36914875	Shrine N	2023-03-13	Nat Genet	www.ncbi.nlm.nih.gov/pubmed/36914875	Multi-ancestry genome-wide association analyses improve resolution of genes and pathways influencing lung function and chronic obstructive pulmonary disease risk.	Lung function (forced vital capacity)	475,645 European ancestry individuals, 8,590 African ancestry individuals, 85,279 East Asian ancestry individuals, 4,270 South Asian ancestry individuals, 14,668 Hispanic or Latin American individuals	NA	10q22.3	10	79169036		ZMIZ1			ENSG00000108175			rs1815314-A	rs1815314	0	1815314	intron_variant	0	0.378	1E-13	13.0		7.389	z score increase	Affymetrix, Illumina [63372548] (imputed)	N	vital capacity	http://www.ebi.ac.uk/efo/EFO_0004312	GCST90244093	Genome-wide genotyping array
2023-12-12	36914875	Shrine N	2023-03-13	Nat Genet	www.ncbi.nlm.nih.gov/pubmed/36914875	Multi-ancestry genome-wide association analyses improve resolution of genes and pathways influencing lung function and chronic obstructive pulmonary disease risk.	Lung function (forced vital capacity)	475,645 European ancestry individuals, 8,590 African ancestry individuals, 85,279 East Asian ancestry individuals, 4,270 South Asian ancestry individuals, 14,668 Hispanic or Latin American individuals	NA	2q34	2	209457488		MAP2			ENSG00000078018			rs13425141-C	rs13425141	0	13425141	intron_variant	0	0.239	2E-13	12.698970004336019		7.356	z score decrease	Affymetrix, Illumina [63372548] (imputed)	N	vital capacity	http://www.ebi.ac.uk/efo/EFO_0004312	GCST90244093	Genome-wide genotyping array
2023-12-12	36914875	Shrine N	2023-03-13	Nat Genet	www.ncbi.nlm.nih.gov/pubmed/36914875	Multi-ancestry genome-wide association analyses improve resolution of genes and pathways influencing lung function and chronic obstructive pulmonary disease risk.	Lung function (forced vital capacity)	475,645 European ancestry individuals, 8,590 African ancestry individuals, 85,279 East Asian ancestry individuals, 4,270 South Asian ancestry individuals, 14,668 Hispanic or Latin American individuals	NA	9q21.33	9	86471363		RNU2-36P - LINC02834	ENSG00000222293	ENSG00000285686		48235	197886	rs750188-A	rs750188	0	750188	intron_variant	1	0.565	8E-11	10.096910013008056		6.5	z score decrease	Affymetrix, Illumina [63372548] (imputed)	N	vital capacity	http://www.ebi.ac.uk/efo/EFO_0004312	GCST90244093	Genome-wide genotyping array
2023-12-12	36914875	Shrine N	2023-03-13	Nat Genet	www.ncbi.nlm.nih.gov/pubmed/36914875	Multi-ancestry genome-wide association analyses improve resolution of genes and pathways influencing lung function and chronic obstructive pulmonary disease risk.	Lung function (forced vital capacity)	475,645 European ancestry individuals, 8,590 African ancestry individuals, 85,279 East Asian ancestry individuals, 4,270 South Asian ancestry individuals, 14,668 Hispanic or Latin American individuals	NA	2p14	2	65834925		LINC02934			ENSG00000204929			rs7597074-T	rs7597074	0	7597074	intron_variant	0	0.87	3E-13	12.522878745280337		7.292	z score increase	Affymetrix, Illumina [63372548] (imputed)	N	vital capacity	http://www.ebi.ac.uk/efo/EFO_0004312	GCST90244093	Genome-wide genotyping array
2023-12-12	36914875	Shrine N	2023-03-13	Nat Genet	www.ncbi.nlm.nih.gov/pubmed/36914875	Multi-ancestry genome-wide association analyses improve resolution of genes and pathways influencing lung function and chronic obstructive pulmonary disease risk.	Lung function (forced vital capacity)	475,645 European ancestry individuals, 8,590 African ancestry individuals, 85,279 East Asian ancestry individuals, 4,270 South Asian ancestry individuals, 14,668 Hispanic or Latin American individuals	NA	20p11.21	20	25222256		ENTPD6			ENSG00000197586			rs6037062-A	rs6037062	0	6037062	intron_variant	0	0.532	3E-13	12.522878745280337		7.275	z score decrease	Affymetrix, Illumina [63372548] (imputed)	N	vital capacity	http://www.ebi.ac.uk/efo/EFO_0004312	GCST90244093	Genome-wide genotyping array
2023-12-12	36914875	Shrine N	2023-03-13	Nat Genet	www.ncbi.nlm.nih.gov/pubmed/36914875	Multi-ancestry genome-wide association analyses improve resolution of genes and pathways influencing lung function and chronic obstructive pulmonary disease risk.	Lung function (forced vital capacity)	475,645 European ancestry individuals, 8,590 African ancestry individuals, 85,279 East Asian ancestry individuals, 4,270 South Asian ancestry individuals, 14,668 Hispanic or Latin American individuals	NA	7q21.3	7	95977312		DYNC1I1			ENSG00000158560			rs12540849-A	rs12540849	0	12540849	intron_variant	0	0.241	4E-13	12.397940008672037		7.267	z score increase	Affymetrix, Illumina [63372548] (imputed)	N	vital capacity	http://www.ebi.ac.uk/efo/EFO_0004312	GCST90244093	Genome-wide genotyping array
2023-12-12	36914875	Shrine N	2023-03-13	Nat Genet	www.ncbi.nlm.nih.gov/pubmed/36914875	Multi-ancestry genome-wide association analyses improve resolution of genes and pathways influencing lung function and chronic obstructive pulmonary disease risk.	Lung function (forced vital capacity)	475,645 European ancestry individuals, 8,590 African ancestry individuals, 85,279 East Asian ancestry individuals, 4,270 South Asian ancestry individuals, 14,668 Hispanic or Latin American individuals	NA	5q32	5	148691691		HTR4 - ADRB2	ENSG00000164270	ENSG00000169252		14456	134920	rs10041818-T	rs10041818	0	10041818	intergenic_variant	1	0.395	4E-13	12.397940008672037		7.256	z score increase	Affymetrix, Illumina [63372548] (imputed)	N	vital capacity	http://www.ebi.ac.uk/efo/EFO_0004312	GCST90244093	Genome-wide genotyping array
2023-12-12	36914875	Shrine N	2023-03-13	Nat Genet	www.ncbi.nlm.nih.gov/pubmed/36914875	Multi-ancestry genome-wide association analyses improve resolution of genes and pathways influencing lung function and chronic obstructive pulmonary disease risk.	Lung function (forced vital capacity)	475,645 European ancestry individuals, 8,590 African ancestry individuals, 85,279 East Asian ancestry individuals, 4,270 South Asian ancestry individuals, 14,668 Hispanic or Latin American individuals	NA	18q21.32	18	60116885		RNU6-567P - LINC03111	ENSG00000252555	ENSG00000267686		98154	8148	rs145951492-G	rs145951492	1	71177101	intergenic_variant	1	0.788	5E-13	12.301029995663981		7.227	z score increase	Affymetrix, Illumina [63372548] (imputed)	N	vital capacity	http://www.ebi.ac.uk/efo/EFO_0004312	GCST90244093	Genome-wide genotyping array
2023-12-12	36914875	Shrine N	2023-03-13	Nat Genet	www.ncbi.nlm.nih.gov/pubmed/36914875	Multi-ancestry genome-wide association analyses improve resolution of genes and pathways influencing lung function and chronic obstructive pulmonary disease risk.	Lung function (forced vital capacity)	475,645 European ancestry individuals, 8,590 African ancestry individuals, 85,279 East Asian ancestry individuals, 4,270 South Asian ancestry individuals, 14,668 Hispanic or Latin American individuals	NA	6q24.2	6	143699763		PHACTR2			ENSG00000112419			rs9496739-A	rs9496739	0	9496739	intron_variant	0	0.259	5E-13	12.301029995663981		7.227	z score decrease	Affymetrix, Illumina [63372548] (imputed)	N	vital capacity	http://www.ebi.ac.uk/efo/EFO_0004312	GCST90244093	Genome-wide genotyping array
2023-12-12	36914875	Shrine N	2023-03-13	Nat Genet	www.ncbi.nlm.nih.gov/pubmed/36914875	Multi-ancestry genome-wide association analyses improve resolution of genes and pathways influencing lung function and chronic obstructive pulmonary disease risk.	Lung function (forced vital capacity)	475,645 European ancestry individuals, 8,590 African ancestry individuals, 85,279 East Asian ancestry individuals, 4,270 South Asian ancestry individuals, 14,668 Hispanic or Latin American individuals	NA	12q14.3	12	65623681		MSRB3-AS1			ENSG00000250748			rs2468384-C	rs2468384	0	2468384	intron_variant	0	0.204	5E-13	12.301029995663981		7.216	z score decrease	Affymetrix, Illumina [63372548] (imputed)	N	vital capacity	http://www.ebi.ac.uk/efo/EFO_0004312	GCST90244093	Genome-wide genotyping array
2023-12-12	36914875	Shrine N	2023-03-13	Nat Genet	www.ncbi.nlm.nih.gov/pubmed/36914875	Multi-ancestry genome-wide association analyses improve resolution of genes and pathways influencing lung function and chronic obstructive pulmonary disease risk.	Lung function (forced vital capacity)	475,645 European ancestry individuals, 8,590 African ancestry individuals, 85,279 East Asian ancestry individuals, 4,270 South Asian ancestry individuals, 14,668 Hispanic or Latin American individuals	NA	16p13.2	16	8569748		TMEM114			ENSG00000232258			rs7198383-T	rs7198383	0	7198383	3_prime_UTR_variant	0	0.702	6E-13	12.221848749616356		7.205	z score increase	Affymetrix, Illumina [63372548] (imputed)	N	vital capacity	http://www.ebi.ac.uk/efo/EFO_0004312	GCST90244093	Genome-wide genotyping array
2023-12-12	36914875	Shrine N	2023-03-13	Nat Genet	www.ncbi.nlm.nih.gov/pubmed/36914875	Multi-ancestry genome-wide association analyses improve resolution of genes and pathways influencing lung function and chronic obstructive pulmonary disease risk.	Lung function (forced vital capacity)	475,645 European ancestry individuals, 8,590 African ancestry individuals, 85,279 East Asian ancestry individuals, 4,270 South Asian ancestry individuals, 14,668 Hispanic or Latin American individuals	NA	1q32.1	1	199737302		LINC02789 - RNU6-778P	ENSG00000231718	ENSG00000200139		343995	150857	rs2502136-T	rs2502136	0	2502136	intergenic_variant	1	0.461	6E-13	12.221848749616356		7.202	z score decrease	Affymetrix, Illumina [63372548] (imputed)	N	vital capacity	http://www.ebi.ac.uk/efo/EFO_0004312	GCST90244093	Genome-wide genotyping array
2023-12-12	36914875	Shrine N	2023-03-13	Nat Genet	www.ncbi.nlm.nih.gov/pubmed/36914875	Multi-ancestry genome-wide association analyses improve resolution of genes and pathways influencing lung function and chronic obstructive pulmonary disease risk.	Lung function (forced vital capacity)	475,645 European ancestry individuals, 8,590 African ancestry individuals, 85,279 East Asian ancestry individuals, 4,270 South Asian ancestry individuals, 14,668 Hispanic or Latin American individuals	NA	6p21.31	6	34782072		SNRPC - BLTP3A	ENSG00000124562	ENSG00000065060		8215	10011	rs9689160-A	rs9689160	0	9689160	intergenic_variant	1	0.744	3E-14	13.522878745280337		7.614	z score increase	Affymetrix, Illumina [63372548] (imputed)	N	vital capacity	http://www.ebi.ac.uk/efo/EFO_0004312	GCST90244093	Genome-wide genotyping array
2023-12-12	36914875	Shrine N	2023-03-13	Nat Genet	www.ncbi.nlm.nih.gov/pubmed/36914875	Multi-ancestry genome-wide association analyses improve resolution of genes and pathways influencing lung function and chronic obstructive pulmonary disease risk.	Lung function (forced vital capacity)	475,645 European ancestry individuals, 8,590 African ancestry individuals, 85,279 East Asian ancestry individuals, 4,270 South Asian ancestry individuals, 14,668 Hispanic or Latin American individuals	NA	6q23.2	6	130952742		EPB41L2			ENSG00000079819			rs9388871-A	rs9388871	0	9388871	intron_variant	0	0.229	3E-14	13.522878745280337		7.605	z score increase	Affymetrix, Illumina [63372548] (imputed)	N	vital capacity	http://www.ebi.ac.uk/efo/EFO_0004312	GCST90244093	Genome-wide genotyping array
2023-12-12	36914875	Shrine N	2023-03-13	Nat Genet	www.ncbi.nlm.nih.gov/pubmed/36914875	Multi-ancestry genome-wide association analyses improve resolution of genes and pathways influencing lung function and chronic obstructive pulmonary disease risk.	Lung function (forced vital capacity)	475,645 European ancestry individuals, 8,590 African ancestry individuals, 85,279 East Asian ancestry individuals, 4,270 South Asian ancestry individuals, 14,668 Hispanic or Latin American individuals	NA	12p13.33	12	1128495		ERC1			ENSG00000082805			rs10848442-A	rs10848442	0	10848442	intron_variant	0	0.55	4E-14	13.397940008672037		7.571	z score increase	Affymetrix, Illumina [63372548] (imputed)	N	vital capacity	http://www.ebi.ac.uk/efo/EFO_0004312	GCST90244093	Genome-wide genotyping array
2023-12-12	36914875	Shrine N	2023-03-13	Nat Genet	www.ncbi.nlm.nih.gov/pubmed/36914875	Multi-ancestry genome-wide association analyses improve resolution of genes and pathways influencing lung function and chronic obstructive pulmonary disease risk.	Lung function (forced vital capacity)	475,645 European ancestry individuals, 8,590 African ancestry individuals, 85,279 East Asian ancestry individuals, 4,270 South Asian ancestry individuals, 14,668 Hispanic or Latin American individuals	NA	5q12.1	5	62117099		LINC03122 - RN7SKP157	ENSG00000178722	ENSG00000251983		308506	29566	rs4700001-T	rs4700001	0	4700001	intron_variant	1	0.363	2E-9	8.698970004336019		6.036	z score increase	Affymetrix, Illumina [63372548] (imputed)	N	vital capacity	http://www.ebi.ac.uk/efo/EFO_0004312	GCST90244093	Genome-wide genotyping array
2023-12-12	36914875	Shrine N	2023-03-13	Nat Genet	www.ncbi.nlm.nih.gov/pubmed/36914875	Multi-ancestry genome-wide association analyses improve resolution of genes and pathways influencing lung function and chronic obstructive pulmonary disease risk.	Lung function (forced vital capacity)	475,645 European ancestry individuals, 8,590 African ancestry individuals, 85,279 East Asian ancestry individuals, 4,270 South Asian ancestry individuals, 14,668 Hispanic or Latin American individuals	NA	1q25.2	1	176658728		PAPPA2			ENSG00000116183			rs58090844-A	rs58090844	0	58090844	intron_variant	0	0.928	2E-9	8.698970004336019		6.02	z score increase	Affymetrix, Illumina [63372548] (imputed)	N	vital capacity	http://www.ebi.ac.uk/efo/EFO_0004312	GCST90244093	Genome-wide genotyping array
2023-12-12	36914875	Shrine N	2023-03-13	Nat Genet	www.ncbi.nlm.nih.gov/pubmed/36914875	Multi-ancestry genome-wide association analyses improve resolution of genes and pathways influencing lung function and chronic obstructive pulmonary disease risk.	Lung function (forced vital capacity)	475,645 European ancestry individuals, 8,590 African ancestry individuals, 85,279 East Asian ancestry individuals, 4,270 South Asian ancestry individuals, 14,668 Hispanic or Latin American individuals	NA	4q25	4	108545191		RPL34-DT			ENSG00000234492			rs4266352-A	rs4266352	0	4266352	intron_variant	0	0.773	2E-9	8.698970004336019		6.017	z score increase	Affymetrix, Illumina [63372548] (imputed)	N	vital capacity	http://www.ebi.ac.uk/efo/EFO_0004312	GCST90244093	Genome-wide genotyping array
2023-12-12	36914875	Shrine N	2023-03-13	Nat Genet	www.ncbi.nlm.nih.gov/pubmed/36914875	Multi-ancestry genome-wide association analyses improve resolution of genes and pathways influencing lung function and chronic obstructive pulmonary disease risk.	Lung function (forced vital capacity)	475,645 European ancestry individuals, 8,590 African ancestry individuals, 85,279 East Asian ancestry individuals, 4,270 South Asian ancestry individuals, 14,668 Hispanic or Latin American individuals	NA	18q12.3	18	40522516		RPL17P45 - KC6	ENSG00000267664	ENSG00000267313		378012	853292	rs4644921-A	rs4644921	0	4644921	intergenic_variant	1	0.279	2E-9	8.698970004336019		6.001	z score increase	Affymetrix, Illumina [63372548] (imputed)	N	vital capacity	http://www.ebi.ac.uk/efo/EFO_0004312	GCST90244093	Genome-wide genotyping array
2023-12-12	36914875	Shrine N	2023-03-13	Nat Genet	www.ncbi.nlm.nih.gov/pubmed/36914875	Multi-ancestry genome-wide association analyses improve resolution of genes and pathways influencing lung function and chronic obstructive pulmonary disease risk.	Lung function (forced vital capacity)	475,645 European ancestry individuals, 8,590 African ancestry individuals, 85,279 East Asian ancestry individuals, 4,270 South Asian ancestry individuals, 14,668 Hispanic or Latin American individuals	NA	15q24.1	15	74723851		CYP1A1			ENSG00000140465			rs4646421-A	rs4646421	0	4646421	intron_variant	0	0.144	2E-9	8.698970004336019		5.995	z score decrease	Affymetrix, Illumina [63372548] (imputed)	N	vital capacity	http://www.ebi.ac.uk/efo/EFO_0004312	GCST90244093	Genome-wide genotyping array
2023-12-12	36914875	Shrine N	2023-03-13	Nat Genet	www.ncbi.nlm.nih.gov/pubmed/36914875	Multi-ancestry genome-wide association analyses improve resolution of genes and pathways influencing lung function and chronic obstructive pulmonary disease risk.	Lung function (forced vital capacity)	475,645 European ancestry individuals, 8,590 African ancestry individuals, 85,279 East Asian ancestry individuals, 4,270 South Asian ancestry individuals, 14,668 Hispanic or Latin American individuals	NA	6p21.1	6	44928781		SUPT3H			ENSG00000196284			rs634789-C	rs634789	0	634789	intron_variant	0	0.538	2E-9	8.698970004336019		5.994	z score decrease	Affymetrix, Illumina [63372548] (imputed)	N	vital capacity	http://www.ebi.ac.uk/efo/EFO_0004312	GCST90244093	Genome-wide genotyping array
2023-12-12	36914875	Shrine N	2023-03-13	Nat Genet	www.ncbi.nlm.nih.gov/pubmed/36914875	Multi-ancestry genome-wide association analyses improve resolution of genes and pathways influencing lung function and chronic obstructive pulmonary disease risk.	Lung function (forced vital capacity)	475,645 European ancestry individuals, 8,590 African ancestry individuals, 85,279 East Asian ancestry individuals, 4,270 South Asian ancestry individuals, 14,668 Hispanic or Latin American individuals	NA	11p14.1	11	30526356		MPPED2			ENSG00000066382			rs16920880-A	rs16920880	0	16920880	intron_variant	0	0.732	2E-9	8.698970004336019		5.981	z score increase	Affymetrix, Illumina [63372548] (imputed)	N	vital capacity	http://www.ebi.ac.uk/efo/EFO_0004312	GCST90244093	Genome-wide genotyping array
2023-12-12	36914875	Shrine N	2023-03-13	Nat Genet	www.ncbi.nlm.nih.gov/pubmed/36914875	Multi-ancestry genome-wide association analyses improve resolution of genes and pathways influencing lung function and chronic obstructive pulmonary disease risk.	Lung function (forced vital capacity)	475,645 European ancestry individuals, 8,590 African ancestry individuals, 85,279 East Asian ancestry individuals, 4,270 South Asian ancestry individuals, 14,668 Hispanic or Latin American individuals	NA	17p13.3	17	1470224		MYO1C			ENSG00000197879			rs9905106-T	rs9905106	0	9905106	missense_variant	0	0.306	3E-9	8.522878745280337		5.955	z score increase	Affymetrix, Illumina [63372548] (imputed)	N	vital capacity	http://www.ebi.ac.uk/efo/EFO_0004312	GCST90244093	Genome-wide genotyping array
2023-12-12	36914875	Shrine N	2023-03-13	Nat Genet	www.ncbi.nlm.nih.gov/pubmed/36914875	Multi-ancestry genome-wide association analyses improve resolution of genes and pathways influencing lung function and chronic obstructive pulmonary disease risk.	Lung function (forced vital capacity)	475,645 European ancestry individuals, 8,590 African ancestry individuals, 85,279 East Asian ancestry individuals, 4,270 South Asian ancestry individuals, 14,668 Hispanic or Latin American individuals	NA	1p12	1	118932211		TBX15			ENSG00000092607			rs946210-T	rs946210	0	946210	intron_variant	0	0.25	3E-9	8.522878745280337		5.951	z score decrease	Affymetrix, Illumina [63372548] (imputed)	N	vital capacity	http://www.ebi.ac.uk/efo/EFO_0004312	GCST90244093	Genome-wide genotyping array
2023-12-12	36914875	Shrine N	2023-03-13	Nat Genet	www.ncbi.nlm.nih.gov/pubmed/36914875	Multi-ancestry genome-wide association analyses improve resolution of genes and pathways influencing lung function and chronic obstructive pulmonary disease risk.	Lung function (forced vital capacity)	475,645 European ancestry individuals, 8,590 African ancestry individuals, 85,279 East Asian ancestry individuals, 4,270 South Asian ancestry individuals, 14,668 Hispanic or Latin American individuals	NA	1q41	1	215134111		KCNK2			ENSG00000082482			rs112080577-G	rs112080577	0	112080577	intron_variant	0	0.241	3E-9	8.522878745280337		5.95	z score decrease	Affymetrix, Illumina [63372548] (imputed)	N	vital capacity	http://www.ebi.ac.uk/efo/EFO_0004312	GCST90244093	Genome-wide genotyping array
2023-12-12	36914875	Shrine N	2023-03-13	Nat Genet	www.ncbi.nlm.nih.gov/pubmed/36914875	Multi-ancestry genome-wide association analyses improve resolution of genes and pathways influencing lung function and chronic obstructive pulmonary disease risk.	Lung function (forced vital capacity)	475,645 European ancestry individuals, 8,590 African ancestry individuals, 85,279 East Asian ancestry individuals, 4,270 South Asian ancestry individuals, 14,668 Hispanic or Latin American individuals	NA	12q13.11	12	46392611		SLC38A4-AS1			ENSG00000257261			rs1125909-A	rs1125909	0	1125909	intron_variant	0	0.722	3E-9	8.522878745280337		5.95	z score increase	Affymetrix, Illumina [63372548] (imputed)	N	vital capacity	http://www.ebi.ac.uk/efo/EFO_0004312	GCST90244093	Genome-wide genotyping array
2023-12-12	36914875	Shrine N	2023-03-13	Nat Genet	www.ncbi.nlm.nih.gov/pubmed/36914875	Multi-ancestry genome-wide association analyses improve resolution of genes and pathways influencing lung function and chronic obstructive pulmonary disease risk.	Lung function (forced vital capacity)	475,645 European ancestry individuals, 8,590 African ancestry individuals, 85,279 East Asian ancestry individuals, 4,270 South Asian ancestry individuals, 14,668 Hispanic or Latin American individuals	NA	1q41	1	218532847		LINC02869 - U3	ENSG00000228208	ENSG00000221496		6861	8843	rs559008623-A	rs559008623	0	559008623	intergenic_variant	1	0.984	3E-9	8.522878745280337		5.942	z score decrease	Affymetrix, Illumina [63372548] (imputed)	N	vital capacity	http://www.ebi.ac.uk/efo/EFO_0004312	GCST90244093	Genome-wide genotyping array
2023-12-12	36914875	Shrine N	2023-03-13	Nat Genet	www.ncbi.nlm.nih.gov/pubmed/36914875	Multi-ancestry genome-wide association analyses improve resolution of genes and pathways influencing lung function and chronic obstructive pulmonary disease risk.	Lung function (forced vital capacity)	475,645 European ancestry individuals, 8,590 African ancestry individuals, 85,279 East Asian ancestry individuals, 4,270 South Asian ancestry individuals, 14,668 Hispanic or Latin American individuals	NA	7q36.1	7	150845427		AOC1			ENSG00000002726			rs6977081-T	rs6977081	0	6977081	intron_variant	0	0.394	3E-9	8.522878745280337		5.939	z score increase	Affymetrix, Illumina [63372548] (imputed)	N	vital capacity	http://www.ebi.ac.uk/efo/EFO_0004312	GCST90244093	Genome-wide genotyping array
2023-12-12	36914875	Shrine N	2023-03-13	Nat Genet	www.ncbi.nlm.nih.gov/pubmed/36914875	Multi-ancestry genome-wide association analyses improve resolution of genes and pathways influencing lung function and chronic obstructive pulmonary disease risk.	Lung function (forced vital capacity)	475,645 European ancestry individuals, 8,590 African ancestry individuals, 85,279 East Asian ancestry individuals, 4,270 South Asian ancestry individuals, 14,668 Hispanic or Latin American individuals	NA	8p21.3	8	22607647		CCAR2			ENSG00000158941			rs34269854-C	rs34269854	0	34269854	intron_variant	0	0.32	3E-9	8.522878745280337		5.913	z score decrease	Affymetrix, Illumina [63372548] (imputed)	N	vital capacity	http://www.ebi.ac.uk/efo/EFO_0004312	GCST90244093	Genome-wide genotyping array
2023-12-12	36914875	Shrine N	2023-03-13	Nat Genet	www.ncbi.nlm.nih.gov/pubmed/36914875	Multi-ancestry genome-wide association analyses improve resolution of genes and pathways influencing lung function and chronic obstructive pulmonary disease risk.	Lung function (forced vital capacity)	475,645 European ancestry individuals, 8,590 African ancestry individuals, 85,279 East Asian ancestry individuals, 4,270 South Asian ancestry individuals, 14,668 Hispanic or Latin American individuals	NA	3p22.2	3	38420888		XYLB			ENSG00000093217			rs9311188-A	rs9311188	1	1141465	regulatory_region_variant	0	0.331	3E-9	8.522878745280337		5.908	z score decrease	Affymetrix, Illumina [63372548] (imputed)	N	vital capacity	http://www.ebi.ac.uk/efo/EFO_0004312	GCST90244093	Genome-wide genotyping array
2023-12-12	36914875	Shrine N	2023-03-13	Nat Genet	www.ncbi.nlm.nih.gov/pubmed/36914875	Multi-ancestry genome-wide association analyses improve resolution of genes and pathways influencing lung function and chronic obstructive pulmonary disease risk.	Lung function (forced vital capacity)	475,645 European ancestry individuals, 8,590 African ancestry individuals, 85,279 East Asian ancestry individuals, 4,270 South Asian ancestry individuals, 14,668 Hispanic or Latin American individuals	NA	9p13.2	9	37753577		FRMPD1 - TRMT10B	ENSG00000070601	ENSG00000165275		6673	197	rs78591290-A	rs78591290	0	78591290	intron_variant	1	0.149	4E-9	8.397940008672037		5.893	z score increase	Affymetrix, Illumina [63372548] (imputed)	N	vital capacity	http://www.ebi.ac.uk/efo/EFO_0004312	GCST90244093	Genome-wide genotyping array
2023-12-12	36914875	Shrine N	2023-03-13	Nat Genet	www.ncbi.nlm.nih.gov/pubmed/36914875	Multi-ancestry genome-wide association analyses improve resolution of genes and pathways influencing lung function and chronic obstructive pulmonary disease risk.	Lung function (forced vital capacity)	475,645 European ancestry individuals, 8,590 African ancestry individuals, 85,279 East Asian ancestry individuals, 4,270 South Asian ancestry individuals, 14,668 Hispanic or Latin American individuals	NA	Xq28	X	154676120		GAB3			ENSG00000160219			rs5945108-A	rs5945108	0	5945108	3_prime_UTR_variant	0	0.7487	4E-9	8.397940008672037		5.89	z score increase	Affymetrix, Illumina [63372548] (imputed)	N	vital capacity	http://www.ebi.ac.uk/efo/EFO_0004312	GCST90244093	Genome-wide genotyping array
2023-12-12	36914875	Shrine N	2023-03-13	Nat Genet	www.ncbi.nlm.nih.gov/pubmed/36914875	Multi-ancestry genome-wide association analyses improve resolution of genes and pathways influencing lung function and chronic obstructive pulmonary disease risk.	Lung function (forced vital capacity)	475,645 European ancestry individuals, 8,590 African ancestry individuals, 85,279 East Asian ancestry individuals, 4,270 South Asian ancestry individuals, 14,668 Hispanic or Latin American individuals	NA	1q21.3	1	154281185		HAX1 - RNU6-239P	ENSG00000143575	ENSG00000212292		5303	14318	rs6667222-A	rs6667222	0	6667222	intergenic_variant	1	0.768	4E-9	8.397940008672037		5.878	z score decrease	Affymetrix, Illumina [63372548] (imputed)	N	vital capacity	http://www.ebi.ac.uk/efo/EFO_0004312	GCST90244093	Genome-wide genotyping array
2023-12-12	36914875	Shrine N	2023-03-13	Nat Genet	www.ncbi.nlm.nih.gov/pubmed/36914875	Multi-ancestry genome-wide association analyses improve resolution of genes and pathways influencing lung function and chronic obstructive pulmonary disease risk.	Lung function (forced vital capacity)	475,645 European ancestry individuals, 8,590 African ancestry individuals, 85,279 East Asian ancestry individuals, 4,270 South Asian ancestry individuals, 14,668 Hispanic or Latin American individuals	NA	16q23.3	16	81707224		CMIP			ENSG00000153815			rs67721827-T	rs67721827	0	67721827	intron_variant	0	0.686	4E-9	8.397940008672037		5.877	z score increase	Affymetrix, Illumina [63372548] (imputed)	N	vital capacity	http://www.ebi.ac.uk/efo/EFO_0004312	GCST90244093	Genome-wide genotyping array
2023-12-12	36914875	Shrine N	2023-03-13	Nat Genet	www.ncbi.nlm.nih.gov/pubmed/36914875	Multi-ancestry genome-wide association analyses improve resolution of genes and pathways influencing lung function and chronic obstructive pulmonary disease risk.	Lung function (forced vital capacity)	475,645 European ancestry individuals, 8,590 African ancestry individuals, 85,279 East Asian ancestry individuals, 4,270 South Asian ancestry individuals, 14,668 Hispanic or Latin American individuals	NA											chr8:130719436-G	chr8:130719436	0			1	0.317	5E-9	8.301029995663981		5.864	z score decrease	Affymetrix, Illumina [63372548] (imputed)	N	vital capacity	http://www.ebi.ac.uk/efo/EFO_0004312	GCST90244093	Genome-wide genotyping array
2023-12-12	36914875	Shrine N	2023-03-13	Nat Genet	www.ncbi.nlm.nih.gov/pubmed/36914875	Multi-ancestry genome-wide association analyses improve resolution of genes and pathways influencing lung function and chronic obstructive pulmonary disease risk.	Lung function (forced vital capacity)	475,645 European ancestry individuals, 8,590 African ancestry individuals, 85,279 East Asian ancestry individuals, 4,270 South Asian ancestry individuals, 14,668 Hispanic or Latin American individuals	NA	10q24.2	10	98177769		R3HCC1L			ENSG00000166024			rs9420722-T	rs9420722	0	9420722	intron_variant	0	0.447	5E-9	8.301029995663981		5.862	z score decrease	Affymetrix, Illumina [63372548] (imputed)	N	vital capacity	http://www.ebi.ac.uk/efo/EFO_0004312	GCST90244093	Genome-wide genotyping array
2023-12-12	36914875	Shrine N	2023-03-13	Nat Genet	www.ncbi.nlm.nih.gov/pubmed/36914875	Multi-ancestry genome-wide association analyses improve resolution of genes and pathways influencing lung function and chronic obstructive pulmonary disease risk.	Lung function (forced vital capacity)	475,645 European ancestry individuals, 8,590 African ancestry individuals, 85,279 East Asian ancestry individuals, 4,270 South Asian ancestry individuals, 14,668 Hispanic or Latin American individuals	NA	14q24.3	14	74555835		LTBP2			ENSG00000119681			rs57176747-A	rs57176747	0	57176747	intron_variant	0	0.493	5E-9	8.301029995663981		5.855	z score decrease	Affymetrix, Illumina [63372548] (imputed)	N	vital capacity	http://www.ebi.ac.uk/efo/EFO_0004312	GCST90244093	Genome-wide genotyping array
2023-12-12	36914875	Shrine N	2023-03-13	Nat Genet	www.ncbi.nlm.nih.gov/pubmed/36914875	Multi-ancestry genome-wide association analyses improve resolution of genes and pathways influencing lung function and chronic obstructive pulmonary disease risk.	Lung function (forced vital capacity)	475,645 European ancestry individuals, 8,590 African ancestry individuals, 85,279 East Asian ancestry individuals, 4,270 South Asian ancestry individuals, 14,668 Hispanic or Latin American individuals	NA	6p21.32	6	32615691		HLA-DRB1 - HLA-DQA1	ENSG00000196126	ENSG00000196735		25843	12488	rs9271346-T	rs9271346	0	9271346	intergenic_variant	1	0.815	3E-16	15.522878745280337		8.171	z score decrease	Affymetrix, Illumina [63372548] (imputed)	N	vital capacity	http://www.ebi.ac.uk/efo/EFO_0004312	GCST90244093	Genome-wide genotyping array
2023-12-12	36914875	Shrine N	2023-03-13	Nat Genet	www.ncbi.nlm.nih.gov/pubmed/36914875	Multi-ancestry genome-wide association analyses improve resolution of genes and pathways influencing lung function and chronic obstructive pulmonary disease risk.	Lung function (forced vital capacity)	475,645 European ancestry individuals, 8,590 African ancestry individuals, 85,279 East Asian ancestry individuals, 4,270 South Asian ancestry individuals, 14,668 Hispanic or Latin American individuals	NA	14q32.12	14	93844546		PRIMA1 - FAM181A-AS1	ENSG00000175785	ENSG00000258584		55552	60184	rs8013664-A	rs8013664	0	8013664	intergenic_variant	1	0.849	1E-9	9.0		6.074	z score decrease	Affymetrix, Illumina [63372548] (imputed)	N	vital capacity	http://www.ebi.ac.uk/efo/EFO_0004312	GCST90244093	Genome-wide genotyping array
2023-12-12	36914875	Shrine N	2023-03-13	Nat Genet	www.ncbi.nlm.nih.gov/pubmed/36914875	Multi-ancestry genome-wide association analyses improve resolution of genes and pathways influencing lung function and chronic obstructive pulmonary disease risk.	Lung function (FEV1/FVC)	475,645 European ancestry individuals, 8,590 African ancestry individuals, 85,279 East Asian ancestry individuals, 4,270 South Asian ancestry individuals, 14,668 Hispanic or Latin American individuals	NA	5q35.1	5	171474459		FGF18 - SMIM23	ENSG00000156427	ENSG00000185662		16833	307973	rs10059996-T	rs10059996	0	10059996	intron_variant	1	0.418	2E-41	40.69897000433602		13.466	z score decrease	Affymetrix, Illumina [63372103] (imputed)	N	FEV/FVC ratio	http://www.ebi.ac.uk/efo/EFO_0004713	GCST90244094	Genome-wide genotyping array
2023-12-12	36914875	Shrine N	2023-03-13	Nat Genet	www.ncbi.nlm.nih.gov/pubmed/36914875	Multi-ancestry genome-wide association analyses improve resolution of genes and pathways influencing lung function and chronic obstructive pulmonary disease risk.	Lung function (forced vital capacity)	475,645 European ancestry individuals, 8,590 African ancestry individuals, 85,279 East Asian ancestry individuals, 4,270 South Asian ancestry individuals, 14,668 Hispanic or Latin American individuals	NA	19q13.12	19	36390741		ZFP82			ENSG00000181007			rs2967516-A	rs2967516	0	2967516	3_prime_UTR_variant	0	0.72	5E-10	9.301029995663981		6.213	z score decrease	Affymetrix, Illumina [63372548] (imputed)	N	vital capacity	http://www.ebi.ac.uk/efo/EFO_0004312	GCST90244093	Genome-wide genotyping array
2023-12-12	36914875	Shrine N	2023-03-13	Nat Genet	www.ncbi.nlm.nih.gov/pubmed/36914875	Multi-ancestry genome-wide association analyses improve resolution of genes and pathways influencing lung function and chronic obstructive pulmonary disease risk.	Lung function (forced vital capacity)	475,645 European ancestry individuals, 8,590 African ancestry individuals, 85,279 East Asian ancestry individuals, 4,270 South Asian ancestry individuals, 14,668 Hispanic or Latin American individuals	NA	1p31.3	1	65524195		LEPR			ENSG00000116678			rs10889560-A	rs10889560	0	10889560	intron_variant	0	0.0843	6E-10	9.221848749616356		6.189	z score decrease	Affymetrix, Illumina [63372548] (imputed)	N	vital capacity	http://www.ebi.ac.uk/efo/EFO_0004312	GCST90244093	Genome-wide genotyping array
2023-12-12	36914875	Shrine N	2023-03-13	Nat Genet	www.ncbi.nlm.nih.gov/pubmed/36914875	Multi-ancestry genome-wide association analyses improve resolution of genes and pathways influencing lung function and chronic obstructive pulmonary disease risk.	Lung function (forced vital capacity)	475,645 European ancestry individuals, 8,590 African ancestry individuals, 85,279 East Asian ancestry individuals, 4,270 South Asian ancestry individuals, 14,668 Hispanic or Latin American individuals	NA	15q22.2	15	60902209		RORA			ENSG00000069667			rs4774377-A	rs4774377	0	4774377	intron_variant	0	0.553	6E-10	9.221848749616356		6.187	z score increase	Affymetrix, Illumina [63372548] (imputed)	N	vital capacity	http://www.ebi.ac.uk/efo/EFO_0004312	GCST90244093	Genome-wide genotyping array
2023-12-12	36914875	Shrine N	2023-03-13	Nat Genet	www.ncbi.nlm.nih.gov/pubmed/36914875	Multi-ancestry genome-wide association analyses improve resolution of genes and pathways influencing lung function and chronic obstructive pulmonary disease risk.	Lung function (forced vital capacity)	475,645 European ancestry individuals, 8,590 African ancestry individuals, 85,279 East Asian ancestry individuals, 4,270 South Asian ancestry individuals, 14,668 Hispanic or Latin American individuals	NA	6q14.1	6	80346917		BCKDHB			ENSG00000083123			rs723588-T	rs723588	0	723588	intergenic_variant	0	0.835	6E-10	9.221848749616356		6.185	z score decrease	Affymetrix, Illumina [63372548] (imputed)	N	vital capacity	http://www.ebi.ac.uk/efo/EFO_0004312	GCST90244093	Genome-wide genotyping array
2023-12-12	36914875	Shrine N	2023-03-13	Nat Genet	www.ncbi.nlm.nih.gov/pubmed/36914875	Multi-ancestry genome-wide association analyses improve resolution of genes and pathways influencing lung function and chronic obstructive pulmonary disease risk.	Lung function (forced vital capacity)	475,645 European ancestry individuals, 8,590 African ancestry individuals, 85,279 East Asian ancestry individuals, 4,270 South Asian ancestry individuals, 14,668 Hispanic or Latin American individuals	NA	4q31.3	4	150277928		LRBA			ENSG00000198589			rs2290846-A	rs2290846	0	2290846	missense_variant	0	0.269	6E-10	9.221848749616356		6.182	z score increase	Affymetrix, Illumina [63372548] (imputed)	N	vital capacity	http://www.ebi.ac.uk/efo/EFO_0004312	GCST90244093	Genome-wide genotyping array
2023-12-12	36914875	Shrine N	2023-03-13	Nat Genet	www.ncbi.nlm.nih.gov/pubmed/36914875	Multi-ancestry genome-wide association analyses improve resolution of genes and pathways influencing lung function and chronic obstructive pulmonary disease risk.	Lung function (forced vital capacity)	475,645 European ancestry individuals, 8,590 African ancestry individuals, 85,279 East Asian ancestry individuals, 4,270 South Asian ancestry individuals, 14,668 Hispanic or Latin American individuals	NA	9q31.3	9	110668037		SVEP1 - MUSK	ENSG00000165124	ENSG00000030304		88157	742	rs3001122-A	rs3001122	0	3001122	intergenic_variant	1	0.745	6E-10	9.221848749616356		6.179	z score increase	Affymetrix, Illumina [63372548] (imputed)	N	vital capacity	http://www.ebi.ac.uk/efo/EFO_0004312	GCST90244093	Genome-wide genotyping array
2023-12-12	36914875	Shrine N	2023-03-13	Nat Genet	www.ncbi.nlm.nih.gov/pubmed/36914875	Multi-ancestry genome-wide association analyses improve resolution of genes and pathways influencing lung function and chronic obstructive pulmonary disease risk.	Lung function (forced vital capacity)	475,645 European ancestry individuals, 8,590 African ancestry individuals, 85,279 East Asian ancestry individuals, 4,270 South Asian ancestry individuals, 14,668 Hispanic or Latin American individuals	NA	12p13.32	12	3281031		TSPAN9			ENSG00000011105			rs66462026-T	rs66462026	0	66462026	intron_variant	0	0.0614	7E-10	9.154901959985743		6.167	z score increase	Affymetrix, Illumina [63372548] (imputed)	N	vital capacity	http://www.ebi.ac.uk/efo/EFO_0004312	GCST90244093	Genome-wide genotyping array
2023-12-12	36914875	Shrine N	2023-03-13	Nat Genet	www.ncbi.nlm.nih.gov/pubmed/36914875	Multi-ancestry genome-wide association analyses improve resolution of genes and pathways influencing lung function and chronic obstructive pulmonary disease risk.	Lung function (forced vital capacity)	475,645 European ancestry individuals, 8,590 African ancestry individuals, 85,279 East Asian ancestry individuals, 4,270 South Asian ancestry individuals, 14,668 Hispanic or Latin American individuals	NA											rs375714778-T	rs375714778	0	34350963		1	0.28	7E-10	9.154901959985743		6.166	z score increase	Affymetrix, Illumina [63372548] (imputed)	N	vital capacity	http://www.ebi.ac.uk/efo/EFO_0004312	GCST90244093	Genome-wide genotyping array
2023-12-12	36914875	Shrine N	2023-03-13	Nat Genet	www.ncbi.nlm.nih.gov/pubmed/36914875	Multi-ancestry genome-wide association analyses improve resolution of genes and pathways influencing lung function and chronic obstructive pulmonary disease risk.	Lung function (forced vital capacity)	475,645 European ancestry individuals, 8,590 African ancestry individuals, 85,279 East Asian ancestry individuals, 4,270 South Asian ancestry individuals, 14,668 Hispanic or Latin American individuals	NA	17p13.3	17	2062958		SMG6, HIC1			ENSG00000070366, ENSG00000177374			rs3803809-A	rs3803809	0	3803809	3_prime_UTR_variant	0	0.797	8E-10	9.096910013008056		6.153	z score increase	Affymetrix, Illumina [63372548] (imputed)	N	vital capacity	http://www.ebi.ac.uk/efo/EFO_0004312	GCST90244093	Genome-wide genotyping array
2023-12-12	36914875	Shrine N	2023-03-13	Nat Genet	www.ncbi.nlm.nih.gov/pubmed/36914875	Multi-ancestry genome-wide association analyses improve resolution of genes and pathways influencing lung function and chronic obstructive pulmonary disease risk.	Lung function (forced vital capacity)	475,645 European ancestry individuals, 8,590 African ancestry individuals, 85,279 East Asian ancestry individuals, 4,270 South Asian ancestry individuals, 14,668 Hispanic or Latin American individuals	NA	1q41	1	221299906		LINC02817			ENSG00000234754			rs11118683-T	rs11118683	0	11118683	intron_variant	0	0.419	8E-10	9.096910013008056		6.149	z score increase	Affymetrix, Illumina [63372548] (imputed)	N	vital capacity	http://www.ebi.ac.uk/efo/EFO_0004312	GCST90244093	Genome-wide genotyping array
2023-12-12	36914875	Shrine N	2023-03-13	Nat Genet	www.ncbi.nlm.nih.gov/pubmed/36914875	Multi-ancestry genome-wide association analyses improve resolution of genes and pathways influencing lung function and chronic obstructive pulmonary disease risk.	Lung function (forced vital capacity)	475,645 European ancestry individuals, 8,590 African ancestry individuals, 85,279 East Asian ancestry individuals, 4,270 South Asian ancestry individuals, 14,668 Hispanic or Latin American individuals	NA	7p22.3	7	1554792		TMEM184A			ENSG00000164855			rs10952168-A	rs10952168	0	10952168	intron_variant	0	0.587	9E-10	9.045757490560675		6.128	z score increase	Affymetrix, Illumina [63372548] (imputed)	N	vital capacity	http://www.ebi.ac.uk/efo/EFO_0004312	GCST90244093	Genome-wide genotyping array
2023-12-12	36914875	Shrine N	2023-03-13	Nat Genet	www.ncbi.nlm.nih.gov/pubmed/36914875	Multi-ancestry genome-wide association analyses improve resolution of genes and pathways influencing lung function and chronic obstructive pulmonary disease risk.	Lung function (forced vital capacity)	475,645 European ancestry individuals, 8,590 African ancestry individuals, 85,279 East Asian ancestry individuals, 4,270 South Asian ancestry individuals, 14,668 Hispanic or Latin American individuals	NA	20q13.12	20	46844375		SLC2A10 - RN7SKP33	ENSG00000197496	ENSG00000222874		108028	14958	rs6018099-A	rs6018099	0	6018099	intergenic_variant	1	0.536	9E-10	9.045757490560675		6.125	z score decrease	Affymetrix, Illumina [63372548] (imputed)	N	vital capacity	http://www.ebi.ac.uk/efo/EFO_0004312	GCST90244093	Genome-wide genotyping array
2023-12-12	36914875	Shrine N	2023-03-13	Nat Genet	www.ncbi.nlm.nih.gov/pubmed/36914875	Multi-ancestry genome-wide association analyses improve resolution of genes and pathways influencing lung function and chronic obstructive pulmonary disease risk.	Lung function (forced vital capacity)	475,645 European ancestry individuals, 8,590 African ancestry individuals, 85,279 East Asian ancestry individuals, 4,270 South Asian ancestry individuals, 14,668 Hispanic or Latin American individuals	NA	14q23.1	14	61113145		SLC38A6			ENSG00000139974			rs11624778-A	rs11624778	0	11624778	intergenic_variant	0	0.298	9E-10	9.045757490560675		6.122	z score decrease	Affymetrix, Illumina [63372548] (imputed)	N	vital capacity	http://www.ebi.ac.uk/efo/EFO_0004312	GCST90244093	Genome-wide genotyping array
2023-12-12	36914875	Shrine N	2023-03-13	Nat Genet	www.ncbi.nlm.nih.gov/pubmed/36914875	Multi-ancestry genome-wide association analyses improve resolution of genes and pathways influencing lung function and chronic obstructive pulmonary disease risk.	Lung function (forced vital capacity)	475,645 European ancestry individuals, 8,590 African ancestry individuals, 85,279 East Asian ancestry individuals, 4,270 South Asian ancestry individuals, 14,668 Hispanic or Latin American individuals	NA	19p13.3	19	1424889		DAZAP1			ENSG00000071626			rs698748-A	rs698748	0	698748	intron_variant	0	0.409	1E-9	9.0		6.101	z score decrease	Affymetrix, Illumina [63372548] (imputed)	N	vital capacity	http://www.ebi.ac.uk/efo/EFO_0004312	GCST90244093	Genome-wide genotyping array
2023-12-12	36914875	Shrine N	2023-03-13	Nat Genet	www.ncbi.nlm.nih.gov/pubmed/36914875	Multi-ancestry genome-wide association analyses improve resolution of genes and pathways influencing lung function and chronic obstructive pulmonary disease risk.	Lung function (forced vital capacity)	475,645 European ancestry individuals, 8,590 African ancestry individuals, 85,279 East Asian ancestry individuals, 4,270 South Asian ancestry individuals, 14,668 Hispanic or Latin American individuals	NA	2q36.3	2	225829230		NYAP2 - MIR5702	ENSG00000144460	ENSG00000263363		99343	829480	rs75496245-C	rs75496245	0	75496245	intron_variant	1	0.124	1E-9	9.0		6.092	z score increase	Affymetrix, Illumina [63372548] (imputed)	N	vital capacity	http://www.ebi.ac.uk/efo/EFO_0004312	GCST90244093	Genome-wide genotyping array
2023-12-12	36914875	Shrine N	2023-03-13	Nat Genet	www.ncbi.nlm.nih.gov/pubmed/36914875	Multi-ancestry genome-wide association analyses improve resolution of genes and pathways influencing lung function and chronic obstructive pulmonary disease risk.	Lung function (forced vital capacity)	475,645 European ancestry individuals, 8,590 African ancestry individuals, 85,279 East Asian ancestry individuals, 4,270 South Asian ancestry individuals, 14,668 Hispanic or Latin American individuals	NA	4q13.3	4	72588281		ADAMTS3 - HNRNPA1P67	ENSG00000156140	ENSG00000270665		19060	218986	rs719381-T	rs719381	0	719381	intergenic_variant	1	0.532	1E-9	9.0		6.091	z score increase	Affymetrix, Illumina [63372548] (imputed)	N	vital capacity	http://www.ebi.ac.uk/efo/EFO_0004312	GCST90244093	Genome-wide genotyping array
2023-12-12	36914875	Shrine N	2023-03-13	Nat Genet	www.ncbi.nlm.nih.gov/pubmed/36914875	Multi-ancestry genome-wide association analyses improve resolution of genes and pathways influencing lung function and chronic obstructive pulmonary disease risk.	Lung function (forced vital capacity)	475,645 European ancestry individuals, 8,590 African ancestry individuals, 85,279 East Asian ancestry individuals, 4,270 South Asian ancestry individuals, 14,668 Hispanic or Latin American individuals	NA	10q26.13	10	121677182		FGFR2 - ATE1	ENSG00000066468	ENSG00000107669		78724	32211	rs1693688-T	rs1693688	0	1693688	TF_binding_site_variant	1	0.659	1E-9	9.0		6.079	z score decrease	Affymetrix, Illumina [63372548] (imputed)	N	vital capacity	http://www.ebi.ac.uk/efo/EFO_0004312	GCST90244093	Genome-wide genotyping array
2023-12-12	36914875	Shrine N	2023-03-13	Nat Genet	www.ncbi.nlm.nih.gov/pubmed/36914875	Multi-ancestry genome-wide association analyses improve resolution of genes and pathways influencing lung function and chronic obstructive pulmonary disease risk.	Lung function (forced vital capacity)	475,645 European ancestry individuals, 8,590 African ancestry individuals, 85,279 East Asian ancestry individuals, 4,270 South Asian ancestry individuals, 14,668 Hispanic or Latin American individuals	NA	20p12.3	20	7161732		LINC01428			ENSG00000228888			rs35919932-T	rs35919932	0	35919932	intron_variant	0	0.766	1E-9	9.0		6.079	z score increase	Affymetrix, Illumina [63372548] (imputed)	N	vital capacity	http://www.ebi.ac.uk/efo/EFO_0004312	GCST90244093	Genome-wide genotyping array
2023-12-12	36914875	Shrine N	2023-03-13	Nat Genet	www.ncbi.nlm.nih.gov/pubmed/36914875	Multi-ancestry genome-wide association analyses improve resolution of genes and pathways influencing lung function and chronic obstructive pulmonary disease risk.	Lung function (forced vital capacity)	475,645 European ancestry individuals, 8,590 African ancestry individuals, 85,279 East Asian ancestry individuals, 4,270 South Asian ancestry individuals, 14,668 Hispanic or Latin American individuals	NA	Xq23	X	110454215		RTL9			ENSG00000243978			rs41306249-T	rs41306249	0	41306249	missense_variant	0	0.9552	1E-9	9.0		6.072	z score increase	Affymetrix, Illumina [63372548] (imputed)	N	vital capacity	http://www.ebi.ac.uk/efo/EFO_0004312	GCST90244093	Genome-wide genotyping array
2023-12-12	36914875	Shrine N	2023-03-13	Nat Genet	www.ncbi.nlm.nih.gov/pubmed/36914875	Multi-ancestry genome-wide association analyses improve resolution of genes and pathways influencing lung function and chronic obstructive pulmonary disease risk.	Lung function (forced vital capacity)	475,645 European ancestry individuals, 8,590 African ancestry individuals, 85,279 East Asian ancestry individuals, 4,270 South Asian ancestry individuals, 14,668 Hispanic or Latin American individuals	NA	2p22.3	2	33147438		LTBP1			ENSG00000049323			rs62133340-A	rs62133340	0	62133340	intron_variant	0	0.726	1E-9	9.0		6.066	z score increase	Affymetrix, Illumina [63372548] (imputed)	N	vital capacity	http://www.ebi.ac.uk/efo/EFO_0004312	GCST90244093	Genome-wide genotyping array
2023-12-12	36914875	Shrine N	2023-03-13	Nat Genet	www.ncbi.nlm.nih.gov/pubmed/36914875	Multi-ancestry genome-wide association analyses improve resolution of genes and pathways influencing lung function and chronic obstructive pulmonary disease risk.	Lung function (forced vital capacity)	475,645 European ancestry individuals, 8,590 African ancestry individuals, 85,279 East Asian ancestry individuals, 4,270 South Asian ancestry individuals, 14,668 Hispanic or Latin American individuals	NA	9q21.32	9	83987115		RMI1			ENSG00000178966			rs796002-C	rs796002	0	796002	intron_variant	0	0.513	1E-9	9.0		6.066	z score decrease	Affymetrix, Illumina [63372548] (imputed)	N	vital capacity	http://www.ebi.ac.uk/efo/EFO_0004312	GCST90244093	Genome-wide genotyping array
2023-12-12	36914875	Shrine N	2023-03-13	Nat Genet	www.ncbi.nlm.nih.gov/pubmed/36914875	Multi-ancestry genome-wide association analyses improve resolution of genes and pathways influencing lung function and chronic obstructive pulmonary disease risk.	Lung function (forced vital capacity)	475,645 European ancestry individuals, 8,590 African ancestry individuals, 85,279 East Asian ancestry individuals, 4,270 South Asian ancestry individuals, 14,668 Hispanic or Latin American individuals	NA	10q22.1	10	71242167		UNC5B			ENSG00000107731			rs879279-A	rs879279	0	879279	intron_variant	0	0.279	1E-9	9.0		6.066	z score decrease	Affymetrix, Illumina [63372548] (imputed)	N	vital capacity	http://www.ebi.ac.uk/efo/EFO_0004312	GCST90244093	Genome-wide genotyping array
2023-12-12	36914875	Shrine N	2023-03-13	Nat Genet	www.ncbi.nlm.nih.gov/pubmed/36914875	Multi-ancestry genome-wide association analyses improve resolution of genes and pathways influencing lung function and chronic obstructive pulmonary disease risk.	Lung function (forced vital capacity)	475,645 European ancestry individuals, 8,590 African ancestry individuals, 85,279 East Asian ancestry individuals, 4,270 South Asian ancestry individuals, 14,668 Hispanic or Latin American individuals	NA											chr3:146906766-T	chr3:146906766	0			1	0.143	1E-9	9.0		6.055	z score decrease	Affymetrix, Illumina [63372548] (imputed)	N	vital capacity	http://www.ebi.ac.uk/efo/EFO_0004312	GCST90244093	Genome-wide genotyping array
2023-12-12	36914875	Shrine N	2023-03-13	Nat Genet	www.ncbi.nlm.nih.gov/pubmed/36914875	Multi-ancestry genome-wide association analyses improve resolution of genes and pathways influencing lung function and chronic obstructive pulmonary disease risk.	Lung function (forced vital capacity)	475,645 European ancestry individuals, 8,590 African ancestry individuals, 85,279 East Asian ancestry individuals, 4,270 South Asian ancestry individuals, 14,668 Hispanic or Latin American individuals	NA	20q13.31	20	57749029		NKILA - LINC01742	ENSG00000278709	ENSG00000275852		36249	252409	rs62205790-T	rs62205790	0	62205790	regulatory_region_variant	1	0.848	1E-9	9.0		6.055	z score increase	Affymetrix, Illumina [63372548] (imputed)	N	vital capacity	http://www.ebi.ac.uk/efo/EFO_0004312	GCST90244093	Genome-wide genotyping array
2023-12-12	36914875	Shrine N	2023-03-13	Nat Genet	www.ncbi.nlm.nih.gov/pubmed/36914875	Multi-ancestry genome-wide association analyses improve resolution of genes and pathways influencing lung function and chronic obstructive pulmonary disease risk.	Lung function (forced vital capacity)	475,645 European ancestry individuals, 8,590 African ancestry individuals, 85,279 East Asian ancestry individuals, 4,270 South Asian ancestry individuals, 14,668 Hispanic or Latin American individuals	NA	11p14.1	11	27662071		BDNF-AS, BDNF			ENSG00000245573, ENSG00000176697			rs4923464-T	rs4923464	0	4923464	intron_variant	0	0.242	1E-9	9.0		6.051	z score increase	Affymetrix, Illumina [63372548] (imputed)	N	vital capacity	http://www.ebi.ac.uk/efo/EFO_0004312	GCST90244093	Genome-wide genotyping array
2023-12-12	36914875	Shrine N	2023-03-13	Nat Genet	www.ncbi.nlm.nih.gov/pubmed/36914875	Multi-ancestry genome-wide association analyses improve resolution of genes and pathways influencing lung function and chronic obstructive pulmonary disease risk.	Lung function (FEV1/FVC)	475,645 European ancestry individuals, 8,590 African ancestry individuals, 85,279 East Asian ancestry individuals, 4,270 South Asian ancestry individuals, 14,668 Hispanic or Latin American individuals	NA	1p35.2	1	31620175		HCRTR1			ENSG00000121764			rs968335-A	rs968335	0	968335	intron_variant	0	0.503	5E-10	9.301029995663981		6.224	z score increase	Affymetrix, Illumina [63372103] (imputed)	N	FEV/FVC ratio	http://www.ebi.ac.uk/efo/EFO_0004713	GCST90244094	Genome-wide genotyping array
2023-12-12	36914875	Shrine N	2023-03-13	Nat Genet	www.ncbi.nlm.nih.gov/pubmed/36914875	Multi-ancestry genome-wide association analyses improve resolution of genes and pathways influencing lung function and chronic obstructive pulmonary disease risk.	Lung function (FEV1/FVC)	475,645 European ancestry individuals, 8,590 African ancestry individuals, 85,279 East Asian ancestry individuals, 4,270 South Asian ancestry individuals, 14,668 Hispanic or Latin American individuals	NA	17q24.3	17	72038246		ROCR, LINC01152			ENSG00000228639, ENSG00000256124			rs9898839-C	rs9898839	0	9898839	non_coding_transcript_exon_variant	0	0.433	5E-10	9.301029995663981		6.216	z score decrease	Affymetrix, Illumina [63372103] (imputed)	N	FEV/FVC ratio	http://www.ebi.ac.uk/efo/EFO_0004713	GCST90244094	Genome-wide genotyping array
2023-12-12	36914875	Shrine N	2023-03-13	Nat Genet	www.ncbi.nlm.nih.gov/pubmed/36914875	Multi-ancestry genome-wide association analyses improve resolution of genes and pathways influencing lung function and chronic obstructive pulmonary disease risk.	Lung function (FEV1/FVC)	475,645 European ancestry individuals, 8,590 African ancestry individuals, 85,279 East Asian ancestry individuals, 4,270 South Asian ancestry individuals, 14,668 Hispanic or Latin American individuals	NA	22q12.3	22	36288308		MYH9			ENSG00000100345			rs2269529-T	rs2269529	0	2269529	missense_variant	0	0.746	5E-10	9.301029995663981		6.208	z score decrease	Affymetrix, Illumina [63372103] (imputed)	N	FEV/FVC ratio	http://www.ebi.ac.uk/efo/EFO_0004713	GCST90244094	Genome-wide genotyping array
2023-12-12	36914875	Shrine N	2023-03-13	Nat Genet	www.ncbi.nlm.nih.gov/pubmed/36914875	Multi-ancestry genome-wide association analyses improve resolution of genes and pathways influencing lung function and chronic obstructive pulmonary disease risk.	Lung function (FEV1/FVC)	475,645 European ancestry individuals, 8,590 African ancestry individuals, 85,279 East Asian ancestry individuals, 4,270 South Asian ancestry individuals, 14,668 Hispanic or Latin American individuals	NA	13q12.12	13	24030824		SPATA13			ENSG00000182957			rs4770557-A	rs4770557	0	4770557	intron_variant	0	0.4	6E-10	9.221848749616356		6.197	z score decrease	Affymetrix, Illumina [63372103] (imputed)	N	FEV/FVC ratio	http://www.ebi.ac.uk/efo/EFO_0004713	GCST90244094	Genome-wide genotyping array
2023-12-12	36914875	Shrine N	2023-03-13	Nat Genet	www.ncbi.nlm.nih.gov/pubmed/36914875	Multi-ancestry genome-wide association analyses improve resolution of genes and pathways influencing lung function and chronic obstructive pulmonary disease risk.	Lung function (FEV1/FVC)	475,645 European ancestry individuals, 8,590 African ancestry individuals, 85,279 East Asian ancestry individuals, 4,270 South Asian ancestry individuals, 14,668 Hispanic or Latin American individuals	NA	6q22.1	6	116101684		NT5DC1			ENSG00000178425			rs9387383-A	rs9387383	0	9387383	intron_variant	0	0.558	6E-10	9.221848749616356		6.185	z score decrease	Affymetrix, Illumina [63372103] (imputed)	N	FEV/FVC ratio	http://www.ebi.ac.uk/efo/EFO_0004713	GCST90244094	Genome-wide genotyping array
2023-12-12	36914875	Shrine N	2023-03-13	Nat Genet	www.ncbi.nlm.nih.gov/pubmed/36914875	Multi-ancestry genome-wide association analyses improve resolution of genes and pathways influencing lung function and chronic obstructive pulmonary disease risk.	Lung function (FEV1/FVC)	475,645 European ancestry individuals, 8,590 African ancestry individuals, 85,279 East Asian ancestry individuals, 4,270 South Asian ancestry individuals, 14,668 Hispanic or Latin American individuals	NA	12q15	12	69885115		MYRFL			ENSG00000166268			rs1240293-A	rs1240293	0	1240293	intron_variant	0	0.614	6E-10	9.221848749616356		6.184	z score increase	Affymetrix, Illumina [63372103] (imputed)	N	FEV/FVC ratio	http://www.ebi.ac.uk/efo/EFO_0004713	GCST90244094	Genome-wide genotyping array
2023-12-12	36914875	Shrine N	2023-03-13	Nat Genet	www.ncbi.nlm.nih.gov/pubmed/36914875	Multi-ancestry genome-wide association analyses improve resolution of genes and pathways influencing lung function and chronic obstructive pulmonary disease risk.	Lung function (FEV1/FVC)	475,645 European ancestry individuals, 8,590 African ancestry individuals, 85,279 East Asian ancestry individuals, 4,270 South Asian ancestry individuals, 14,668 Hispanic or Latin American individuals	NA	14q24.3	14	77050805		LINC02289, LINC02288			ENSG00000258819, ENSG00000246548			rs11622562-T	rs11622562	0	11622562	intron_variant	0	0.349	7E-10	9.154901959985743		6.178	z score increase	Affymetrix, Illumina [63372103] (imputed)	N	FEV/FVC ratio	http://www.ebi.ac.uk/efo/EFO_0004713	GCST90244094	Genome-wide genotyping array
2023-12-12	36914875	Shrine N	2023-03-13	Nat Genet	www.ncbi.nlm.nih.gov/pubmed/36914875	Multi-ancestry genome-wide association analyses improve resolution of genes and pathways influencing lung function and chronic obstructive pulmonary disease risk.	Lung function (FEV1/FVC)	475,645 European ancestry individuals, 8,590 African ancestry individuals, 85,279 East Asian ancestry individuals, 4,270 South Asian ancestry individuals, 14,668 Hispanic or Latin American individuals	NA	1q43	1	240615103		GREM2 - RNU5F-8P	ENSG00000180875	ENSG00000251750		2948	38264	rs12404859-T	rs12404859	0	12404859	intron_variant	1	0.778	7E-10	9.154901959985743		6.168	z score increase	Affymetrix, Illumina [63372103] (imputed)	N	FEV/FVC ratio	http://www.ebi.ac.uk/efo/EFO_0004713	GCST90244094	Genome-wide genotyping array
2023-12-12	36914875	Shrine N	2023-03-13	Nat Genet	www.ncbi.nlm.nih.gov/pubmed/36914875	Multi-ancestry genome-wide association analyses improve resolution of genes and pathways influencing lung function and chronic obstructive pulmonary disease risk.	Lung function (FEV1/FVC)	475,645 European ancestry individuals, 8,590 African ancestry individuals, 85,279 East Asian ancestry individuals, 4,270 South Asian ancestry individuals, 14,668 Hispanic or Latin American individuals	NA	Xp11.23	X	49037333		TFE3			ENSG00000068323			rs188693389-A	rs188693389	0	188693389	intron_variant	0	0.0069	7E-10	9.154901959985743		6.16	z score increase	Affymetrix, Illumina [63372103] (imputed)	N	FEV/FVC ratio	http://www.ebi.ac.uk/efo/EFO_0004713	GCST90244094	Genome-wide genotyping array
2023-12-12	36914875	Shrine N	2023-03-13	Nat Genet	www.ncbi.nlm.nih.gov/pubmed/36914875	Multi-ancestry genome-wide association analyses improve resolution of genes and pathways influencing lung function and chronic obstructive pulmonary disease risk.	Lung function (FEV1/FVC)	475,645 European ancestry individuals, 8,590 African ancestry individuals, 85,279 East Asian ancestry individuals, 4,270 South Asian ancestry individuals, 14,668 Hispanic or Latin American individuals	NA	17q25.3	17	79182386		RBFOX3			ENSG00000167281			rs2703552-A	rs2703552	0	2703552	intron_variant	0	0.841	9E-10	9.045757490560675		6.131	z score increase	Affymetrix, Illumina [63372103] (imputed)	N	FEV/FVC ratio	http://www.ebi.ac.uk/efo/EFO_0004713	GCST90244094	Genome-wide genotyping array
2023-12-12	36914875	Shrine N	2023-03-13	Nat Genet	www.ncbi.nlm.nih.gov/pubmed/36914875	Multi-ancestry genome-wide association analyses improve resolution of genes and pathways influencing lung function and chronic obstructive pulmonary disease risk.	Lung function (FEV1/FVC)	475,645 European ancestry individuals, 8,590 African ancestry individuals, 85,279 East Asian ancestry individuals, 4,270 South Asian ancestry individuals, 14,668 Hispanic or Latin American individuals	NA	21q22.11	21	34269427		LINC00310, MRPS6, KCNE2			ENSG00000227456, ENSG00000243927, ENSG00000159197			rs2834429-A	rs2834429	0	2834429	intron_variant	0	0.343	1E-9	9.0		6.113	z score decrease	Affymetrix, Illumina [63372103] (imputed)	N	FEV/FVC ratio	http://www.ebi.ac.uk/efo/EFO_0004713	GCST90244094	Genome-wide genotyping array
2023-12-12	36914875	Shrine N	2023-03-13	Nat Genet	www.ncbi.nlm.nih.gov/pubmed/36914875	Multi-ancestry genome-wide association analyses improve resolution of genes and pathways influencing lung function and chronic obstructive pulmonary disease risk.	Lung function (FEV1/FVC)	475,645 European ancestry individuals, 8,590 African ancestry individuals, 85,279 East Asian ancestry individuals, 4,270 South Asian ancestry individuals, 14,668 Hispanic or Latin American individuals	NA											chr15:48707091-T	chr15:48707091	0			1	0.871	1E-9	9.0		6.109	z score increase	Affymetrix, Illumina [63372103] (imputed)	N	FEV/FVC ratio	http://www.ebi.ac.uk/efo/EFO_0004713	GCST90244094	Genome-wide genotyping array
2023-12-12	36914875	Shrine N	2023-03-13	Nat Genet	www.ncbi.nlm.nih.gov/pubmed/36914875	Multi-ancestry genome-wide association analyses improve resolution of genes and pathways influencing lung function and chronic obstructive pulmonary disease risk.	Lung function (FEV1/FVC)	475,645 European ancestry individuals, 8,590 African ancestry individuals, 85,279 East Asian ancestry individuals, 4,270 South Asian ancestry individuals, 14,668 Hispanic or Latin American individuals	NA	6p25.3	6	688741		EXOC2			ENSG00000112685			rs9502440-T	rs9502440	0	9502440	intron_variant	0	0.894	1E-9	9.0		6.102	z score increase	Affymetrix, Illumina [63372103] (imputed)	N	FEV/FVC ratio	http://www.ebi.ac.uk/efo/EFO_0004713	GCST90244094	Genome-wide genotyping array
2023-12-12	36914875	Shrine N	2023-03-13	Nat Genet	www.ncbi.nlm.nih.gov/pubmed/36914875	Multi-ancestry genome-wide association analyses improve resolution of genes and pathways influencing lung function and chronic obstructive pulmonary disease risk.	Lung function (FEV1/FVC)	475,645 European ancestry individuals, 8,590 African ancestry individuals, 85,279 East Asian ancestry individuals, 4,270 South Asian ancestry individuals, 14,668 Hispanic or Latin American individuals	NA	22q12.2	22	29209735		EMID1			ENSG00000186998			rs35369066-A	rs35369066	0	35369066	intron_variant	0	0.969	1E-9	9.0		6.098	z score decrease	Affymetrix, Illumina [63372103] (imputed)	N	FEV/FVC ratio	http://www.ebi.ac.uk/efo/EFO_0004713	GCST90244094	Genome-wide genotyping array
2023-12-12	36914875	Shrine N	2023-03-13	Nat Genet	www.ncbi.nlm.nih.gov/pubmed/36914875	Multi-ancestry genome-wide association analyses improve resolution of genes and pathways influencing lung function and chronic obstructive pulmonary disease risk.	Lung function (FEV1/FVC)	475,645 European ancestry individuals, 8,590 African ancestry individuals, 85,279 East Asian ancestry individuals, 4,270 South Asian ancestry individuals, 14,668 Hispanic or Latin American individuals	NA	4q24	4	106227563		TBCK			ENSG00000145348			rs7340989-A	rs7340989	0	7340989	intron_variant	0	0.337	1E-9	9.0		6.095	z score increase	Affymetrix, Illumina [63372103] (imputed)	N	FEV/FVC ratio	http://www.ebi.ac.uk/efo/EFO_0004713	GCST90244094	Genome-wide genotyping array
2023-12-12	36914875	Shrine N	2023-03-13	Nat Genet	www.ncbi.nlm.nih.gov/pubmed/36914875	Multi-ancestry genome-wide association analyses improve resolution of genes and pathways influencing lung function and chronic obstructive pulmonary disease risk.	Lung function (FEV1/FVC)	475,645 European ancestry individuals, 8,590 African ancestry individuals, 85,279 East Asian ancestry individuals, 4,270 South Asian ancestry individuals, 14,668 Hispanic or Latin American individuals	NA	Xq13.1	X	69161421		PJA1			ENSG00000181191			rs11539157-A	rs11539157	0	11539157	missense_variant	0	0.2353	1E-9	9.0		6.085	z score decrease	Affymetrix, Illumina [63372103] (imputed)	N	FEV/FVC ratio	http://www.ebi.ac.uk/efo/EFO_0004713	GCST90244094	Genome-wide genotyping array
2023-12-12	36914875	Shrine N	2023-03-13	Nat Genet	www.ncbi.nlm.nih.gov/pubmed/36914875	Multi-ancestry genome-wide association analyses improve resolution of genes and pathways influencing lung function and chronic obstructive pulmonary disease risk.	Lung function (FEV1/FVC)	475,645 European ancestry individuals, 8,590 African ancestry individuals, 85,279 East Asian ancestry individuals, 4,270 South Asian ancestry individuals, 14,668 Hispanic or Latin American individuals	NA	4p16.3	4	2767844		TNIP2 - SH3BP2	ENSG00000168884	ENSG00000087266		11477	25176	rs6422312-T	rs6422312	0	6422312	intron_variant	1	0.566	1E-9	9.0		6.086	z score decrease	Affymetrix, Illumina [63372103] (imputed)	N	FEV/FVC ratio	http://www.ebi.ac.uk/efo/EFO_0004713	GCST90244094	Genome-wide genotyping array
2023-12-12	36914875	Shrine N	2023-03-13	Nat Genet	www.ncbi.nlm.nih.gov/pubmed/36914875	Multi-ancestry genome-wide association analyses improve resolution of genes and pathways influencing lung function and chronic obstructive pulmonary disease risk.	Lung function (FEV1/FVC)	475,645 European ancestry individuals, 8,590 African ancestry individuals, 85,279 East Asian ancestry individuals, 4,270 South Asian ancestry individuals, 14,668 Hispanic or Latin American individuals	NA	3p14.3	3	55748741		ERC2			ENSG00000187672			rs2132237-A	rs2132237	0	2132237	intron_variant	0	0.576	1E-9	9.0		6.084	z score increase	Affymetrix, Illumina [63372103] (imputed)	N	FEV/FVC ratio	http://www.ebi.ac.uk/efo/EFO_0004713	GCST90244094	Genome-wide genotyping array
2023-12-12	36914875	Shrine N	2023-03-13	Nat Genet	www.ncbi.nlm.nih.gov/pubmed/36914875	Multi-ancestry genome-wide association analyses improve resolution of genes and pathways influencing lung function and chronic obstructive pulmonary disease risk.	Lung function (FEV1/FVC)	475,645 European ancestry individuals, 8,590 African ancestry individuals, 85,279 East Asian ancestry individuals, 4,270 South Asian ancestry individuals, 14,668 Hispanic or Latin American individuals	NA	7p14.3	7	31917937		PDE1C			ENSG00000154678			rs10266620-T	rs10266620	0	10266620	intron_variant	0	0.821	1E-9	9.0		6.064	z score decrease	Affymetrix, Illumina [63372103] (imputed)	N	FEV/FVC ratio	http://www.ebi.ac.uk/efo/EFO_0004713	GCST90244094	Genome-wide genotyping array
2023-12-12	36914875	Shrine N	2023-03-13	Nat Genet	www.ncbi.nlm.nih.gov/pubmed/36914875	Multi-ancestry genome-wide association analyses improve resolution of genes and pathways influencing lung function and chronic obstructive pulmonary disease risk.	Lung function (FEV1/FVC)	475,645 European ancestry individuals, 8,590 African ancestry individuals, 85,279 East Asian ancestry individuals, 4,270 South Asian ancestry individuals, 14,668 Hispanic or Latin American individuals	NA	3q12.1	3	99695354		COL8A1			ENSG00000144810			rs681819-A	rs681819	0	681819	intron_variant	0	0.345	1E-9	9.0		6.045	z score increase	Affymetrix, Illumina [63372103] (imputed)	N	FEV/FVC ratio	http://www.ebi.ac.uk/efo/EFO_0004713	GCST90244094	Genome-wide genotyping array
2023-12-12	36914875	Shrine N	2023-03-13	Nat Genet	www.ncbi.nlm.nih.gov/pubmed/36914875	Multi-ancestry genome-wide association analyses improve resolution of genes and pathways influencing lung function and chronic obstructive pulmonary disease risk.	Lung function (FEV1/FVC)	475,645 European ancestry individuals, 8,590 African ancestry individuals, 85,279 East Asian ancestry individuals, 4,270 South Asian ancestry individuals, 14,668 Hispanic or Latin American individuals	NA	6q24.2	6	142642394		ADGRG6 - HIVEP2	ENSG00000112414	ENSG00000010818		196128	109073	rs12214216-C	rs12214216	0	12214216	intergenic_variant	1	0.906	2E-9	8.698970004336019		6.043	z score increase	Affymetrix, Illumina [63372103] (imputed)	N	FEV/FVC ratio	http://www.ebi.ac.uk/efo/EFO_0004713	GCST90244094	Genome-wide genotyping array
2023-12-12	36914875	Shrine N	2023-03-13	Nat Genet	www.ncbi.nlm.nih.gov/pubmed/36914875	Multi-ancestry genome-wide association analyses improve resolution of genes and pathways influencing lung function and chronic obstructive pulmonary disease risk.	Lung function (FEV1/FVC)	475,645 European ancestry individuals, 8,590 African ancestry individuals, 85,279 East Asian ancestry individuals, 4,270 South Asian ancestry individuals, 14,668 Hispanic or Latin American individuals	NA	17q23.3	17	64506317		DDX5			ENSG00000108654			rs1991401-A	rs1991401	0	1991401	5_prime_UTR_variant	0	0.679	2E-9	8.698970004336019		6.022	z score decrease	Affymetrix, Illumina [63372103] (imputed)	N	FEV/FVC ratio	http://www.ebi.ac.uk/efo/EFO_0004713	GCST90244094	Genome-wide genotyping array
2023-12-12	36914875	Shrine N	2023-03-13	Nat Genet	www.ncbi.nlm.nih.gov/pubmed/36914875	Multi-ancestry genome-wide association analyses improve resolution of genes and pathways influencing lung function and chronic obstructive pulmonary disease risk.	Lung function (FEV1/FVC)	475,645 European ancestry individuals, 8,590 African ancestry individuals, 85,279 East Asian ancestry individuals, 4,270 South Asian ancestry individuals, 14,668 Hispanic or Latin American individuals	NA	13q12.3	13	28338316		FLT1			ENSG00000102755			rs11617354-A	rs11617354	0	11617354	intron_variant	0	0.97	2E-9	8.698970004336019		6.014	z score increase	Affymetrix, Illumina [63372103] (imputed)	N	FEV/FVC ratio	http://www.ebi.ac.uk/efo/EFO_0004713	GCST90244094	Genome-wide genotyping array
2023-12-12	36914875	Shrine N	2023-03-13	Nat Genet	www.ncbi.nlm.nih.gov/pubmed/36914875	Multi-ancestry genome-wide association analyses improve resolution of genes and pathways influencing lung function and chronic obstructive pulmonary disease risk.	Lung function (FEV1/FVC)	475,645 European ancestry individuals, 8,590 African ancestry individuals, 85,279 East Asian ancestry individuals, 4,270 South Asian ancestry individuals, 14,668 Hispanic or Latin American individuals	NA	13q14.2	13	50250573		DLEU1			ENSG00000176124			rs112950911-T	rs112950911	0	112950911	intron_variant	0	0.0664	2E-9	8.698970004336019		6.008	z score increase	Affymetrix, Illumina [63372103] (imputed)	N	FEV/FVC ratio	http://www.ebi.ac.uk/efo/EFO_0004713	GCST90244094	Genome-wide genotyping array
2023-12-12	36914875	Shrine N	2023-03-13	Nat Genet	www.ncbi.nlm.nih.gov/pubmed/36914875	Multi-ancestry genome-wide association analyses improve resolution of genes and pathways influencing lung function and chronic obstructive pulmonary disease risk.	Lung function (FEV1/FVC)	475,645 European ancestry individuals, 8,590 African ancestry individuals, 85,279 East Asian ancestry individuals, 4,270 South Asian ancestry individuals, 14,668 Hispanic or Latin American individuals	NA	1q41	1	218515813		LINC02869			ENSG00000228208			rs3009947-T	rs3009947	0	3009947	intron_variant	0	0.496	2E-9	8.698970004336019		6.003	z score increase	Affymetrix, Illumina [63372103] (imputed)	N	FEV/FVC ratio	http://www.ebi.ac.uk/efo/EFO_0004713	GCST90244094	Genome-wide genotyping array
2023-12-12	36914875	Shrine N	2023-03-13	Nat Genet	www.ncbi.nlm.nih.gov/pubmed/36914875	Multi-ancestry genome-wide association analyses improve resolution of genes and pathways influencing lung function and chronic obstructive pulmonary disease risk.	Lung function (forced vital capacity)	475,645 European ancestry individuals, 8,590 African ancestry individuals, 85,279 East Asian ancestry individuals, 4,270 South Asian ancestry individuals, 14,668 Hispanic or Latin American individuals	NA	1p36.12	1	22146013		WNT4 - MIR4418	ENSG00000162552	ENSG00000266564		2044	120226	rs7519889-A	rs7519889	0	7519889	intron_variant	1	0.3	8E-17	16.096910013008056		8.338	z score increase	Affymetrix, Illumina [63372548] (imputed)	N	vital capacity	http://www.ebi.ac.uk/efo/EFO_0004312	GCST90244093	Genome-wide genotyping array
2023-12-12	36914875	Shrine N	2023-03-13	Nat Genet	www.ncbi.nlm.nih.gov/pubmed/36914875	Multi-ancestry genome-wide association analyses improve resolution of genes and pathways influencing lung function and chronic obstructive pulmonary disease risk.	Lung function (forced vital capacity)	475,645 European ancestry individuals, 8,590 African ancestry individuals, 85,279 East Asian ancestry individuals, 4,270 South Asian ancestry individuals, 14,668 Hispanic or Latin American individuals	NA	11p15.3	11	12678585		TEAD1			ENSG00000187079			rs7102432-T	rs7102432	0	7102432	intron_variant	0	0.554	8E-17	16.096910013008056		8.329	z score increase	Affymetrix, Illumina [63372548] (imputed)	N	vital capacity	http://www.ebi.ac.uk/efo/EFO_0004312	GCST90244093	Genome-wide genotyping array
2023-12-12	36914875	Shrine N	2023-03-13	Nat Genet	www.ncbi.nlm.nih.gov/pubmed/36914875	Multi-ancestry genome-wide association analyses improve resolution of genes and pathways influencing lung function and chronic obstructive pulmonary disease risk.	Lung function (forced vital capacity)	475,645 European ancestry individuals, 8,590 African ancestry individuals, 85,279 East Asian ancestry individuals, 4,270 South Asian ancestry individuals, 14,668 Hispanic or Latin American individuals	NA	2p16.3	2	48505805		PPP1R21			ENSG00000162869			rs4293602-A	rs4293602	0	4293602	intron_variant	0	0.351	8E-17	16.096910013008056		8.326	z score increase	Affymetrix, Illumina [63372548] (imputed)	N	vital capacity	http://www.ebi.ac.uk/efo/EFO_0004312	GCST90244093	Genome-wide genotyping array
2023-12-12	36914875	Shrine N	2023-03-13	Nat Genet	www.ncbi.nlm.nih.gov/pubmed/36914875	Multi-ancestry genome-wide association analyses improve resolution of genes and pathways influencing lung function and chronic obstructive pulmonary disease risk.	Lung function (forced vital capacity)	475,645 European ancestry individuals, 8,590 African ancestry individuals, 85,279 East Asian ancestry individuals, 4,270 South Asian ancestry individuals, 14,668 Hispanic or Latin American individuals	NA	12p11.21	12	30701046		IPO8 - CAPRIN2	ENSG00000133704	ENSG00000110888		5163	8466	rs4930936-T	rs4930936	0	4930936	intron_variant	1	0.577	5E-12	11.301029995663981		6.92	z score increase	Affymetrix, Illumina [63372548] (imputed)	N	vital capacity	http://www.ebi.ac.uk/efo/EFO_0004312	GCST90244093	Genome-wide genotyping array
2023-12-12	36914875	Shrine N	2023-03-13	Nat Genet	www.ncbi.nlm.nih.gov/pubmed/36914875	Multi-ancestry genome-wide association analyses improve resolution of genes and pathways influencing lung function and chronic obstructive pulmonary disease risk.	Lung function (forced vital capacity)	475,645 European ancestry individuals, 8,590 African ancestry individuals, 85,279 East Asian ancestry individuals, 4,270 South Asian ancestry individuals, 14,668 Hispanic or Latin American individuals	NA	6p12.1	6	55666445		HMGCLL1 - BMP5	ENSG00000146151	ENSG00000112175		87248	87208	rs11753370-A	rs11753370	0	11753370	intergenic_variant	1	0.684	5E-12	11.301029995663981		6.91	z score decrease	Affymetrix, Illumina [63372548] (imputed)	N	vital capacity	http://www.ebi.ac.uk/efo/EFO_0004312	GCST90244093	Genome-wide genotyping array
2023-12-12	36914875	Shrine N	2023-03-13	Nat Genet	www.ncbi.nlm.nih.gov/pubmed/36914875	Multi-ancestry genome-wide association analyses improve resolution of genes and pathways influencing lung function and chronic obstructive pulmonary disease risk.	Lung function (forced vital capacity)	475,645 European ancestry individuals, 8,590 African ancestry individuals, 85,279 East Asian ancestry individuals, 4,270 South Asian ancestry individuals, 14,668 Hispanic or Latin American individuals	NA	12q13.13	12	53993593		HOXC6			ENSG00000197757			rs1109391-T	rs1109391	0	1109391	intron_variant	0	0.599	9E-17	16.045757490560675		8.313	z score increase	Affymetrix, Illumina [63372548] (imputed)	N	vital capacity	http://www.ebi.ac.uk/efo/EFO_0004312	GCST90244093	Genome-wide genotyping array
2023-12-12	36914875	Shrine N	2023-03-13	Nat Genet	www.ncbi.nlm.nih.gov/pubmed/36914875	Multi-ancestry genome-wide association analyses improve resolution of genes and pathways influencing lung function and chronic obstructive pulmonary disease risk.	Lung function (forced vital capacity)	475,645 European ancestry individuals, 8,590 African ancestry individuals, 85,279 East Asian ancestry individuals, 4,270 South Asian ancestry individuals, 14,668 Hispanic or Latin American individuals	NA	8q12.3	8	63808136		LINC01414, LINC01289			ENSG00000253554, ENSG00000253734			rs4737183-A	rs4737183	0	4737183	intron_variant	0	0.484	1E-16	16.0		8.307	z score decrease	Affymetrix, Illumina [63372548] (imputed)	N	vital capacity	http://www.ebi.ac.uk/efo/EFO_0004312	GCST90244093	Genome-wide genotyping array
2023-12-12	36914875	Shrine N	2023-03-13	Nat Genet	www.ncbi.nlm.nih.gov/pubmed/36914875	Multi-ancestry genome-wide association analyses improve resolution of genes and pathways influencing lung function and chronic obstructive pulmonary disease risk.	Lung function (forced vital capacity)	475,645 European ancestry individuals, 8,590 African ancestry individuals, 85,279 East Asian ancestry individuals, 4,270 South Asian ancestry individuals, 14,668 Hispanic or Latin American individuals	NA	1q41	1	214947064		GAPDHP24 - KCNK2	ENSG00000185221	ENSG00000082482		75348	58711	rs555520-C	rs555520	0	555520	non_coding_transcript_exon_variant	1	0.618	1E-16	16.0		8.294	z score decrease	Affymetrix, Illumina [63372548] (imputed)	N	vital capacity	http://www.ebi.ac.uk/efo/EFO_0004312	GCST90244093	Genome-wide genotyping array
2023-12-12	36914875	Shrine N	2023-03-13	Nat Genet	www.ncbi.nlm.nih.gov/pubmed/36914875	Multi-ancestry genome-wide association analyses improve resolution of genes and pathways influencing lung function and chronic obstructive pulmonary disease risk.	Lung function (forced vital capacity)	475,645 European ancestry individuals, 8,590 African ancestry individuals, 85,279 East Asian ancestry individuals, 4,270 South Asian ancestry individuals, 14,668 Hispanic or Latin American individuals	NA	5q31.1	5	132130936		CSF2 - P4HA2-AS1	ENSG00000164400	ENSG00000237714		54766	53940	rs3843503-A	rs3843503	0	3843503	intron_variant	1	0.371	1E-16	16.0		8.279	z score decrease	Affymetrix, Illumina [63372548] (imputed)	N	vital capacity	http://www.ebi.ac.uk/efo/EFO_0004312	GCST90244093	Genome-wide genotyping array
2023-12-12	36914875	Shrine N	2023-03-13	Nat Genet	www.ncbi.nlm.nih.gov/pubmed/36914875	Multi-ancestry genome-wide association analyses improve resolution of genes and pathways influencing lung function and chronic obstructive pulmonary disease risk.	Lung function (forced vital capacity)	475,645 European ancestry individuals, 8,590 African ancestry individuals, 85,279 East Asian ancestry individuals, 4,270 South Asian ancestry individuals, 14,668 Hispanic or Latin American individuals	NA	1q41	1	221458596		LINC02817 - DUSP10	ENSG00000234754	ENSG00000143507		122107	242073	rs12757436-A	rs12757436	0	12757436	regulatory_region_variant	1	0.337	1E-16	16.0		8.279	z score increase	Affymetrix, Illumina [63372548] (imputed)	N	vital capacity	http://www.ebi.ac.uk/efo/EFO_0004312	GCST90244093	Genome-wide genotyping array
2023-12-12	36914875	Shrine N	2023-03-13	Nat Genet	www.ncbi.nlm.nih.gov/pubmed/36914875	Multi-ancestry genome-wide association analyses improve resolution of genes and pathways influencing lung function and chronic obstructive pulmonary disease risk.	Lung function (forced vital capacity)	475,645 European ancestry individuals, 8,590 African ancestry individuals, 85,279 East Asian ancestry individuals, 4,270 South Asian ancestry individuals, 14,668 Hispanic or Latin American individuals	NA	11q24.3	11	128511972		ETS1			ENSG00000134954			rs7108992-A	rs7108992	0	7108992	intron_variant	0	0.307	6E-16	15.221848749616356		8.09	z score increase	Affymetrix, Illumina [63372548] (imputed)	N	vital capacity	http://www.ebi.ac.uk/efo/EFO_0004312	GCST90244093	Genome-wide genotyping array
2023-12-12	36914875	Shrine N	2023-03-13	Nat Genet	www.ncbi.nlm.nih.gov/pubmed/36914875	Multi-ancestry genome-wide association analyses improve resolution of genes and pathways influencing lung function and chronic obstructive pulmonary disease risk.	Lung function (forced vital capacity)	475,645 European ancestry individuals, 8,590 African ancestry individuals, 85,279 East Asian ancestry individuals, 4,270 South Asian ancestry individuals, 14,668 Hispanic or Latin American individuals	NA	5q31.3	5	143272796		ARHGAP26 - NR3C1	ENSG00000145819	ENSG00000113580		43785	5135	rs258763-A	rs258763	0	258763	intron_variant	1	0.509	1E-15	15.0		8.023	z score decrease	Affymetrix, Illumina [63372548] (imputed)	N	vital capacity	http://www.ebi.ac.uk/efo/EFO_0004312	GCST90244093	Genome-wide genotyping array
2023-12-12	36914875	Shrine N	2023-03-13	Nat Genet	www.ncbi.nlm.nih.gov/pubmed/36914875	Multi-ancestry genome-wide association analyses improve resolution of genes and pathways influencing lung function and chronic obstructive pulmonary disease risk.	Lung function (forced vital capacity)	475,645 European ancestry individuals, 8,590 African ancestry individuals, 85,279 East Asian ancestry individuals, 4,270 South Asian ancestry individuals, 14,668 Hispanic or Latin American individuals	NA	12q14.3	12	65772361		RPSAP52, RPSAP52			ENSG00000293176, ENSG00000241749			rs76900422-A	rs76900422	0	76900422	intron_variant	0	0.0504	1E-15	15.0		7.988	z score decrease	Affymetrix, Illumina [63372548] (imputed)	N	vital capacity	http://www.ebi.ac.uk/efo/EFO_0004312	GCST90244093	Genome-wide genotyping array
2023-12-12	36914875	Shrine N	2023-03-13	Nat Genet	www.ncbi.nlm.nih.gov/pubmed/36914875	Multi-ancestry genome-wide association analyses improve resolution of genes and pathways influencing lung function and chronic obstructive pulmonary disease risk.	Lung function (forced vital capacity)	475,645 European ancestry individuals, 8,590 African ancestry individuals, 85,279 East Asian ancestry individuals, 4,270 South Asian ancestry individuals, 14,668 Hispanic or Latin American individuals	NA	5q11.2	5	54148668		ARL15			ENSG00000185305			rs2441026-T	rs2441026	0	2441026	intron_variant	0	0.419	2E-15	14.698970004336019		7.964	z score increase	Affymetrix, Illumina [63372548] (imputed)	N	vital capacity	http://www.ebi.ac.uk/efo/EFO_0004312	GCST90244093	Genome-wide genotyping array
2023-12-12	36914875	Shrine N	2023-03-13	Nat Genet	www.ncbi.nlm.nih.gov/pubmed/36914875	Multi-ancestry genome-wide association analyses improve resolution of genes and pathways influencing lung function and chronic obstructive pulmonary disease risk.	Lung function (forced vital capacity)	475,645 European ancestry individuals, 8,590 African ancestry individuals, 85,279 East Asian ancestry individuals, 4,270 South Asian ancestry individuals, 14,668 Hispanic or Latin American individuals	NA	6q27	6	169216017		THBS2, THBS2-AS1			ENSG00000186340, ENSG00000226445			rs3253-T	rs3253	0	3253	3_prime_UTR_variant	0	0.332	2E-15	14.698970004336019		7.932	z score increase	Affymetrix, Illumina [63372548] (imputed)	N	vital capacity	http://www.ebi.ac.uk/efo/EFO_0004312	GCST90244093	Genome-wide genotyping array
2023-12-12	36914875	Shrine N	2023-03-13	Nat Genet	www.ncbi.nlm.nih.gov/pubmed/36914875	Multi-ancestry genome-wide association analyses improve resolution of genes and pathways influencing lung function and chronic obstructive pulmonary disease risk.	Lung function (forced vital capacity)	475,645 European ancestry individuals, 8,590 African ancestry individuals, 85,279 East Asian ancestry individuals, 4,270 South Asian ancestry individuals, 14,668 Hispanic or Latin American individuals	NA	3p22.3	3	33223422		SUSD5 - FBXL2	ENSG00000173705	ENSG00000153558		4612	53603	rs10222597-T	rs10222597	0	10222597	intergenic_variant	1	0.119	3E-15	14.522878745280337		7.877	z score increase	Affymetrix, Illumina [63372548] (imputed)	N	vital capacity	http://www.ebi.ac.uk/efo/EFO_0004312	GCST90244093	Genome-wide genotyping array
2023-12-12	36914875	Shrine N	2023-03-13	Nat Genet	www.ncbi.nlm.nih.gov/pubmed/36914875	Multi-ancestry genome-wide association analyses improve resolution of genes and pathways influencing lung function and chronic obstructive pulmonary disease risk.	Lung function (forced vital capacity)	475,645 European ancestry individuals, 8,590 African ancestry individuals, 85,279 East Asian ancestry individuals, 4,270 South Asian ancestry individuals, 14,668 Hispanic or Latin American individuals	NA	1q31.1	1	186129294		HMCN1			ENSG00000143341			rs6689111-A	rs6689111	0	6689111	intron_variant	0	0.397	4E-15	14.397940008672037		7.87	z score increase	Affymetrix, Illumina [63372548] (imputed)	N	vital capacity	http://www.ebi.ac.uk/efo/EFO_0004312	GCST90244093	Genome-wide genotyping array
2023-12-12	36914875	Shrine N	2023-03-13	Nat Genet	www.ncbi.nlm.nih.gov/pubmed/36914875	Multi-ancestry genome-wide association analyses improve resolution of genes and pathways influencing lung function and chronic obstructive pulmonary disease risk.	Lung function (forced vital capacity)	475,645 European ancestry individuals, 8,590 African ancestry individuals, 85,279 East Asian ancestry individuals, 4,270 South Asian ancestry individuals, 14,668 Hispanic or Latin American individuals	NA	8q12.1	8	56235824		CHCHD7 - SDR16C5	ENSG00000170791	ENSG00000170786		17015	64181	rs35398666-A	rs35398666	0	35398666	intergenic_variant	1	0.871	6E-15	14.221848749616356		7.806	z score increase	Affymetrix, Illumina [63372548] (imputed)	N	vital capacity	http://www.ebi.ac.uk/efo/EFO_0004312	GCST90244093	Genome-wide genotyping array
2023-12-12	36914875	Shrine N	2023-03-13	Nat Genet	www.ncbi.nlm.nih.gov/pubmed/36914875	Multi-ancestry genome-wide association analyses improve resolution of genes and pathways influencing lung function and chronic obstructive pulmonary disease risk.	Lung function (forced vital capacity)	475,645 European ancestry individuals, 8,590 African ancestry individuals, 85,279 East Asian ancestry individuals, 4,270 South Asian ancestry individuals, 14,668 Hispanic or Latin American individuals	NA	19p13.3	19	5945557		RANBP3			ENSG00000031823			rs7252993-C	rs7252993	0	7252993	intron_variant	0	0.316	7E-15	14.154901959985743		7.794	z score decrease	Affymetrix, Illumina [63372548] (imputed)	N	vital capacity	http://www.ebi.ac.uk/efo/EFO_0004312	GCST90244093	Genome-wide genotyping array
2023-12-12	36914875	Shrine N	2023-03-13	Nat Genet	www.ncbi.nlm.nih.gov/pubmed/36914875	Multi-ancestry genome-wide association analyses improve resolution of genes and pathways influencing lung function and chronic obstructive pulmonary disease risk.	Lung function (forced vital capacity)	475,645 European ancestry individuals, 8,590 African ancestry individuals, 85,279 East Asian ancestry individuals, 4,270 South Asian ancestry individuals, 14,668 Hispanic or Latin American individuals	NA	4p15.2	4	25407216		ANAPC4			ENSG00000053900			rs34811474-A	rs34811474	0	34811474	missense_variant	0	0.22	8E-15	14.096910013008056		7.764	z score increase	Affymetrix, Illumina [63372548] (imputed)	N	vital capacity	http://www.ebi.ac.uk/efo/EFO_0004312	GCST90244093	Genome-wide genotyping array
2023-12-12	36914875	Shrine N	2023-03-13	Nat Genet	www.ncbi.nlm.nih.gov/pubmed/36914875	Multi-ancestry genome-wide association analyses improve resolution of genes and pathways influencing lung function and chronic obstructive pulmonary disease risk.	Lung function (forced vital capacity)	475,645 European ancestry individuals, 8,590 African ancestry individuals, 85,279 East Asian ancestry individuals, 4,270 South Asian ancestry individuals, 14,668 Hispanic or Latin American individuals	NA											chr21:36063638-CT	chr21:36063638	0			1	0.671	9E-15	14.045757490560675		7.755	z score increase	Affymetrix, Illumina [63372548] (imputed)	N	vital capacity	http://www.ebi.ac.uk/efo/EFO_0004312	GCST90244093	Genome-wide genotyping array
2023-12-12	36914875	Shrine N	2023-03-13	Nat Genet	www.ncbi.nlm.nih.gov/pubmed/36914875	Multi-ancestry genome-wide association analyses improve resolution of genes and pathways influencing lung function and chronic obstructive pulmonary disease risk.	Lung function (forced vital capacity)	475,645 European ancestry individuals, 8,590 African ancestry individuals, 85,279 East Asian ancestry individuals, 4,270 South Asian ancestry individuals, 14,668 Hispanic or Latin American individuals	NA	7q34	7	140860223		BRAF			ENSG00000157764			rs13227429-T	rs13227429	0	13227429	intron_variant	0	0.515	1E-14	14.0		7.704	z score increase	Affymetrix, Illumina [63372548] (imputed)	N	vital capacity	http://www.ebi.ac.uk/efo/EFO_0004312	GCST90244093	Genome-wide genotyping array
2023-12-12	36914875	Shrine N	2023-03-13	Nat Genet	www.ncbi.nlm.nih.gov/pubmed/36914875	Multi-ancestry genome-wide association analyses improve resolution of genes and pathways influencing lung function and chronic obstructive pulmonary disease risk.	Lung function (forced vital capacity)	475,645 European ancestry individuals, 8,590 African ancestry individuals, 85,279 East Asian ancestry individuals, 4,270 South Asian ancestry individuals, 14,668 Hispanic or Latin American individuals	NA	11q24.3	11	130428053		ADAMTS8, ZBTB44-DT			ENSG00000134917, ENSG00000175773			rs7927048-C	rs7927048	0	7927048	missense_variant	0	0.394	1E-14	14.0		7.7	z score increase	Affymetrix, Illumina [63372548] (imputed)	N	vital capacity	http://www.ebi.ac.uk/efo/EFO_0004312	GCST90244093	Genome-wide genotyping array
2023-12-12	36914875	Shrine N	2023-03-13	Nat Genet	www.ncbi.nlm.nih.gov/pubmed/36914875	Multi-ancestry genome-wide association analyses improve resolution of genes and pathways influencing lung function and chronic obstructive pulmonary disease risk.	Lung function (forced vital capacity)	475,645 European ancestry individuals, 8,590 African ancestry individuals, 85,279 East Asian ancestry individuals, 4,270 South Asian ancestry individuals, 14,668 Hispanic or Latin American individuals	NA	8q13.2	8	68665091		C8orf34			ENSG00000165084			rs974335-A	rs974335	0	974335	intron_variant	0	0.849	2E-14	13.698970004336019		7.646	z score increase	Affymetrix, Illumina [63372548] (imputed)	N	vital capacity	http://www.ebi.ac.uk/efo/EFO_0004312	GCST90244093	Genome-wide genotyping array
2023-12-12	36914875	Shrine N	2023-03-13	Nat Genet	www.ncbi.nlm.nih.gov/pubmed/36914875	Multi-ancestry genome-wide association analyses improve resolution of genes and pathways influencing lung function and chronic obstructive pulmonary disease risk.	Lung function (forced vital capacity)	475,645 European ancestry individuals, 8,590 African ancestry individuals, 85,279 East Asian ancestry individuals, 4,270 South Asian ancestry individuals, 14,668 Hispanic or Latin American individuals	NA	1q32.1	1	200124759		NR5A2			ENSG00000116833			rs2821334-T	rs2821334	0	2821334	intron_variant	0	0.484	2E-14	13.698970004336019		7.629	z score increase	Affymetrix, Illumina [63372548] (imputed)	N	vital capacity	http://www.ebi.ac.uk/efo/EFO_0004312	GCST90244093	Genome-wide genotyping array
2023-12-12	36914875	Shrine N	2023-03-13	Nat Genet	www.ncbi.nlm.nih.gov/pubmed/36914875	Multi-ancestry genome-wide association analyses improve resolution of genes and pathways influencing lung function and chronic obstructive pulmonary disease risk.	Lung function (FEV1/FVC)	475,645 European ancestry individuals, 8,590 African ancestry individuals, 85,279 East Asian ancestry individuals, 4,270 South Asian ancestry individuals, 14,668 Hispanic or Latin American individuals	NA	3q27.3	3	186365822		DGKG - LINC02020	ENSG00000058866	ENSG00000234548		3561	73417	rs7618021-T	rs7618021	0	7618021	regulatory_region_variant	1	0.341	1E-12	12.0		7.103	z score increase	Affymetrix, Illumina [63372103] (imputed)	N	FEV/FVC ratio	http://www.ebi.ac.uk/efo/EFO_0004713	GCST90244094	Genome-wide genotyping array
2023-12-12	36914875	Shrine N	2023-03-13	Nat Genet	www.ncbi.nlm.nih.gov/pubmed/36914875	Multi-ancestry genome-wide association analyses improve resolution of genes and pathways influencing lung function and chronic obstructive pulmonary disease risk.	Lung function (FEV1/FVC)	475,645 European ancestry individuals, 8,590 African ancestry individuals, 85,279 East Asian ancestry individuals, 4,270 South Asian ancestry individuals, 14,668 Hispanic or Latin American individuals	NA	15q22.33	15	67159072		SMAD3			ENSG00000166949			rs72743467-A	rs72743467	0	72743467	intron_variant	0	0.826	1E-12	12.0		7.102	z score increase	Affymetrix, Illumina [63372103] (imputed)	N	FEV/FVC ratio	http://www.ebi.ac.uk/efo/EFO_0004713	GCST90244094	Genome-wide genotyping array
2023-12-12	36914875	Shrine N	2023-03-13	Nat Genet	www.ncbi.nlm.nih.gov/pubmed/36914875	Multi-ancestry genome-wide association analyses improve resolution of genes and pathways influencing lung function and chronic obstructive pulmonary disease risk.	Lung function (FEV1/FVC)	475,645 European ancestry individuals, 8,590 African ancestry individuals, 85,279 East Asian ancestry individuals, 4,270 South Asian ancestry individuals, 14,668 Hispanic or Latin American individuals	NA	2q36.3	2	229390861		DNER			ENSG00000187957			rs114643265-A	rs114643265	0	114643265	intron_variant	0	0.979	1E-12	12.0		7.094	z score decrease	Affymetrix, Illumina [63372103] (imputed)	N	FEV/FVC ratio	http://www.ebi.ac.uk/efo/EFO_0004713	GCST90244094	Genome-wide genotyping array
2023-12-12	36914875	Shrine N	2023-03-13	Nat Genet	www.ncbi.nlm.nih.gov/pubmed/36914875	Multi-ancestry genome-wide association analyses improve resolution of genes and pathways influencing lung function and chronic obstructive pulmonary disease risk.	Lung function (FEV1/FVC)	475,645 European ancestry individuals, 8,590 African ancestry individuals, 85,279 East Asian ancestry individuals, 4,270 South Asian ancestry individuals, 14,668 Hispanic or Latin American individuals	NA	11q13.3	11	69638462		LINC01488 - PNCRNA-D	ENSG00000285094	ENSG00000298300		143510	672	rs2510461-T	rs2510461	0	2510461	intergenic_variant	1	0.542	2E-12	11.698970004336019		7.072	z score decrease	Affymetrix, Illumina [63372103] (imputed)	N	FEV/FVC ratio	http://www.ebi.ac.uk/efo/EFO_0004713	GCST90244094	Genome-wide genotyping array
2023-12-12	36914875	Shrine N	2023-03-13	Nat Genet	www.ncbi.nlm.nih.gov/pubmed/36914875	Multi-ancestry genome-wide association analyses improve resolution of genes and pathways influencing lung function and chronic obstructive pulmonary disease risk.	Lung function (FEV1/FVC)	475,645 European ancestry individuals, 8,590 African ancestry individuals, 85,279 East Asian ancestry individuals, 4,270 South Asian ancestry individuals, 14,668 Hispanic or Latin American individuals	NA	2q33.1	2	200343969		SPATS2L			ENSG00000196141			rs985256-A	rs985256	0	985256	intron_variant	0	0.218	2E-12	11.698970004336019		7.072	z score increase	Affymetrix, Illumina [63372103] (imputed)	N	FEV/FVC ratio	http://www.ebi.ac.uk/efo/EFO_0004713	GCST90244094	Genome-wide genotyping array
2023-12-12	36914875	Shrine N	2023-03-13	Nat Genet	www.ncbi.nlm.nih.gov/pubmed/36914875	Multi-ancestry genome-wide association analyses improve resolution of genes and pathways influencing lung function and chronic obstructive pulmonary disease risk.	Lung function (FEV1/FVC)	475,645 European ancestry individuals, 8,590 African ancestry individuals, 85,279 East Asian ancestry individuals, 4,270 South Asian ancestry individuals, 14,668 Hispanic or Latin American individuals	NA	7q33	7	134881320		CALD1			ENSG00000122786			rs1452909-A	rs1452909	0	1452909	intron_variant	0	0.226	2E-12	11.698970004336019		7.062	z score decrease	Affymetrix, Illumina [63372103] (imputed)	N	FEV/FVC ratio	http://www.ebi.ac.uk/efo/EFO_0004713	GCST90244094	Genome-wide genotyping array
2023-12-12	36914875	Shrine N	2023-03-13	Nat Genet	www.ncbi.nlm.nih.gov/pubmed/36914875	Multi-ancestry genome-wide association analyses improve resolution of genes and pathways influencing lung function and chronic obstructive pulmonary disease risk.	Lung function (FEV1/FVC)	475,645 European ancestry individuals, 8,590 African ancestry individuals, 85,279 East Asian ancestry individuals, 4,270 South Asian ancestry individuals, 14,668 Hispanic or Latin American individuals	NA	5q23.1	5	120052964		TUBAP15 - RNU6-718P	ENSG00000250895	ENSG00000251975		399964	284585	rs4895231-C	rs4895231	0	4895231	intron_variant	1	0.432	2E-12	11.698970004336019		7.056	z score increase	Affymetrix, Illumina [63372103] (imputed)	N	FEV/FVC ratio	http://www.ebi.ac.uk/efo/EFO_0004713	GCST90244094	Genome-wide genotyping array
2023-12-12	36914875	Shrine N	2023-03-13	Nat Genet	www.ncbi.nlm.nih.gov/pubmed/36914875	Multi-ancestry genome-wide association analyses improve resolution of genes and pathways influencing lung function and chronic obstructive pulmonary disease risk.	Lung function (FEV1/FVC)	475,645 European ancestry individuals, 8,590 African ancestry individuals, 85,279 East Asian ancestry individuals, 4,270 South Asian ancestry individuals, 14,668 Hispanic or Latin American individuals	NA	10p13	10	13688034		FRMD4A			ENSG00000151474			rs11258524-A	rs11258524	0	11258524	intron_variant	0	0.789	2E-12	11.698970004336019		7.055	z score increase	Affymetrix, Illumina [63372103] (imputed)	N	FEV/FVC ratio	http://www.ebi.ac.uk/efo/EFO_0004713	GCST90244094	Genome-wide genotyping array
2023-12-12	36914875	Shrine N	2023-03-13	Nat Genet	www.ncbi.nlm.nih.gov/pubmed/36914875	Multi-ancestry genome-wide association analyses improve resolution of genes and pathways influencing lung function and chronic obstructive pulmonary disease risk.	Lung function (FEV1/FVC)	475,645 European ancestry individuals, 8,590 African ancestry individuals, 85,279 East Asian ancestry individuals, 4,270 South Asian ancestry individuals, 14,668 Hispanic or Latin American individuals	NA	1q41	1	218590468		U3 - NXNP1	ENSG00000221496	ENSG00000226693		48569	291132	rs28459747-A	rs28459747	0	28459747	intergenic_variant	1	0.881	2E-12	11.698970004336019		7.044	z score decrease	Affymetrix, Illumina [63372103] (imputed)	N	FEV/FVC ratio	http://www.ebi.ac.uk/efo/EFO_0004713	GCST90244094	Genome-wide genotyping array
2023-12-12	36914875	Shrine N	2023-03-13	Nat Genet	www.ncbi.nlm.nih.gov/pubmed/36914875	Multi-ancestry genome-wide association analyses improve resolution of genes and pathways influencing lung function and chronic obstructive pulmonary disease risk.	Lung function (FEV1/FVC)	475,645 European ancestry individuals, 8,590 African ancestry individuals, 85,279 East Asian ancestry individuals, 4,270 South Asian ancestry individuals, 14,668 Hispanic or Latin American individuals	NA	1q31.1	1	185956670		HMCN1			ENSG00000143341			rs11586893-A	rs11586893	0	11586893	intron_variant	0	0.221	2E-12	11.698970004336019		7.028	z score decrease	Affymetrix, Illumina [63372103] (imputed)	N	FEV/FVC ratio	http://www.ebi.ac.uk/efo/EFO_0004713	GCST90244094	Genome-wide genotyping array
2023-12-12	36914875	Shrine N	2023-03-13	Nat Genet	www.ncbi.nlm.nih.gov/pubmed/36914875	Multi-ancestry genome-wide association analyses improve resolution of genes and pathways influencing lung function and chronic obstructive pulmonary disease risk.	Lung function (FEV1/FVC)	475,645 European ancestry individuals, 8,590 African ancestry individuals, 85,279 East Asian ancestry individuals, 4,270 South Asian ancestry individuals, 14,668 Hispanic or Latin American individuals	NA	19p13.12	19	13839392		MIR23AHG			ENSG00000267519			rs62122064-A	rs62122064	0	62122064	non_coding_transcript_exon_variant	0	0.771	2E-12	11.698970004336019		7.023	z score increase	Affymetrix, Illumina [63372103] (imputed)	N	FEV/FVC ratio	http://www.ebi.ac.uk/efo/EFO_0004713	GCST90244094	Genome-wide genotyping array
2023-12-12	36914875	Shrine N	2023-03-13	Nat Genet	www.ncbi.nlm.nih.gov/pubmed/36914875	Multi-ancestry genome-wide association analyses improve resolution of genes and pathways influencing lung function and chronic obstructive pulmonary disease risk.	Lung function (FEV1/FVC)	475,645 European ancestry individuals, 8,590 African ancestry individuals, 85,279 East Asian ancestry individuals, 4,270 South Asian ancestry individuals, 14,668 Hispanic or Latin American individuals	NA	15q24.3	15	76549314		SCAPER			ENSG00000140386			rs71405216-T	rs71405216	0	71405216	intron_variant	0	0.532	3E-12	11.522878745280337		7.002	z score decrease	Affymetrix, Illumina [63372103] (imputed)	N	FEV/FVC ratio	http://www.ebi.ac.uk/efo/EFO_0004713	GCST90244094	Genome-wide genotyping array
2023-12-12	36914875	Shrine N	2023-03-13	Nat Genet	www.ncbi.nlm.nih.gov/pubmed/36914875	Multi-ancestry genome-wide association analyses improve resolution of genes and pathways influencing lung function and chronic obstructive pulmonary disease risk.	Lung function (FEV1/FVC)	475,645 European ancestry individuals, 8,590 African ancestry individuals, 85,279 East Asian ancestry individuals, 4,270 South Asian ancestry individuals, 14,668 Hispanic or Latin American individuals	NA	16q21	16	58041331		MMP15			ENSG00000102996			rs41390948-T	rs41390948	0	41390948	missense_variant	0	0.0148	3E-12	11.522878745280337		6.961	z score increase	Affymetrix, Illumina [63372103] (imputed)	N	FEV/FVC ratio	http://www.ebi.ac.uk/efo/EFO_0004713	GCST90244094	Genome-wide genotyping array
2023-12-12	36914875	Shrine N	2023-03-13	Nat Genet	www.ncbi.nlm.nih.gov/pubmed/36914875	Multi-ancestry genome-wide association analyses improve resolution of genes and pathways influencing lung function and chronic obstructive pulmonary disease risk.	Lung function (FEV1/FVC)	475,645 European ancestry individuals, 8,590 African ancestry individuals, 85,279 East Asian ancestry individuals, 4,270 South Asian ancestry individuals, 14,668 Hispanic or Latin American individuals	NA	1p22.1	1	91691585		TGFBR3			ENSG00000069702			rs80151214-A	rs80151214	0	80151214	intron_variant	0	0.79	3E-12	11.522878745280337		6.961	z score decrease	Affymetrix, Illumina [63372103] (imputed)	N	FEV/FVC ratio	http://www.ebi.ac.uk/efo/EFO_0004713	GCST90244094	Genome-wide genotyping array
2023-12-12	36914875	Shrine N	2023-03-13	Nat Genet	www.ncbi.nlm.nih.gov/pubmed/36914875	Multi-ancestry genome-wide association analyses improve resolution of genes and pathways influencing lung function and chronic obstructive pulmonary disease risk.	Lung function (FEV1/FVC)	475,645 European ancestry individuals, 8,590 African ancestry individuals, 85,279 East Asian ancestry individuals, 4,270 South Asian ancestry individuals, 14,668 Hispanic or Latin American individuals	NA	4q31.21	4	144659138		HHIP, HHIP-AS1			ENSG00000164161, ENSG00000248890			rs1355601-A	rs1355601	0	1355601	intron_variant	0	0.431	3E-12	11.522878745280337		6.959	z score decrease	Affymetrix, Illumina [63372103] (imputed)	N	FEV/FVC ratio	http://www.ebi.ac.uk/efo/EFO_0004713	GCST90244094	Genome-wide genotyping array
2023-12-12	36914875	Shrine N	2023-03-13	Nat Genet	www.ncbi.nlm.nih.gov/pubmed/36914875	Multi-ancestry genome-wide association analyses improve resolution of genes and pathways influencing lung function and chronic obstructive pulmonary disease risk.	Lung function (FEV1/FVC)	475,645 European ancestry individuals, 8,590 African ancestry individuals, 85,279 East Asian ancestry individuals, 4,270 South Asian ancestry individuals, 14,668 Hispanic or Latin American individuals	NA	6q22.31	6	121442860		GJA1			ENSG00000152661			rs10456939-A	rs10456939	0	10456939	intron_variant	0	0.215	4E-12	11.397940008672037		6.951	z score increase	Affymetrix, Illumina [63372103] (imputed)	N	FEV/FVC ratio	http://www.ebi.ac.uk/efo/EFO_0004713	GCST90244094	Genome-wide genotyping array
2023-12-12	36914875	Shrine N	2023-03-13	Nat Genet	www.ncbi.nlm.nih.gov/pubmed/36914875	Multi-ancestry genome-wide association analyses improve resolution of genes and pathways influencing lung function and chronic obstructive pulmonary disease risk.	Lung function (FEV1/FVC)	475,645 European ancestry individuals, 8,590 African ancestry individuals, 85,279 East Asian ancestry individuals, 4,270 South Asian ancestry individuals, 14,668 Hispanic or Latin American individuals	NA	1p13.2	1	112403161		CTTNBP2NL			ENSG00000143079			rs12119865-C	rs12119865	0	12119865	intron_variant	0	0.688	4E-12	11.397940008672037		6.939	z score increase	Affymetrix, Illumina [63372103] (imputed)	N	FEV/FVC ratio	http://www.ebi.ac.uk/efo/EFO_0004713	GCST90244094	Genome-wide genotyping array
2023-12-12	36914875	Shrine N	2023-03-13	Nat Genet	www.ncbi.nlm.nih.gov/pubmed/36914875	Multi-ancestry genome-wide association analyses improve resolution of genes and pathways influencing lung function and chronic obstructive pulmonary disease risk.	Lung function (FEV1/FVC)	475,645 European ancestry individuals, 8,590 African ancestry individuals, 85,279 East Asian ancestry individuals, 4,270 South Asian ancestry individuals, 14,668 Hispanic or Latin American individuals	NA	14q11.2	14	22934519		PRMT5-DT			ENSG00000257285			rs4982712-A	rs4982712	0	4982712	intron_variant	0	0.371	4E-12	11.397940008672037		6.936	z score decrease	Affymetrix, Illumina [63372103] (imputed)	N	FEV/FVC ratio	http://www.ebi.ac.uk/efo/EFO_0004713	GCST90244094	Genome-wide genotyping array
2023-12-12	36914875	Shrine N	2023-03-13	Nat Genet	www.ncbi.nlm.nih.gov/pubmed/36914875	Multi-ancestry genome-wide association analyses improve resolution of genes and pathways influencing lung function and chronic obstructive pulmonary disease risk.	Lung function (FEV1/FVC)	475,645 European ancestry individuals, 8,590 African ancestry individuals, 85,279 East Asian ancestry individuals, 4,270 South Asian ancestry individuals, 14,668 Hispanic or Latin American individuals	NA	12q24.21	12	114746248		TBX3-AS1			ENSG00000257817			rs11067278-C	rs11067278	0	11067278	intron_variant	0	0.403	4E-12	11.397940008672037		6.936	z score decrease	Affymetrix, Illumina [63372103] (imputed)	N	FEV/FVC ratio	http://www.ebi.ac.uk/efo/EFO_0004713	GCST90244094	Genome-wide genotyping array
2023-12-12	36914875	Shrine N	2023-03-13	Nat Genet	www.ncbi.nlm.nih.gov/pubmed/36914875	Multi-ancestry genome-wide association analyses improve resolution of genes and pathways influencing lung function and chronic obstructive pulmonary disease risk.	Lung function (FEV1/FVC)	475,645 European ancestry individuals, 8,590 African ancestry individuals, 85,279 East Asian ancestry individuals, 4,270 South Asian ancestry individuals, 14,668 Hispanic or Latin American individuals	NA	2p16.1	2	56010442		MIR217HG			ENSG00000226702			rs62164518-A	rs62164518	0	62164518	intron_variant	0	0.907	5E-12	11.301029995663981		6.904	z score decrease	Affymetrix, Illumina [63372103] (imputed)	N	FEV/FVC ratio	http://www.ebi.ac.uk/efo/EFO_0004713	GCST90244094	Genome-wide genotyping array
2023-12-12	36914875	Shrine N	2023-03-13	Nat Genet	www.ncbi.nlm.nih.gov/pubmed/36914875	Multi-ancestry genome-wide association analyses improve resolution of genes and pathways influencing lung function and chronic obstructive pulmonary disease risk.	Lung function (FEV1/FVC)	475,645 European ancestry individuals, 8,590 African ancestry individuals, 85,279 East Asian ancestry individuals, 4,270 South Asian ancestry individuals, 14,668 Hispanic or Latin American individuals	NA	17p11.2	17	18051221		GID4			ENSG00000141034			rs4925137-A	rs4925137	0	4925137	intron_variant	0	0.204	6E-12	11.221848749616356		6.886	z score increase	Affymetrix, Illumina [63372103] (imputed)	N	FEV/FVC ratio	http://www.ebi.ac.uk/efo/EFO_0004713	GCST90244094	Genome-wide genotyping array
2023-12-12	36914875	Shrine N	2023-03-13	Nat Genet	www.ncbi.nlm.nih.gov/pubmed/36914875	Multi-ancestry genome-wide association analyses improve resolution of genes and pathways influencing lung function and chronic obstructive pulmonary disease risk.	Lung function (FEV1/FVC)	475,645 European ancestry individuals, 8,590 African ancestry individuals, 85,279 East Asian ancestry individuals, 4,270 South Asian ancestry individuals, 14,668 Hispanic or Latin American individuals	NA	11q24.1	11	122799682		UBASH3B			ENSG00000154127			rs873590-T	rs873590	0	873590	intron_variant	0	0.255	6E-12	11.221848749616356		6.883	z score decrease	Affymetrix, Illumina [63372103] (imputed)	N	FEV/FVC ratio	http://www.ebi.ac.uk/efo/EFO_0004713	GCST90244094	Genome-wide genotyping array
2023-12-12	36914875	Shrine N	2023-03-13	Nat Genet	www.ncbi.nlm.nih.gov/pubmed/36914875	Multi-ancestry genome-wide association analyses improve resolution of genes and pathways influencing lung function and chronic obstructive pulmonary disease risk.	Lung function (FEV1/FVC)	475,645 European ancestry individuals, 8,590 African ancestry individuals, 85,279 East Asian ancestry individuals, 4,270 South Asian ancestry individuals, 14,668 Hispanic or Latin American individuals	NA	17q24.2	17	68019890		C17orf58 - KPNA2	ENSG00000186665	ENSG00000182481		23421	15746	rs62086903-T	rs62086903	0	62086903	TF_binding_site_variant	1	0.712	6E-12	11.221848749616356		6.877	z score decrease	Affymetrix, Illumina [63372103] (imputed)	N	FEV/FVC ratio	http://www.ebi.ac.uk/efo/EFO_0004713	GCST90244094	Genome-wide genotyping array
2023-12-12	36914875	Shrine N	2023-03-13	Nat Genet	www.ncbi.nlm.nih.gov/pubmed/36914875	Multi-ancestry genome-wide association analyses improve resolution of genes and pathways influencing lung function and chronic obstructive pulmonary disease risk.	Lung function (FEV1/FVC)	475,645 European ancestry individuals, 8,590 African ancestry individuals, 85,279 East Asian ancestry individuals, 4,270 South Asian ancestry individuals, 14,668 Hispanic or Latin American individuals	NA	22q13.2	22	41788139		MEI1			ENSG00000167077			rs55906059-T	rs55906059	0	55906059	intron_variant	0	0.0936	8E-12	11.096910013008056		6.847	z score decrease	Affymetrix, Illumina [63372103] (imputed)	N	FEV/FVC ratio	http://www.ebi.ac.uk/efo/EFO_0004713	GCST90244094	Genome-wide genotyping array
2023-12-12	36914875	Shrine N	2023-03-13	Nat Genet	www.ncbi.nlm.nih.gov/pubmed/36914875	Multi-ancestry genome-wide association analyses improve resolution of genes and pathways influencing lung function and chronic obstructive pulmonary disease risk.	Lung function (FEV1/FVC)	475,645 European ancestry individuals, 8,590 African ancestry individuals, 85,279 East Asian ancestry individuals, 4,270 South Asian ancestry individuals, 14,668 Hispanic or Latin American individuals	NA	8p22	8	13336498		DLC1			ENSG00000164741			rs6983961-T	rs6983961	0	6983961	intron_variant	0	0.5	8E-12	11.096910013008056		6.845	z score increase	Affymetrix, Illumina [63372103] (imputed)	N	FEV/FVC ratio	http://www.ebi.ac.uk/efo/EFO_0004713	GCST90244094	Genome-wide genotyping array
2023-12-12	36914875	Shrine N	2023-03-13	Nat Genet	www.ncbi.nlm.nih.gov/pubmed/36914875	Multi-ancestry genome-wide association analyses improve resolution of genes and pathways influencing lung function and chronic obstructive pulmonary disease risk.	Lung function (FEV1/FVC)	475,645 European ancestry individuals, 8,590 African ancestry individuals, 85,279 East Asian ancestry individuals, 4,270 South Asian ancestry individuals, 14,668 Hispanic or Latin American individuals	NA											chr11:34926845-T	chr11:34926845	0			1	0.691	8E-12	11.096910013008056		6.845	z score decrease	Affymetrix, Illumina [63372103] (imputed)	N	FEV/FVC ratio	http://www.ebi.ac.uk/efo/EFO_0004713	GCST90244094	Genome-wide genotyping array
2023-12-12	36914875	Shrine N	2023-03-13	Nat Genet	www.ncbi.nlm.nih.gov/pubmed/36914875	Multi-ancestry genome-wide association analyses improve resolution of genes and pathways influencing lung function and chronic obstructive pulmonary disease risk.	Lung function (FEV1/FVC)	475,645 European ancestry individuals, 8,590 African ancestry individuals, 85,279 East Asian ancestry individuals, 4,270 South Asian ancestry individuals, 14,668 Hispanic or Latin American individuals	NA	1q23.3	1	161563265		FCGR3A - FCGR2C	ENSG00000203747	ENSG00000244682		12297	18074	rs71632989-T	rs71632989	0	71632989	intron_variant	1	0.9	8E-12	11.096910013008056		6.841	z score increase	Affymetrix, Illumina [63372103] (imputed)	N	FEV/FVC ratio	http://www.ebi.ac.uk/efo/EFO_0004713	GCST90244094	Genome-wide genotyping array
2023-12-12	36914875	Shrine N	2023-03-13	Nat Genet	www.ncbi.nlm.nih.gov/pubmed/36914875	Multi-ancestry genome-wide association analyses improve resolution of genes and pathways influencing lung function and chronic obstructive pulmonary disease risk.	Lung function (FEV1/FVC)	475,645 European ancestry individuals, 8,590 African ancestry individuals, 85,279 East Asian ancestry individuals, 4,270 South Asian ancestry individuals, 14,668 Hispanic or Latin American individuals	NA	14q32.11	14	90665621		TTC7B			ENSG00000165914			rs10149267-T	rs10149267	0	10149267	intron_variant	0	0.257	9E-12	11.045757490560675		6.822	z score decrease	Affymetrix, Illumina [63372103] (imputed)	N	FEV/FVC ratio	http://www.ebi.ac.uk/efo/EFO_0004713	GCST90244094	Genome-wide genotyping array
2023-12-12	36914875	Shrine N	2023-03-13	Nat Genet	www.ncbi.nlm.nih.gov/pubmed/36914875	Multi-ancestry genome-wide association analyses improve resolution of genes and pathways influencing lung function and chronic obstructive pulmonary disease risk.	Lung function (FEV1/FVC)	475,645 European ancestry individuals, 8,590 African ancestry individuals, 85,279 East Asian ancestry individuals, 4,270 South Asian ancestry individuals, 14,668 Hispanic or Latin American individuals	NA	9q21.33	9	86296493		TUT7			ENSG00000083223			rs7874500-C	rs7874500	0	7874500	intron_variant	0	0.546	9E-12	11.045757490560675		6.82	z score increase	Affymetrix, Illumina [63372103] (imputed)	N	FEV/FVC ratio	http://www.ebi.ac.uk/efo/EFO_0004713	GCST90244094	Genome-wide genotyping array
2023-12-12	36914875	Shrine N	2023-03-13	Nat Genet	www.ncbi.nlm.nih.gov/pubmed/36914875	Multi-ancestry genome-wide association analyses improve resolution of genes and pathways influencing lung function and chronic obstructive pulmonary disease risk.	Lung function (FEV1/FVC)	475,645 European ancestry individuals, 8,590 African ancestry individuals, 85,279 East Asian ancestry individuals, 4,270 South Asian ancestry individuals, 14,668 Hispanic or Latin American individuals	NA	19p13.2	19	7412523		ARHGEF18			ENSG00000104880			rs34271378-A	rs34271378	0	34271378	intron_variant	0	0.595	1E-11	11.0		6.809	z score increase	Affymetrix, Illumina [63372103] (imputed)	N	FEV/FVC ratio	http://www.ebi.ac.uk/efo/EFO_0004713	GCST90244094	Genome-wide genotyping array
2023-12-12	36914875	Shrine N	2023-03-13	Nat Genet	www.ncbi.nlm.nih.gov/pubmed/36914875	Multi-ancestry genome-wide association analyses improve resolution of genes and pathways influencing lung function and chronic obstructive pulmonary disease risk.	Lung function (FEV1/FVC)	475,645 European ancestry individuals, 8,590 African ancestry individuals, 85,279 East Asian ancestry individuals, 4,270 South Asian ancestry individuals, 14,668 Hispanic or Latin American individuals	NA	10q26.13	10	121468532		RN7SKP167 - FGFR2	ENSG00000222979	ENSG00000066468		57332	9800	rs6585739-T	rs6585739	0	6585739	intergenic_variant	1	0.253	1E-11	11.0		6.803	z score increase	Affymetrix, Illumina [63372103] (imputed)	N	FEV/FVC ratio	http://www.ebi.ac.uk/efo/EFO_0004713	GCST90244094	Genome-wide genotyping array
2023-12-12	36914875	Shrine N	2023-03-13	Nat Genet	www.ncbi.nlm.nih.gov/pubmed/36914875	Multi-ancestry genome-wide association analyses improve resolution of genes and pathways influencing lung function and chronic obstructive pulmonary disease risk.	Lung function (FEV1/FVC)	475,645 European ancestry individuals, 8,590 African ancestry individuals, 85,279 East Asian ancestry individuals, 4,270 South Asian ancestry individuals, 14,668 Hispanic or Latin American individuals	NA	7p15.2	7	26856617		SKAP2			ENSG00000005020			rs1391805-A	rs1391805	0	1391805	intron_variant	0	0.789	1E-11	11.0		6.793	z score decrease	Affymetrix, Illumina [63372103] (imputed)	N	FEV/FVC ratio	http://www.ebi.ac.uk/efo/EFO_0004713	GCST90244094	Genome-wide genotyping array
2023-12-12	36914875	Shrine N	2023-03-13	Nat Genet	www.ncbi.nlm.nih.gov/pubmed/36914875	Multi-ancestry genome-wide association analyses improve resolution of genes and pathways influencing lung function and chronic obstructive pulmonary disease risk.	Lung function (FEV1/FVC)	475,645 European ancestry individuals, 8,590 African ancestry individuals, 85,279 East Asian ancestry individuals, 4,270 South Asian ancestry individuals, 14,668 Hispanic or Latin American individuals	NA											chr11:110471424-A	chr11:110471424	0			1	0.0801	1E-11	11.0		6.789	z score decrease	Affymetrix, Illumina [63372103] (imputed)	N	FEV/FVC ratio	http://www.ebi.ac.uk/efo/EFO_0004713	GCST90244094	Genome-wide genotyping array
2023-12-12	36914875	Shrine N	2023-03-13	Nat Genet	www.ncbi.nlm.nih.gov/pubmed/36914875	Multi-ancestry genome-wide association analyses improve resolution of genes and pathways influencing lung function and chronic obstructive pulmonary disease risk.	Lung function (FEV1/FVC)	475,645 European ancestry individuals, 8,590 African ancestry individuals, 85,279 East Asian ancestry individuals, 4,270 South Asian ancestry individuals, 14,668 Hispanic or Latin American individuals	NA	12q23.1	12	96083482		YPEL5P3 - RN7SL88P	ENSG00000258251	ENSG00000277062		23107	18469	rs34769517-A	rs34769517	0	34769517	intergenic_variant	1	0.86	1E-11	11.0		6.75	z score decrease	Affymetrix, Illumina [63372103] (imputed)	N	FEV/FVC ratio	http://www.ebi.ac.uk/efo/EFO_0004713	GCST90244094	Genome-wide genotyping array
2023-12-12	36914875	Shrine N	2023-03-13	Nat Genet	www.ncbi.nlm.nih.gov/pubmed/36914875	Multi-ancestry genome-wide association analyses improve resolution of genes and pathways influencing lung function and chronic obstructive pulmonary disease risk.	Lung function (FEV1/FVC)	475,645 European ancestry individuals, 8,590 African ancestry individuals, 85,279 East Asian ancestry individuals, 4,270 South Asian ancestry individuals, 14,668 Hispanic or Latin American individuals	NA	3q12.1	3	99609301		ARHGEF28P1 - COL8A1	ENSG00000240572	ENSG00000144810		282749	29125	rs1849496-A	rs1849496	0	1849496	intron_variant	1	0.0615	2E-11	10.698970004336019		6.741	z score increase	Affymetrix, Illumina [63372103] (imputed)	N	FEV/FVC ratio	http://www.ebi.ac.uk/efo/EFO_0004713	GCST90244094	Genome-wide genotyping array
2023-12-12	36914875	Shrine N	2023-03-13	Nat Genet	www.ncbi.nlm.nih.gov/pubmed/36914875	Multi-ancestry genome-wide association analyses improve resolution of genes and pathways influencing lung function and chronic obstructive pulmonary disease risk.	Lung function (FEV1/FVC)	475,645 European ancestry individuals, 8,590 African ancestry individuals, 85,279 East Asian ancestry individuals, 4,270 South Asian ancestry individuals, 14,668 Hispanic or Latin American individuals	NA	6q15	6	90296508		BACH2			ENSG00000112182			rs1504215-A	rs1504215	0	1504215	5_prime_UTR_variant	0	0.289	2E-11	10.698970004336019		6.74	z score increase	Affymetrix, Illumina [63372103] (imputed)	N	FEV/FVC ratio	http://www.ebi.ac.uk/efo/EFO_0004713	GCST90244094	Genome-wide genotyping array
2023-12-12	36914875	Shrine N	2023-03-13	Nat Genet	www.ncbi.nlm.nih.gov/pubmed/36914875	Multi-ancestry genome-wide association analyses improve resolution of genes and pathways influencing lung function and chronic obstructive pulmonary disease risk.	Lung function (FEV1/FVC)	475,645 European ancestry individuals, 8,590 African ancestry individuals, 85,279 East Asian ancestry individuals, 4,270 South Asian ancestry individuals, 14,668 Hispanic or Latin American individuals	NA	7q36.3	7	155808959		SHH			ENSG00000164690			rs1233557-A	rs1233557	0	1233557	intron_variant	0	0.065	2E-11	10.698970004336019		6.736	z score increase	Affymetrix, Illumina [63372103] (imputed)	N	FEV/FVC ratio	http://www.ebi.ac.uk/efo/EFO_0004713	GCST90244094	Genome-wide genotyping array
2023-12-12	36914875	Shrine N	2023-03-13	Nat Genet	www.ncbi.nlm.nih.gov/pubmed/36914875	Multi-ancestry genome-wide association analyses improve resolution of genes and pathways influencing lung function and chronic obstructive pulmonary disease risk.	Lung function (FEV1/FVC)	475,645 European ancestry individuals, 8,590 African ancestry individuals, 85,279 East Asian ancestry individuals, 4,270 South Asian ancestry individuals, 14,668 Hispanic or Latin American individuals	NA	3p24.2	3	25598483		TOP2B			ENSG00000077097			rs11372851-A	rs11372851	0	11372851	splice_polypyrimidine_tract_variant	0	0.637	2E-11	10.698970004336019		6.735	z score decrease	Affymetrix, Illumina [63372103] (imputed)	N	FEV/FVC ratio	http://www.ebi.ac.uk/efo/EFO_0004713	GCST90244094	Genome-wide genotyping array
2023-12-12	36914875	Shrine N	2023-03-13	Nat Genet	www.ncbi.nlm.nih.gov/pubmed/36914875	Multi-ancestry genome-wide association analyses improve resolution of genes and pathways influencing lung function and chronic obstructive pulmonary disease risk.	Lung function (FEV1/FVC)	475,645 European ancestry individuals, 8,590 African ancestry individuals, 85,279 East Asian ancestry individuals, 4,270 South Asian ancestry individuals, 14,668 Hispanic or Latin American individuals	NA	20p13	20	3681495		ADAM33			ENSG00000149451			rs554743-T	rs554743	0	554743	intron_variant	0	0.681	2E-11	10.698970004336019		6.733	z score increase	Affymetrix, Illumina [63372103] (imputed)	N	FEV/FVC ratio	http://www.ebi.ac.uk/efo/EFO_0004713	GCST90244094	Genome-wide genotyping array
2023-12-12	36914875	Shrine N	2023-03-13	Nat Genet	www.ncbi.nlm.nih.gov/pubmed/36914875	Multi-ancestry genome-wide association analyses improve resolution of genes and pathways influencing lung function and chronic obstructive pulmonary disease risk.	Lung function (FEV1/FVC)	475,645 European ancestry individuals, 8,590 African ancestry individuals, 85,279 East Asian ancestry individuals, 4,270 South Asian ancestry individuals, 14,668 Hispanic or Latin American individuals	NA	Xq24	X	119496659		UBE2A			ENSG00000077721			rs454741-A	rs454741	0	454741	intron_variant	0	0.3042	2E-11	10.698970004336019		6.721	z score increase	Affymetrix, Illumina [63372103] (imputed)	N	FEV/FVC ratio	http://www.ebi.ac.uk/efo/EFO_0004713	GCST90244094	Genome-wide genotyping array
2023-12-12	36914875	Shrine N	2023-03-13	Nat Genet	www.ncbi.nlm.nih.gov/pubmed/36914875	Multi-ancestry genome-wide association analyses improve resolution of genes and pathways influencing lung function and chronic obstructive pulmonary disease risk.	Lung function (FEV1/FVC)	475,645 European ancestry individuals, 8,590 African ancestry individuals, 85,279 East Asian ancestry individuals, 4,270 South Asian ancestry individuals, 14,668 Hispanic or Latin American individuals	NA	2p22.3	2	32991874		LTBP1			ENSG00000049323			rs219155-C	rs219155	0	219155	intron_variant	0	0.379	2E-11	10.698970004336019		6.702	z score decrease	Affymetrix, Illumina [63372103] (imputed)	N	FEV/FVC ratio	http://www.ebi.ac.uk/efo/EFO_0004713	GCST90244094	Genome-wide genotyping array
2023-12-12	36914875	Shrine N	2023-03-13	Nat Genet	www.ncbi.nlm.nih.gov/pubmed/36914875	Multi-ancestry genome-wide association analyses improve resolution of genes and pathways influencing lung function and chronic obstructive pulmonary disease risk.	Lung function (FEV1/FVC)	475,645 European ancestry individuals, 8,590 African ancestry individuals, 85,279 East Asian ancestry individuals, 4,270 South Asian ancestry individuals, 14,668 Hispanic or Latin American individuals	NA	19p13.3	19	1866164		KLF16 - ABHD17A	ENSG00000129911	ENSG00000129968		2585	10646	rs10403924-T	rs10403924	0	10403924	intron_variant	1	0.195	2E-11	10.698970004336019		6.691	z score increase	Affymetrix, Illumina [63372103] (imputed)	N	FEV/FVC ratio	http://www.ebi.ac.uk/efo/EFO_0004713	GCST90244094	Genome-wide genotyping array
2023-12-12	36914875	Shrine N	2023-03-13	Nat Genet	www.ncbi.nlm.nih.gov/pubmed/36914875	Multi-ancestry genome-wide association analyses improve resolution of genes and pathways influencing lung function and chronic obstructive pulmonary disease risk.	Lung function (FEV1/FVC)	475,645 European ancestry individuals, 8,590 African ancestry individuals, 85,279 East Asian ancestry individuals, 4,270 South Asian ancestry individuals, 14,668 Hispanic or Latin American individuals	NA	12q13.3	12	57333899		R3HDM2			ENSG00000179912			rs186767801-A	rs186767801	0	186767801	intron_variant	0	0.0036	2E-11	10.698970004336019		6.678	z score increase	Affymetrix, Illumina [63372103] (imputed)	N	FEV/FVC ratio	http://www.ebi.ac.uk/efo/EFO_0004713	GCST90244094	Genome-wide genotyping array
2023-12-12	36914875	Shrine N	2023-03-13	Nat Genet	www.ncbi.nlm.nih.gov/pubmed/36914875	Multi-ancestry genome-wide association analyses improve resolution of genes and pathways influencing lung function and chronic obstructive pulmonary disease risk.	Lung function (FEV1/FVC)	475,645 European ancestry individuals, 8,590 African ancestry individuals, 85,279 East Asian ancestry individuals, 4,270 South Asian ancestry individuals, 14,668 Hispanic or Latin American individuals	NA	2q35	2	219432316		DES - SPEG	ENSG00000175084	ENSG00000072195		5577	2527	rs7564856-A	rs7564856	0	7564856	intergenic_variant	1	0.658	2E-11	10.698970004336019		6.675	z score decrease	Affymetrix, Illumina [63372103] (imputed)	N	FEV/FVC ratio	http://www.ebi.ac.uk/efo/EFO_0004713	GCST90244094	Genome-wide genotyping array
2023-12-12	36914875	Shrine N	2023-03-13	Nat Genet	www.ncbi.nlm.nih.gov/pubmed/36914875	Multi-ancestry genome-wide association analyses improve resolution of genes and pathways influencing lung function and chronic obstructive pulmonary disease risk.	Lung function (FEV1/FVC)	475,645 European ancestry individuals, 8,590 African ancestry individuals, 85,279 East Asian ancestry individuals, 4,270 South Asian ancestry individuals, 14,668 Hispanic or Latin American individuals	NA	4q13.3	4	75280602		LINC02562 - LINC02483	ENSG00000260265	ENSG00000251383		153300	73474	rs75169792-A	rs75169792	0	75169792	intron_variant	1	0.923	3E-11	10.522878745280337		6.664	z score decrease	Affymetrix, Illumina [63372103] (imputed)	N	FEV/FVC ratio	http://www.ebi.ac.uk/efo/EFO_0004713	GCST90244094	Genome-wide genotyping array
2023-12-12	36914875	Shrine N	2023-03-13	Nat Genet	www.ncbi.nlm.nih.gov/pubmed/36914875	Multi-ancestry genome-wide association analyses improve resolution of genes and pathways influencing lung function and chronic obstructive pulmonary disease risk.	Lung function (FEV1/FVC)	475,645 European ancestry individuals, 8,590 African ancestry individuals, 85,279 East Asian ancestry individuals, 4,270 South Asian ancestry individuals, 14,668 Hispanic or Latin American individuals	NA	11q13.3	11	70407283		CTTN			ENSG00000085733			rs2298396-T	rs2298396	0	2298396	splice_polypyrimidine_tract_variant	0	0.211	3E-11	10.522878745280337		6.659	z score decrease	Affymetrix, Illumina [63372103] (imputed)	N	FEV/FVC ratio	http://www.ebi.ac.uk/efo/EFO_0004713	GCST90244094	Genome-wide genotyping array
2023-12-12	36914875	Shrine N	2023-03-13	Nat Genet	www.ncbi.nlm.nih.gov/pubmed/36914875	Multi-ancestry genome-wide association analyses improve resolution of genes and pathways influencing lung function and chronic obstructive pulmonary disease risk.	Lung function (FEV1/FVC)	475,645 European ancestry individuals, 8,590 African ancestry individuals, 85,279 East Asian ancestry individuals, 4,270 South Asian ancestry individuals, 14,668 Hispanic or Latin American individuals	NA	12q24.31	12	123740526		ATP6V0A2			ENSG00000185344			rs7398082-A	rs7398082	0	7398082	intron_variant	0	0.352	3E-11	10.522878745280337		6.658	z score increase	Affymetrix, Illumina [63372103] (imputed)	N	FEV/FVC ratio	http://www.ebi.ac.uk/efo/EFO_0004713	GCST90244094	Genome-wide genotyping array
2023-12-12	36914875	Shrine N	2023-03-13	Nat Genet	www.ncbi.nlm.nih.gov/pubmed/36914875	Multi-ancestry genome-wide association analyses improve resolution of genes and pathways influencing lung function and chronic obstructive pulmonary disease risk.	Lung function (FEV1/FVC)	475,645 European ancestry individuals, 8,590 African ancestry individuals, 85,279 East Asian ancestry individuals, 4,270 South Asian ancestry individuals, 14,668 Hispanic or Latin American individuals	NA											chr11:72376955-CA	chr11:72376955	0			1	0.448	3E-11	10.522878745280337		6.657	z score increase	Affymetrix, Illumina [63372103] (imputed)	N	FEV/FVC ratio	http://www.ebi.ac.uk/efo/EFO_0004713	GCST90244094	Genome-wide genotyping array
2023-12-12	36914875	Shrine N	2023-03-13	Nat Genet	www.ncbi.nlm.nih.gov/pubmed/36914875	Multi-ancestry genome-wide association analyses improve resolution of genes and pathways influencing lung function and chronic obstructive pulmonary disease risk.	Lung function (FEV1/FVC)	475,645 European ancestry individuals, 8,590 African ancestry individuals, 85,279 East Asian ancestry individuals, 4,270 South Asian ancestry individuals, 14,668 Hispanic or Latin American individuals	NA	1q32.1	1	201798346		NAV1, IPO9-AS1			ENSG00000134369, ENSG00000231871			rs10920254-C	rs10920254	0	10920254	intron_variant	0	0.351	3E-11	10.522878745280337		6.649	z score increase	Affymetrix, Illumina [63372103] (imputed)	N	FEV/FVC ratio	http://www.ebi.ac.uk/efo/EFO_0004713	GCST90244094	Genome-wide genotyping array
2023-12-12	36914875	Shrine N	2023-03-13	Nat Genet	www.ncbi.nlm.nih.gov/pubmed/36914875	Multi-ancestry genome-wide association analyses improve resolution of genes and pathways influencing lung function and chronic obstructive pulmonary disease risk.	Lung function (FEV1/FVC)	475,645 European ancestry individuals, 8,590 African ancestry individuals, 85,279 East Asian ancestry individuals, 4,270 South Asian ancestry individuals, 14,668 Hispanic or Latin American individuals	NA	Xp22.2	X	10146192		WWC3 - CLCN4	ENSG00000047644	ENSG00000073464		1718	10751	rs2007171-A	rs2007171	0	2007171	intergenic_variant	1	0.7772	3E-11	10.522878745280337		6.636	z score increase	Affymetrix, Illumina [63372103] (imputed)	N	FEV/FVC ratio	http://www.ebi.ac.uk/efo/EFO_0004713	GCST90244094	Genome-wide genotyping array
2023-12-12	36914875	Shrine N	2023-03-13	Nat Genet	www.ncbi.nlm.nih.gov/pubmed/36914875	Multi-ancestry genome-wide association analyses improve resolution of genes and pathways influencing lung function and chronic obstructive pulmonary disease risk.	Lung function (FEV1/FVC)	475,645 European ancestry individuals, 8,590 African ancestry individuals, 85,279 East Asian ancestry individuals, 4,270 South Asian ancestry individuals, 14,668 Hispanic or Latin American individuals	NA	4q34.3	4	176841823		VEGFC - LINC02509	ENSG00000150630	ENSG00000250263		48901	33832	rs1874540-A	rs1874540	0	1874540	regulatory_region_variant	1	0.266	2E-9	8.698970004336019		5.981	z score decrease	Affymetrix, Illumina [63372103] (imputed)	N	FEV/FVC ratio	http://www.ebi.ac.uk/efo/EFO_0004713	GCST90244094	Genome-wide genotyping array
2023-12-12	36914875	Shrine N	2023-03-13	Nat Genet	www.ncbi.nlm.nih.gov/pubmed/36914875	Multi-ancestry genome-wide association analyses improve resolution of genes and pathways influencing lung function and chronic obstructive pulmonary disease risk.	Lung function (FEV1/FVC)	475,645 European ancestry individuals, 8,590 African ancestry individuals, 85,279 East Asian ancestry individuals, 4,270 South Asian ancestry individuals, 14,668 Hispanic or Latin American individuals	NA	1q41	1	218660548		U3 - NXNP1	ENSG00000221496	ENSG00000226693		118649	221052	rs17048367-A	rs17048367	0	17048367	intron_variant	1	0.411	2E-9	8.698970004336019		5.979	z score decrease	Affymetrix, Illumina [63372103] (imputed)	N	FEV/FVC ratio	http://www.ebi.ac.uk/efo/EFO_0004713	GCST90244094	Genome-wide genotyping array
2023-12-12	36914875	Shrine N	2023-03-13	Nat Genet	www.ncbi.nlm.nih.gov/pubmed/36914875	Multi-ancestry genome-wide association analyses improve resolution of genes and pathways influencing lung function and chronic obstructive pulmonary disease risk.	Lung function (FEV1/FVC)	475,645 European ancestry individuals, 8,590 African ancestry individuals, 85,279 East Asian ancestry individuals, 4,270 South Asian ancestry individuals, 14,668 Hispanic or Latin American individuals	NA	12p12.1	12	24284994		SOX5			ENSG00000134532			rs502034-A	rs502034	0	502034	intron_variant	0	0.583	2E-9	8.698970004336019		5.966	z score decrease	Affymetrix, Illumina [63372103] (imputed)	N	FEV/FVC ratio	http://www.ebi.ac.uk/efo/EFO_0004713	GCST90244094	Genome-wide genotyping array
2023-12-12	36914875	Shrine N	2023-03-13	Nat Genet	www.ncbi.nlm.nih.gov/pubmed/36914875	Multi-ancestry genome-wide association analyses improve resolution of genes and pathways influencing lung function and chronic obstructive pulmonary disease risk.	Lung function (FEV1/FVC)	475,645 European ancestry individuals, 8,590 African ancestry individuals, 85,279 East Asian ancestry individuals, 4,270 South Asian ancestry individuals, 14,668 Hispanic or Latin American individuals	NA	17q21.32	17	48429091		SKAP1			ENSG00000141293			rs78035627-T	rs78035627	0	78035627	intron_variant	0	0.163	3E-9	8.522878745280337		5.944	z score decrease	Affymetrix, Illumina [63372103] (imputed)	N	FEV/FVC ratio	http://www.ebi.ac.uk/efo/EFO_0004713	GCST90244094	Genome-wide genotyping array
2023-12-12	36914875	Shrine N	2023-03-13	Nat Genet	www.ncbi.nlm.nih.gov/pubmed/36914875	Multi-ancestry genome-wide association analyses improve resolution of genes and pathways influencing lung function and chronic obstructive pulmonary disease risk.	Lung function (FEV1/FVC)	475,645 European ancestry individuals, 8,590 African ancestry individuals, 85,279 East Asian ancestry individuals, 4,270 South Asian ancestry individuals, 14,668 Hispanic or Latin American individuals	NA	12p13.2	12	11759457		ETV6			ENSG00000139083			rs79715891-A	rs79715891	0	79715891	intron_variant	0	0.164	3E-9	8.522878745280337		5.942	z score decrease	Affymetrix, Illumina [63372103] (imputed)	N	FEV/FVC ratio	http://www.ebi.ac.uk/efo/EFO_0004713	GCST90244094	Genome-wide genotyping array
2023-12-12	36914875	Shrine N	2023-03-13	Nat Genet	www.ncbi.nlm.nih.gov/pubmed/36914875	Multi-ancestry genome-wide association analyses improve resolution of genes and pathways influencing lung function and chronic obstructive pulmonary disease risk.	Lung function (FEV1/FVC)	475,645 European ancestry individuals, 8,590 African ancestry individuals, 85,279 East Asian ancestry individuals, 4,270 South Asian ancestry individuals, 14,668 Hispanic or Latin American individuals	NA	2q31.1	2	176173099		HOXD3, HAGLR			ENSG00000128652, ENSG00000224189			rs966801-A	rs966801	0	966801	3_prime_UTR_variant	0	0.435	3E-9	8.522878745280337		5.942	z score increase	Affymetrix, Illumina [63372103] (imputed)	N	FEV/FVC ratio	http://www.ebi.ac.uk/efo/EFO_0004713	GCST90244094	Genome-wide genotyping array
2023-12-12	36914875	Shrine N	2023-03-13	Nat Genet	www.ncbi.nlm.nih.gov/pubmed/36914875	Multi-ancestry genome-wide association analyses improve resolution of genes and pathways influencing lung function and chronic obstructive pulmonary disease risk.	Lung function (FEV1/FVC)	475,645 European ancestry individuals, 8,590 African ancestry individuals, 85,279 East Asian ancestry individuals, 4,270 South Asian ancestry individuals, 14,668 Hispanic or Latin American individuals	NA	Xq23	X	110689796		CHRDL1			ENSG00000101938			rs145162217-T	rs145162217	0	145162217	intron_variant	0	0.5271	3E-9	8.522878745280337		5.936	z score decrease	Affymetrix, Illumina [63372103] (imputed)	N	FEV/FVC ratio	http://www.ebi.ac.uk/efo/EFO_0004713	GCST90244094	Genome-wide genotyping array
2023-12-12	36914875	Shrine N	2023-03-13	Nat Genet	www.ncbi.nlm.nih.gov/pubmed/36914875	Multi-ancestry genome-wide association analyses improve resolution of genes and pathways influencing lung function and chronic obstructive pulmonary disease risk.	Lung function (FEV1/FVC)	475,645 European ancestry individuals, 8,590 African ancestry individuals, 85,279 East Asian ancestry individuals, 4,270 South Asian ancestry individuals, 14,668 Hispanic or Latin American individuals	NA	9q21.13	9	71659400		RPL35AP21 - CEMIP2	ENSG00000229814	ENSG00000135048		69467	23964	rs7850395-A	rs7850395	0	7850395	intergenic_variant	1	0.245	3E-9	8.522878745280337		5.933	z score increase	Affymetrix, Illumina [63372103] (imputed)	N	FEV/FVC ratio	http://www.ebi.ac.uk/efo/EFO_0004713	GCST90244094	Genome-wide genotyping array
2023-12-12	36914875	Shrine N	2023-03-13	Nat Genet	www.ncbi.nlm.nih.gov/pubmed/36914875	Multi-ancestry genome-wide association analyses improve resolution of genes and pathways influencing lung function and chronic obstructive pulmonary disease risk.	Lung function (FEV1/FVC)	475,645 European ancestry individuals, 8,590 African ancestry individuals, 85,279 East Asian ancestry individuals, 4,270 South Asian ancestry individuals, 14,668 Hispanic or Latin American individuals	NA	22q11.21	22	19789934		GNB1L			ENSG00000185838			rs5748428-T	rs5748428	0	5748428	intron_variant	0	0.21	3E-9	8.522878745280337		5.922	z score increase	Affymetrix, Illumina [63372103] (imputed)	N	FEV/FVC ratio	http://www.ebi.ac.uk/efo/EFO_0004713	GCST90244094	Genome-wide genotyping array
2023-12-12	36914875	Shrine N	2023-03-13	Nat Genet	www.ncbi.nlm.nih.gov/pubmed/36914875	Multi-ancestry genome-wide association analyses improve resolution of genes and pathways influencing lung function and chronic obstructive pulmonary disease risk.	Lung function (FEV1/FVC)	475,645 European ancestry individuals, 8,590 African ancestry individuals, 85,279 East Asian ancestry individuals, 4,270 South Asian ancestry individuals, 14,668 Hispanic or Latin American individuals	NA	19q13.42	19	54286629		MIR4752 - LILRA5	ENSG00000264703	ENSG00000187116		4449	20412	rs377556-T	rs377556	0	377556	intergenic_variant	1	0.303	3E-9	8.522878745280337		5.917	z score decrease	Affymetrix, Illumina [63372103] (imputed)	N	FEV/FVC ratio	http://www.ebi.ac.uk/efo/EFO_0004713	GCST90244094	Genome-wide genotyping array
2023-12-12	36914875	Shrine N	2023-03-13	Nat Genet	www.ncbi.nlm.nih.gov/pubmed/36914875	Multi-ancestry genome-wide association analyses improve resolution of genes and pathways influencing lung function and chronic obstructive pulmonary disease risk.	Lung function (FEV1/FVC)	475,645 European ancestry individuals, 8,590 African ancestry individuals, 85,279 East Asian ancestry individuals, 4,270 South Asian ancestry individuals, 14,668 Hispanic or Latin American individuals	NA	2q33.3	2	205771399		NRP2			ENSG00000118257			rs2241153-A	rs2241153	0	2241153	intron_variant	0	0.383	3E-9	8.522878745280337		5.914	z score decrease	Affymetrix, Illumina [63372103] (imputed)	N	FEV/FVC ratio	http://www.ebi.ac.uk/efo/EFO_0004713	GCST90244094	Genome-wide genotyping array
2023-12-12	36914875	Shrine N	2023-03-13	Nat Genet	www.ncbi.nlm.nih.gov/pubmed/36914875	Multi-ancestry genome-wide association analyses improve resolution of genes and pathways influencing lung function and chronic obstructive pulmonary disease risk.	Lung function (FEV1/FVC)	475,645 European ancestry individuals, 8,590 African ancestry individuals, 85,279 East Asian ancestry individuals, 4,270 South Asian ancestry individuals, 14,668 Hispanic or Latin American individuals	NA	6q23.1	6	130076868		L3MBTL3			ENSG00000198945			rs7756733-A	rs7756733	0	7756733	intron_variant	0	0.587	3E-9	8.522878745280337		5.908	z score increase	Affymetrix, Illumina [63372103] (imputed)	N	FEV/FVC ratio	http://www.ebi.ac.uk/efo/EFO_0004713	GCST90244094	Genome-wide genotyping array
2023-12-12	36914875	Shrine N	2023-03-13	Nat Genet	www.ncbi.nlm.nih.gov/pubmed/36914875	Multi-ancestry genome-wide association analyses improve resolution of genes and pathways influencing lung function and chronic obstructive pulmonary disease risk.	Lung function (FEV1/FVC)	475,645 European ancestry individuals, 8,590 African ancestry individuals, 85,279 East Asian ancestry individuals, 4,270 South Asian ancestry individuals, 14,668 Hispanic or Latin American individuals	NA	3q22.3	3	138044179		CLDN18 - DZIP1L	ENSG00000066405	ENSG00000158163		10524	17808	rs182770-A	rs182770	0	182770	intergenic_variant	1	0.45	4E-9	8.397940008672037		5.904	z score increase	Affymetrix, Illumina [63372103] (imputed)	N	FEV/FVC ratio	http://www.ebi.ac.uk/efo/EFO_0004713	GCST90244094	Genome-wide genotyping array
2023-12-12	36914875	Shrine N	2023-03-13	Nat Genet	www.ncbi.nlm.nih.gov/pubmed/36914875	Multi-ancestry genome-wide association analyses improve resolution of genes and pathways influencing lung function and chronic obstructive pulmonary disease risk.	Lung function (FEV1/FVC)	475,645 European ancestry individuals, 8,590 African ancestry individuals, 85,279 East Asian ancestry individuals, 4,270 South Asian ancestry individuals, 14,668 Hispanic or Latin American individuals	NA	8p23.1	8	8899241		RNU6-682P - SNORA70	ENSG00000200713	ENSG00000206958		3323	62334	rs9987313-A	rs9987313	0	9987313	intron_variant	1	0.449	4E-9	8.397940008672037		5.897	z score decrease	Affymetrix, Illumina [63372103] (imputed)	N	FEV/FVC ratio	http://www.ebi.ac.uk/efo/EFO_0004713	GCST90244094	Genome-wide genotyping array
2023-12-12	36914875	Shrine N	2023-03-13	Nat Genet	www.ncbi.nlm.nih.gov/pubmed/36914875	Multi-ancestry genome-wide association analyses improve resolution of genes and pathways influencing lung function and chronic obstructive pulmonary disease risk.	Lung function (FEV1/FVC)	475,645 European ancestry individuals, 8,590 African ancestry individuals, 85,279 East Asian ancestry individuals, 4,270 South Asian ancestry individuals, 14,668 Hispanic or Latin American individuals	NA											chr4:17086493-G	chr4:17086493	0			1	0.216	4E-9	8.397940008672037		5.891	z score increase	Affymetrix, Illumina [63372103] (imputed)	N	FEV/FVC ratio	http://www.ebi.ac.uk/efo/EFO_0004713	GCST90244094	Genome-wide genotyping array
2023-12-12	36914875	Shrine N	2023-03-13	Nat Genet	www.ncbi.nlm.nih.gov/pubmed/36914875	Multi-ancestry genome-wide association analyses improve resolution of genes and pathways influencing lung function and chronic obstructive pulmonary disease risk.	Lung function (FEV1/FVC)	475,645 European ancestry individuals, 8,590 African ancestry individuals, 85,279 East Asian ancestry individuals, 4,270 South Asian ancestry individuals, 14,668 Hispanic or Latin American individuals	NA	2p25.3	2	629831		LINC01875 - TMEM18	ENSG00000225942	ENSG00000151353		83156	34046	rs6752706-T	rs6752706	0	6752706	intergenic_variant	1	0.163	4E-9	8.397940008672037		5.886	z score decrease	Affymetrix, Illumina [63372103] (imputed)	N	FEV/FVC ratio	http://www.ebi.ac.uk/efo/EFO_0004713	GCST90244094	Genome-wide genotyping array
2023-12-12	36914875	Shrine N	2023-03-13	Nat Genet	www.ncbi.nlm.nih.gov/pubmed/36914875	Multi-ancestry genome-wide association analyses improve resolution of genes and pathways influencing lung function and chronic obstructive pulmonary disease risk.	Lung function (FEV1/FVC)	475,645 European ancestry individuals, 8,590 African ancestry individuals, 85,279 East Asian ancestry individuals, 4,270 South Asian ancestry individuals, 14,668 Hispanic or Latin American individuals	NA	6p24.3	6	7958232		BLOC1S5-TXNDC5			ENSG00000259040			rs2023263-T	rs2023263	0	2023263	intron_variant	0	0.559	4E-9	8.397940008672037		5.886	z score decrease	Affymetrix, Illumina [63372103] (imputed)	N	FEV/FVC ratio	http://www.ebi.ac.uk/efo/EFO_0004713	GCST90244094	Genome-wide genotyping array
2023-12-12	36914875	Shrine N	2023-03-13	Nat Genet	www.ncbi.nlm.nih.gov/pubmed/36914875	Multi-ancestry genome-wide association analyses improve resolution of genes and pathways influencing lung function and chronic obstructive pulmonary disease risk.	Lung function (FEV1/FVC)	475,645 European ancestry individuals, 8,590 African ancestry individuals, 85,279 East Asian ancestry individuals, 4,270 South Asian ancestry individuals, 14,668 Hispanic or Latin American individuals	NA											chr1:175905060-CTTTT	chr1:175905060	0			1	0.634	4E-9	8.397940008672037		5.875	z score decrease	Affymetrix, Illumina [63372103] (imputed)	N	FEV/FVC ratio	http://www.ebi.ac.uk/efo/EFO_0004713	GCST90244094	Genome-wide genotyping array
2023-12-12	36914875	Shrine N	2023-03-13	Nat Genet	www.ncbi.nlm.nih.gov/pubmed/36914875	Multi-ancestry genome-wide association analyses improve resolution of genes and pathways influencing lung function and chronic obstructive pulmonary disease risk.	Lung function (FEV1/FVC)	475,645 European ancestry individuals, 8,590 African ancestry individuals, 85,279 East Asian ancestry individuals, 4,270 South Asian ancestry individuals, 14,668 Hispanic or Latin American individuals	NA	2q23.3	2	151619514		NEB			ENSG00000183091			rs10172023-C	rs10172023	0	10172023	stop_gained	0	0.671	4E-9	8.397940008672037		5.872	z score decrease	Affymetrix, Illumina [63372103] (imputed)	N	FEV/FVC ratio	http://www.ebi.ac.uk/efo/EFO_0004713	GCST90244094	Genome-wide genotyping array
2023-12-12	36914875	Shrine N	2023-03-13	Nat Genet	www.ncbi.nlm.nih.gov/pubmed/36914875	Multi-ancestry genome-wide association analyses improve resolution of genes and pathways influencing lung function and chronic obstructive pulmonary disease risk.	Lung function (FEV1/FVC)	475,645 European ancestry individuals, 8,590 African ancestry individuals, 85,279 East Asian ancestry individuals, 4,270 South Asian ancestry individuals, 14,668 Hispanic or Latin American individuals	NA	1p31.3	1	67556704		LINC01702			ENSG00000235200			rs11209113-T	rs11209113	0	11209113	intron_variant	0	0.722	4E-9	8.397940008672037		5.867	z score decrease	Affymetrix, Illumina [63372103] (imputed)	N	FEV/FVC ratio	http://www.ebi.ac.uk/efo/EFO_0004713	GCST90244094	Genome-wide genotyping array
2023-12-12	36914875	Shrine N	2023-03-13	Nat Genet	www.ncbi.nlm.nih.gov/pubmed/36914875	Multi-ancestry genome-wide association analyses improve resolution of genes and pathways influencing lung function and chronic obstructive pulmonary disease risk.	Lung function (FEV1/FVC)	475,645 European ancestry individuals, 8,590 African ancestry individuals, 85,279 East Asian ancestry individuals, 4,270 South Asian ancestry individuals, 14,668 Hispanic or Latin American individuals	NA											chr18:40702522-A	chr18:40702522	0			1	0.389	5E-9	8.301029995663981		5.863	z score decrease	Affymetrix, Illumina [63372103] (imputed)	N	FEV/FVC ratio	http://www.ebi.ac.uk/efo/EFO_0004713	GCST90244094	Genome-wide genotyping array
2023-12-12	36914875	Shrine N	2023-03-13	Nat Genet	www.ncbi.nlm.nih.gov/pubmed/36914875	Multi-ancestry genome-wide association analyses improve resolution of genes and pathways influencing lung function and chronic obstructive pulmonary disease risk.	Lung function (FEV1/FVC)	475,645 European ancestry individuals, 8,590 African ancestry individuals, 85,279 East Asian ancestry individuals, 4,270 South Asian ancestry individuals, 14,668 Hispanic or Latin American individuals	NA	6q22.32	6	126773849		RPS4XP9 - RSPO3	ENSG00000217404	ENSG00000146374		90002	344814	rs565692119-CA	rs565692119	1	11379341	intron_variant	1	0.289	5E-9	8.301029995663981		5.852	z score decrease	Affymetrix, Illumina [63372103] (imputed)	N	FEV/FVC ratio	http://www.ebi.ac.uk/efo/EFO_0004713	GCST90244094	Genome-wide genotyping array
2023-12-12	36914875	Shrine N	2023-03-13	Nat Genet	www.ncbi.nlm.nih.gov/pubmed/36914875	Multi-ancestry genome-wide association analyses improve resolution of genes and pathways influencing lung function and chronic obstructive pulmonary disease risk.	Lung function (FEV1/FVC)	475,645 European ancestry individuals, 8,590 African ancestry individuals, 85,279 East Asian ancestry individuals, 4,270 South Asian ancestry individuals, 14,668 Hispanic or Latin American individuals	NA	2p11.2	2	86223017		REEP1			ENSG00000068615			rs10195199-T	rs10195199	0	10195199	intron_variant	0	0.427	2E-9	8.698970004336019		6.016	z score increase	Affymetrix, Illumina [63372103] (imputed)	N	FEV/FVC ratio	http://www.ebi.ac.uk/efo/EFO_0004713	GCST90244094	Genome-wide genotyping array
2023-12-12	36914875	Shrine N	2023-03-13	Nat Genet	www.ncbi.nlm.nih.gov/pubmed/36914875	Multi-ancestry genome-wide association analyses improve resolution of genes and pathways influencing lung function and chronic obstructive pulmonary disease risk.	Lung function (FEV1/FVC)	475,645 European ancestry individuals, 8,590 African ancestry individuals, 85,279 East Asian ancestry individuals, 4,270 South Asian ancestry individuals, 14,668 Hispanic or Latin American individuals	NA	6q11.1	6	60376314		PRIM2BP			ENSG00000283453			rs62401580-T	rs62401580	0	62401580	intron_variant	0	0.2	2E-9	8.698970004336019		6.001	z score decrease	Affymetrix, Illumina [63372103] (imputed)	N	FEV/FVC ratio	http://www.ebi.ac.uk/efo/EFO_0004713	GCST90244094	Genome-wide genotyping array
2023-12-12	36914875	Shrine N	2023-03-13	Nat Genet	www.ncbi.nlm.nih.gov/pubmed/36914875	Multi-ancestry genome-wide association analyses improve resolution of genes and pathways influencing lung function and chronic obstructive pulmonary disease risk.	Lung function (FEV1/FVC)	475,645 European ancestry individuals, 8,590 African ancestry individuals, 85,279 East Asian ancestry individuals, 4,270 South Asian ancestry individuals, 14,668 Hispanic or Latin American individuals	NA	15q25.2	15	83903704		ADAMTSL3			ENSG00000156218			rs66990951-A	rs66990951	0	66990951	intron_variant	0	0.607	3E-14	13.522878745280337		7.581	z score decrease	Affymetrix, Illumina [63372103] (imputed)	N	FEV/FVC ratio	http://www.ebi.ac.uk/efo/EFO_0004713	GCST90244094	Genome-wide genotyping array
2023-12-12	36914875	Shrine N	2023-03-13	Nat Genet	www.ncbi.nlm.nih.gov/pubmed/36914875	Multi-ancestry genome-wide association analyses improve resolution of genes and pathways influencing lung function and chronic obstructive pulmonary disease risk.	Lung function (forced vital capacity)	475,645 European ancestry individuals, 8,590 African ancestry individuals, 85,279 East Asian ancestry individuals, 4,270 South Asian ancestry individuals, 14,668 Hispanic or Latin American individuals	NA	1p34.2	1	41078607		SCMH1			ENSG00000010803			rs2885697-T	rs2885697	0	2885697	intron_variant	0	0.676	2E-11	10.698970004336019		6.715	z score decrease	Affymetrix, Illumina [63372548] (imputed)	N	vital capacity	http://www.ebi.ac.uk/efo/EFO_0004312	GCST90244093	Genome-wide genotyping array
2023-12-12	36914875	Shrine N	2023-03-13	Nat Genet	www.ncbi.nlm.nih.gov/pubmed/36914875	Multi-ancestry genome-wide association analyses improve resolution of genes and pathways influencing lung function and chronic obstructive pulmonary disease risk.	Lung function (forced vital capacity)	475,645 European ancestry individuals, 8,590 African ancestry individuals, 85,279 East Asian ancestry individuals, 4,270 South Asian ancestry individuals, 14,668 Hispanic or Latin American individuals	NA	2q33.1	2	202115995		KIAA2012-AS1, KIAA2012			ENSG00000222035, ENSG00000182329			rs6747814-A	rs6747814	0	6747814	intron_variant	0	0.522	1E-10	10.0		6.457	z score increase	Affymetrix, Illumina [63372548] (imputed)	N	vital capacity	http://www.ebi.ac.uk/efo/EFO_0004312	GCST90244093	Genome-wide genotyping array
2023-12-12	36914875	Shrine N	2023-03-13	Nat Genet	www.ncbi.nlm.nih.gov/pubmed/36914875	Multi-ancestry genome-wide association analyses improve resolution of genes and pathways influencing lung function and chronic obstructive pulmonary disease risk.	Lung function (forced vital capacity)	475,645 European ancestry individuals, 8,590 African ancestry individuals, 85,279 East Asian ancestry individuals, 4,270 South Asian ancestry individuals, 14,668 Hispanic or Latin American individuals	NA	12p11.22	12	28435309		CCDC91			ENSG00000123106			rs7977418-T	rs7977418	0	7977418	intron_variant	0	0.558	2E-64	63.69897000433602		16.949	z score increase	Affymetrix, Illumina [63372548] (imputed)	N	vital capacity	http://www.ebi.ac.uk/efo/EFO_0004312	GCST90244093	Genome-wide genotyping array
2023-12-12	36914875	Shrine N	2023-03-13	Nat Genet	www.ncbi.nlm.nih.gov/pubmed/36914875	Multi-ancestry genome-wide association analyses improve resolution of genes and pathways influencing lung function and chronic obstructive pulmonary disease risk.	Lung function (forced vital capacity)	475,645 European ancestry individuals, 8,590 African ancestry individuals, 85,279 East Asian ancestry individuals, 4,270 South Asian ancestry individuals, 14,668 Hispanic or Latin American individuals	NA	2p16.1	2	55879793		EFEMP1			ENSG00000115380			rs59985551-T	rs59985551	0	59985551	intron_variant	0	0.309	2E-42	41.69897000433602		13.647	z score decrease	Affymetrix, Illumina [63372548] (imputed)	N	vital capacity	http://www.ebi.ac.uk/efo/EFO_0004312	GCST90244093	Genome-wide genotyping array
2023-12-12	36914875	Shrine N	2023-03-13	Nat Genet	www.ncbi.nlm.nih.gov/pubmed/36914875	Multi-ancestry genome-wide association analyses improve resolution of genes and pathways influencing lung function and chronic obstructive pulmonary disease risk.	Lung function (forced vital capacity)	475,645 European ancestry individuals, 8,590 African ancestry individuals, 85,279 East Asian ancestry individuals, 4,270 South Asian ancestry individuals, 14,668 Hispanic or Latin American individuals	NA	6p24.3	6	7792087		BMP6			ENSG00000153162			rs56180096-T	rs56180096	0	56180096	intron_variant	0	0.14	2E-40	39.69897000433602		13.298	z score decrease	Affymetrix, Illumina [63372548] (imputed)	N	vital capacity	http://www.ebi.ac.uk/efo/EFO_0004312	GCST90244093	Genome-wide genotyping array
2023-12-12	36914875	Shrine N	2023-03-13	Nat Genet	www.ncbi.nlm.nih.gov/pubmed/36914875	Multi-ancestry genome-wide association analyses improve resolution of genes and pathways influencing lung function and chronic obstructive pulmonary disease risk.	Lung function (forced vital capacity)	475,645 European ancestry individuals, 8,590 African ancestry individuals, 85,279 East Asian ancestry individuals, 4,270 South Asian ancestry individuals, 14,668 Hispanic or Latin American individuals	NA	16p13.3	16	3533173		CLUAP1			ENSG00000103351			rs3751837-T	rs3751837	0	3751837	3_prime_UTR_variant	0	0.227	6E-39	38.221848749616356		13.059	z score decrease	Affymetrix, Illumina [63372548] (imputed)	N	vital capacity	http://www.ebi.ac.uk/efo/EFO_0004312	GCST90244093	Genome-wide genotyping array
2023-12-12	36914875	Shrine N	2023-03-13	Nat Genet	www.ncbi.nlm.nih.gov/pubmed/36914875	Multi-ancestry genome-wide association analyses improve resolution of genes and pathways influencing lung function and chronic obstructive pulmonary disease risk.	Lung function (forced vital capacity)	475,645 European ancestry individuals, 8,590 African ancestry individuals, 85,279 East Asian ancestry individuals, 4,270 South Asian ancestry individuals, 14,668 Hispanic or Latin American individuals	NA	3q12.1	3	99155141		LINC00973			ENSG00000240476			rs774735-C	rs774735	0	774735	intron_variant	0	0.295	2E-38	37.69897000433602		12.948	z score decrease	Affymetrix, Illumina [63372548] (imputed)	N	vital capacity	http://www.ebi.ac.uk/efo/EFO_0004312	GCST90244093	Genome-wide genotyping array
2023-12-12	36914875	Shrine N	2023-03-13	Nat Genet	www.ncbi.nlm.nih.gov/pubmed/36914875	Multi-ancestry genome-wide association analyses improve resolution of genes and pathways influencing lung function and chronic obstructive pulmonary disease risk.	Lung function (forced vital capacity)	475,645 European ancestry individuals, 8,590 African ancestry individuals, 85,279 East Asian ancestry individuals, 4,270 South Asian ancestry individuals, 14,668 Hispanic or Latin American individuals	NA	20q13.33	20	63741353		SLC2A4RG			ENSG00000125520			rs4809221-A	rs4809221	0	4809221	splice_polypyrimidine_tract_variant	0	0.636	2E-35	34.69897000433602		12.419	z score decrease	Affymetrix, Illumina [63372548] (imputed)	N	vital capacity	http://www.ebi.ac.uk/efo/EFO_0004312	GCST90244093	Genome-wide genotyping array
2023-12-12	36914875	Shrine N	2023-03-13	Nat Genet	www.ncbi.nlm.nih.gov/pubmed/36914875	Multi-ancestry genome-wide association analyses improve resolution of genes and pathways influencing lung function and chronic obstructive pulmonary disease risk.	Lung function (forced vital capacity)	475,645 European ancestry individuals, 8,590 African ancestry individuals, 85,279 East Asian ancestry individuals, 4,270 South Asian ancestry individuals, 14,668 Hispanic or Latin American individuals	NA	14q32.12	14	92631994		RIN3			ENSG00000100599			rs11621587-C	rs11621587	0	11621587	intron_variant	0	0.15	3E-35	34.52287874528034		12.402	z score increase	Affymetrix, Illumina [63372548] (imputed)	N	vital capacity	http://www.ebi.ac.uk/efo/EFO_0004312	GCST90244093	Genome-wide genotyping array
2023-12-12	36914875	Shrine N	2023-03-13	Nat Genet	www.ncbi.nlm.nih.gov/pubmed/36914875	Multi-ancestry genome-wide association analyses improve resolution of genes and pathways influencing lung function and chronic obstructive pulmonary disease risk.	Lung function (forced vital capacity)	475,645 European ancestry individuals, 8,590 African ancestry individuals, 85,279 East Asian ancestry individuals, 4,270 South Asian ancestry individuals, 14,668 Hispanic or Latin American individuals	NA	20p12.3	20	6641070		CASC20 - LINC01713	ENSG00000229876	ENSG00000228482		60884	90010	rs1000972-A	rs1000972	0	1000972	intergenic_variant	1	0.671	7E-34	33.15490195998574		12.131	z score increase	Affymetrix, Illumina [63372548] (imputed)	N	vital capacity	http://www.ebi.ac.uk/efo/EFO_0004312	GCST90244093	Genome-wide genotyping array
2023-12-12	36914875	Shrine N	2023-03-13	Nat Genet	www.ncbi.nlm.nih.gov/pubmed/36914875	Multi-ancestry genome-wide association analyses improve resolution of genes and pathways influencing lung function and chronic obstructive pulmonary disease risk.	Lung function (forced vital capacity)	475,645 European ancestry individuals, 8,590 African ancestry individuals, 85,279 East Asian ancestry individuals, 4,270 South Asian ancestry individuals, 14,668 Hispanic or Latin American individuals	NA	20q11.22	20	35437976		GDF5			ENSG00000125965			rs143384-A	rs143384	0	143384	5_prime_UTR_variant	0	0.599	1E-33	33.0		12.101	z score increase	Affymetrix, Illumina [63372548] (imputed)	N	vital capacity	http://www.ebi.ac.uk/efo/EFO_0004312	GCST90244093	Genome-wide genotyping array
2023-12-12	36914875	Shrine N	2023-03-13	Nat Genet	www.ncbi.nlm.nih.gov/pubmed/36914875	Multi-ancestry genome-wide association analyses improve resolution of genes and pathways influencing lung function and chronic obstructive pulmonary disease risk.	Lung function (forced vital capacity)	475,645 European ancestry individuals, 8,590 African ancestry individuals, 85,279 East Asian ancestry individuals, 4,270 South Asian ancestry individuals, 14,668 Hispanic or Latin American individuals	NA	1q21.2	1	150575271		MCL1			ENSG00000143384			rs878471-A	rs878471	0	878471	3_prime_UTR_variant	0	0.543	1E-33	33.0		12.096	z score decrease	Affymetrix, Illumina [63372548] (imputed)	N	vital capacity	http://www.ebi.ac.uk/efo/EFO_0004312	GCST90244093	Genome-wide genotyping array
2023-12-12	36914875	Shrine N	2023-03-13	Nat Genet	www.ncbi.nlm.nih.gov/pubmed/36914875	Multi-ancestry genome-wide association analyses improve resolution of genes and pathways influencing lung function and chronic obstructive pulmonary disease risk.	Lung function (forced vital capacity)	475,645 European ancestry individuals, 8,590 African ancestry individuals, 85,279 East Asian ancestry individuals, 4,270 South Asian ancestry individuals, 14,668 Hispanic or Latin American individuals	NA	3q25.32	3	158542725		RSRC1			ENSG00000174891			rs4680444-A	rs4680444	0	4680444	intron_variant	0	0.752	9E-33	32.045757490560675		11.925	z score increase	Affymetrix, Illumina [63372548] (imputed)	N	vital capacity	http://www.ebi.ac.uk/efo/EFO_0004312	GCST90244093	Genome-wide genotyping array
2023-12-12	36914875	Shrine N	2023-03-13	Nat Genet	www.ncbi.nlm.nih.gov/pubmed/36914875	Multi-ancestry genome-wide association analyses improve resolution of genes and pathways influencing lung function and chronic obstructive pulmonary disease risk.	Lung function (forced vital capacity)	475,645 European ancestry individuals, 8,590 African ancestry individuals, 85,279 East Asian ancestry individuals, 4,270 South Asian ancestry individuals, 14,668 Hispanic or Latin American individuals	NA	4q31.21	4	144409229		GUSBP5 - KRT18P51	ENSG00000251600	ENSG00000250504		65479	163009	rs34345254-A	rs34345254	0	34345254	intron_variant	1	0.422	3E-32	31.522878745280337		11.836	z score increase	Affymetrix, Illumina [63372548] (imputed)	N	vital capacity	http://www.ebi.ac.uk/efo/EFO_0004312	GCST90244093	Genome-wide genotyping array
2023-12-12	36914875	Shrine N	2023-03-13	Nat Genet	www.ncbi.nlm.nih.gov/pubmed/36914875	Multi-ancestry genome-wide association analyses improve resolution of genes and pathways influencing lung function and chronic obstructive pulmonary disease risk.	Lung function (forced vital capacity)	475,645 European ancestry individuals, 8,590 African ancestry individuals, 85,279 East Asian ancestry individuals, 4,270 South Asian ancestry individuals, 14,668 Hispanic or Latin American individuals	NA	1q41	1	221097115		HLX - LINC02817	ENSG00000136630	ENSG00000234754		212056	201398	rs11118652-T	rs11118652	0	11118652	intron_variant	1	0.664	9E-32	31.045757490560675		11.732	z score increase	Affymetrix, Illumina [63372548] (imputed)	N	vital capacity	http://www.ebi.ac.uk/efo/EFO_0004312	GCST90244093	Genome-wide genotyping array
2023-12-12	36914875	Shrine N	2023-03-13	Nat Genet	www.ncbi.nlm.nih.gov/pubmed/36914875	Multi-ancestry genome-wide association analyses improve resolution of genes and pathways influencing lung function and chronic obstructive pulmonary disease risk.	Lung function (forced vital capacity)	475,645 European ancestry individuals, 8,590 African ancestry individuals, 85,279 East Asian ancestry individuals, 4,270 South Asian ancestry individuals, 14,668 Hispanic or Latin American individuals	NA	16q22.1	16	69889430		WWP2			ENSG00000198373			rs7196842-T	rs7196842	0	7196842	intron_variant	0	0.361	2E-31	30.69897000433602		11.673	z score increase	Affymetrix, Illumina [63372548] (imputed)	N	vital capacity	http://www.ebi.ac.uk/efo/EFO_0004312	GCST90244093	Genome-wide genotyping array
2023-12-12	36914875	Shrine N	2023-03-13	Nat Genet	www.ncbi.nlm.nih.gov/pubmed/36914875	Multi-ancestry genome-wide association analyses improve resolution of genes and pathways influencing lung function and chronic obstructive pulmonary disease risk.	Lung function (forced vital capacity)	475,645 European ancestry individuals, 8,590 African ancestry individuals, 85,279 East Asian ancestry individuals, 4,270 South Asian ancestry individuals, 14,668 Hispanic or Latin American individuals	NA	12q24.21	12	115062886		TBX3-AS1 - UBA52P7	ENSG00000257817	ENSG00000241656		294894	529718	rs35506-A	rs35506	0	35506	intron_variant	1	0.679	1E-29	29.0		11.312	z score increase	Affymetrix, Illumina [63372548] (imputed)	N	vital capacity	http://www.ebi.ac.uk/efo/EFO_0004312	GCST90244093	Genome-wide genotyping array
2023-12-12	36914875	Shrine N	2023-03-13	Nat Genet	www.ncbi.nlm.nih.gov/pubmed/36914875	Multi-ancestry genome-wide association analyses improve resolution of genes and pathways influencing lung function and chronic obstructive pulmonary disease risk.	Lung function (forced vital capacity)	475,645 European ancestry individuals, 8,590 African ancestry individuals, 85,279 East Asian ancestry individuals, 4,270 South Asian ancestry individuals, 14,668 Hispanic or Latin American individuals	NA	5p12	5	44352242		FGF10			ENSG00000070193			rs1448037-T	rs1448037	0	1448037	intron_variant	0	0.308	3E-28	27.522878745280337		11.019	z score increase	Affymetrix, Illumina [63372548] (imputed)	N	vital capacity	http://www.ebi.ac.uk/efo/EFO_0004312	GCST90244093	Genome-wide genotyping array
2023-12-12	36914875	Shrine N	2023-03-13	Nat Genet	www.ncbi.nlm.nih.gov/pubmed/36914875	Multi-ancestry genome-wide association analyses improve resolution of genes and pathways influencing lung function and chronic obstructive pulmonary disease risk.	Lung function (forced vital capacity)	475,645 European ancestry individuals, 8,590 African ancestry individuals, 85,279 East Asian ancestry individuals, 4,270 South Asian ancestry individuals, 14,668 Hispanic or Latin American individuals	NA	20q13.12	20	46903483		EYA2			ENSG00000064655			rs6124883-T	rs6124883	0	6124883	non_coding_transcript_exon_variant	0	0.461	5E-28	27.30102999566398		10.98	z score decrease	Affymetrix, Illumina [63372548] (imputed)	N	vital capacity	http://www.ebi.ac.uk/efo/EFO_0004312	GCST90244093	Genome-wide genotyping array
2023-12-12	36914875	Shrine N	2023-03-13	Nat Genet	www.ncbi.nlm.nih.gov/pubmed/36914875	Multi-ancestry genome-wide association analyses improve resolution of genes and pathways influencing lung function and chronic obstructive pulmonary disease risk.	Lung function (forced vital capacity)	475,645 European ancestry individuals, 8,590 African ancestry individuals, 85,279 East Asian ancestry individuals, 4,270 South Asian ancestry individuals, 14,668 Hispanic or Latin American individuals	NA	9q34.3	9	136218808		QSOX2			ENSG00000165661			rs12684650-T	rs12684650	0	12684650	splice_region_variant	0	0.283	2E-27	26.69897000433602		10.83	z score decrease	Affymetrix, Illumina [63372548] (imputed)	N	vital capacity	http://www.ebi.ac.uk/efo/EFO_0004312	GCST90244093	Genome-wide genotyping array
2023-12-12	36914875	Shrine N	2023-03-13	Nat Genet	www.ncbi.nlm.nih.gov/pubmed/36914875	Multi-ancestry genome-wide association analyses improve resolution of genes and pathways influencing lung function and chronic obstructive pulmonary disease risk.	Lung function (forced vital capacity)	475,645 European ancestry individuals, 8,590 African ancestry individuals, 85,279 East Asian ancestry individuals, 4,270 South Asian ancestry individuals, 14,668 Hispanic or Latin American individuals	NA	13q21.33	13	71116596		LINC00348			ENSG00000226846			rs7983362-A	rs7983362	0	7983362	intron_variant	0	0.637	5E-27	26.30102999566398		10.761	z score increase	Affymetrix, Illumina [63372548] (imputed)	N	vital capacity	http://www.ebi.ac.uk/efo/EFO_0004312	GCST90244093	Genome-wide genotyping array
2023-12-12	36914875	Shrine N	2023-03-13	Nat Genet	www.ncbi.nlm.nih.gov/pubmed/36914875	Multi-ancestry genome-wide association analyses improve resolution of genes and pathways influencing lung function and chronic obstructive pulmonary disease risk.	Lung function (forced vital capacity)	475,645 European ancestry individuals, 8,590 African ancestry individuals, 85,279 East Asian ancestry individuals, 4,270 South Asian ancestry individuals, 14,668 Hispanic or Latin American individuals	NA	17q25.3	17	82032852		RAC3			ENSG00000169750			rs72861739-T	rs72861739	0	72861739	intron_variant	0	0.0877	6E-27	26.221848749616356		10.749	z score increase	Affymetrix, Illumina [63372548] (imputed)	N	vital capacity	http://www.ebi.ac.uk/efo/EFO_0004312	GCST90244093	Genome-wide genotyping array
2023-12-12	36914875	Shrine N	2023-03-13	Nat Genet	www.ncbi.nlm.nih.gov/pubmed/36914875	Multi-ancestry genome-wide association analyses improve resolution of genes and pathways influencing lung function and chronic obstructive pulmonary disease risk.	Lung function (forced vital capacity)	475,645 European ancestry individuals, 8,590 African ancestry individuals, 85,279 East Asian ancestry individuals, 4,270 South Asian ancestry individuals, 14,668 Hispanic or Latin American individuals	NA	8q24.3	8	144280310		BOP1			ENSG00000261236			rs7838717-T	rs7838717	0	7838717	intron_variant	0	0.407	1E-26	26.0		10.704	z score decrease	Affymetrix, Illumina [63372548] (imputed)	N	vital capacity	http://www.ebi.ac.uk/efo/EFO_0004312	GCST90244093	Genome-wide genotyping array
2023-12-12	36914875	Shrine N	2023-03-13	Nat Genet	www.ncbi.nlm.nih.gov/pubmed/36914875	Multi-ancestry genome-wide association analyses improve resolution of genes and pathways influencing lung function and chronic obstructive pulmonary disease risk.	Lung function (forced vital capacity)	475,645 European ancestry individuals, 8,590 African ancestry individuals, 85,279 East Asian ancestry individuals, 4,270 South Asian ancestry individuals, 14,668 Hispanic or Latin American individuals	NA	17q11.2	17	30936682		ADAP2			ENSG00000184060			rs8067252-T	rs8067252	0	8067252	intron_variant	0	0.21	1E-25	25.0		10.477	z score increase	Affymetrix, Illumina [63372548] (imputed)	N	vital capacity	http://www.ebi.ac.uk/efo/EFO_0004312	GCST90244093	Genome-wide genotyping array
2023-12-12	36914875	Shrine N	2023-03-13	Nat Genet	www.ncbi.nlm.nih.gov/pubmed/36914875	Multi-ancestry genome-wide association analyses improve resolution of genes and pathways influencing lung function and chronic obstructive pulmonary disease risk.	Lung function (forced vital capacity)	475,645 European ancestry individuals, 8,590 African ancestry individuals, 85,279 East Asian ancestry individuals, 4,270 South Asian ancestry individuals, 14,668 Hispanic or Latin American individuals	NA	10q21.3	10	68198906		MYPN			ENSG00000138347			rs12416503-T	rs12416503	0	12416503	intron_variant	0	0.552	3E-25	24.522878745280337		10.391	z score increase	Affymetrix, Illumina [63372548] (imputed)	N	vital capacity	http://www.ebi.ac.uk/efo/EFO_0004312	GCST90244093	Genome-wide genotyping array
2023-12-12	36914875	Shrine N	2023-03-13	Nat Genet	www.ncbi.nlm.nih.gov/pubmed/36914875	Multi-ancestry genome-wide association analyses improve resolution of genes and pathways influencing lung function and chronic obstructive pulmonary disease risk.	Lung function (forced vital capacity)	475,645 European ancestry individuals, 8,590 African ancestry individuals, 85,279 East Asian ancestry individuals, 4,270 South Asian ancestry individuals, 14,668 Hispanic or Latin American individuals	NA	4p15.33	4	12919478		ECM1P2 - U6	ENSG00000249995	ENSG00000283545		278469	131864	rs10489032-T	rs10489032	0	10489032	intron_variant	1	0.657	7E-13	12.154901959985743		7.18	z score decrease	Affymetrix, Illumina [63372548] (imputed)	N	vital capacity	http://www.ebi.ac.uk/efo/EFO_0004312	GCST90244093	Genome-wide genotyping array
2023-12-12	36914875	Shrine N	2023-03-13	Nat Genet	www.ncbi.nlm.nih.gov/pubmed/36914875	Multi-ancestry genome-wide association analyses improve resolution of genes and pathways influencing lung function and chronic obstructive pulmonary disease risk.	Lung function (forced vital capacity)	475,645 European ancestry individuals, 8,590 African ancestry individuals, 85,279 East Asian ancestry individuals, 4,270 South Asian ancestry individuals, 14,668 Hispanic or Latin American individuals	NA	17p13.1	17	7261244		CLDN7			ENSG00000181885			rs222857-T	rs222857	0	222857	intron_variant	0	0.541	7E-13	12.154901959985743		7.173	z score decrease	Affymetrix, Illumina [63372548] (imputed)	N	vital capacity	http://www.ebi.ac.uk/efo/EFO_0004312	GCST90244093	Genome-wide genotyping array
2023-12-12	36914875	Shrine N	2023-03-13	Nat Genet	www.ncbi.nlm.nih.gov/pubmed/36914875	Multi-ancestry genome-wide association analyses improve resolution of genes and pathways influencing lung function and chronic obstructive pulmonary disease risk.	Lung function (forced vital capacity)	475,645 European ancestry individuals, 8,590 African ancestry individuals, 85,279 East Asian ancestry individuals, 4,270 South Asian ancestry individuals, 14,668 Hispanic or Latin American individuals	NA	21q21.3	21	26837348		ADAMTS1			ENSG00000154734			rs13615-A	rs13615	0	13615	3_prime_UTR_variant	0	0.854	8E-13	12.096910013008056		7.168	z score increase	Affymetrix, Illumina [63372548] (imputed)	N	vital capacity	http://www.ebi.ac.uk/efo/EFO_0004312	GCST90244093	Genome-wide genotyping array
2023-12-12	36914875	Shrine N	2023-03-13	Nat Genet	www.ncbi.nlm.nih.gov/pubmed/36914875	Multi-ancestry genome-wide association analyses improve resolution of genes and pathways influencing lung function and chronic obstructive pulmonary disease risk.	Lung function (forced vital capacity)	475,645 European ancestry individuals, 8,590 African ancestry individuals, 85,279 East Asian ancestry individuals, 4,270 South Asian ancestry individuals, 14,668 Hispanic or Latin American individuals	NA	8q11.21	8	48478923		RPL29P19 - LINC02947	ENSG00000224594	ENSG00000253140		93874	36923	rs10089933-T	rs10089933	0	10089933	intron_variant	1	0.742	9E-13	12.045757490560675		7.144	z score increase	Affymetrix, Illumina [63372548] (imputed)	N	vital capacity	http://www.ebi.ac.uk/efo/EFO_0004312	GCST90244093	Genome-wide genotyping array
2023-12-12	36914875	Shrine N	2023-03-13	Nat Genet	www.ncbi.nlm.nih.gov/pubmed/36914875	Multi-ancestry genome-wide association analyses improve resolution of genes and pathways influencing lung function and chronic obstructive pulmonary disease risk.	Lung function (forced vital capacity)	475,645 European ancestry individuals, 8,590 African ancestry individuals, 85,279 East Asian ancestry individuals, 4,270 South Asian ancestry individuals, 14,668 Hispanic or Latin American individuals	NA	2p22.2	2	36454050		CRIM1			ENSG00000150938			rs888078-A	rs888078	0	888078	intron_variant	0	0.436	9E-13	12.045757490560675		7.142	z score decrease	Affymetrix, Illumina [63372548] (imputed)	N	vital capacity	http://www.ebi.ac.uk/efo/EFO_0004312	GCST90244093	Genome-wide genotyping array
2023-12-12	36914875	Shrine N	2023-03-13	Nat Genet	www.ncbi.nlm.nih.gov/pubmed/36914875	Multi-ancestry genome-wide association analyses improve resolution of genes and pathways influencing lung function and chronic obstructive pulmonary disease risk.	Lung function (forced vital capacity)	475,645 European ancestry individuals, 8,590 African ancestry individuals, 85,279 East Asian ancestry individuals, 4,270 South Asian ancestry individuals, 14,668 Hispanic or Latin American individuals	NA	15q21.2	15	51349799		GLDN			ENSG00000186417			rs2445772-C	rs2445772	0	2445772	intron_variant	0	0.305	9E-13	12.045757490560675		7.142	z score decrease	Affymetrix, Illumina [63372548] (imputed)	N	vital capacity	http://www.ebi.ac.uk/efo/EFO_0004312	GCST90244093	Genome-wide genotyping array
2023-12-12	36914875	Shrine N	2023-03-13	Nat Genet	www.ncbi.nlm.nih.gov/pubmed/36914875	Multi-ancestry genome-wide association analyses improve resolution of genes and pathways influencing lung function and chronic obstructive pulmonary disease risk.	Lung function (forced vital capacity)	475,645 European ancestry individuals, 8,590 African ancestry individuals, 85,279 East Asian ancestry individuals, 4,270 South Asian ancestry individuals, 14,668 Hispanic or Latin American individuals	NA	6q16.3	6	104942078		LIN28B			ENSG00000187772			rs1475120-A	rs1475120	0	1475120	non_coding_transcript_exon_variant	0	0.565	9E-13	12.045757490560675		7.141	z score increase	Affymetrix, Illumina [63372548] (imputed)	N	vital capacity	http://www.ebi.ac.uk/efo/EFO_0004312	GCST90244093	Genome-wide genotyping array
2023-12-12	36914875	Shrine N	2023-03-13	Nat Genet	www.ncbi.nlm.nih.gov/pubmed/36914875	Multi-ancestry genome-wide association analyses improve resolution of genes and pathways influencing lung function and chronic obstructive pulmonary disease risk.	Lung function (forced vital capacity)	475,645 European ancestry individuals, 8,590 African ancestry individuals, 85,279 East Asian ancestry individuals, 4,270 South Asian ancestry individuals, 14,668 Hispanic or Latin American individuals	NA	3q26.2	3	169071917		LINC01997 - MECOM	ENSG00000241383	ENSG00000085276		33501	11582	rs6806825-T	rs6806825	0	6806825	non_coding_transcript_exon_variant	1	0.375	1E-12	12.0		7.129	z score decrease	Affymetrix, Illumina [63372548] (imputed)	N	vital capacity	http://www.ebi.ac.uk/efo/EFO_0004312	GCST90244093	Genome-wide genotyping array
2023-12-12	36914875	Shrine N	2023-03-13	Nat Genet	www.ncbi.nlm.nih.gov/pubmed/36914875	Multi-ancestry genome-wide association analyses improve resolution of genes and pathways influencing lung function and chronic obstructive pulmonary disease risk.	Lung function (forced vital capacity)	475,645 European ancestry individuals, 8,590 African ancestry individuals, 85,279 East Asian ancestry individuals, 4,270 South Asian ancestry individuals, 14,668 Hispanic or Latin American individuals	NA	17p12	17	16042632		TTC19, NCOR1			ENSG00000011295, ENSG00000141027			rs3785631-A	rs3785631	0	3785631	intron_variant	0	0.529	1E-12	12.0		7.107	z score increase	Affymetrix, Illumina [63372548] (imputed)	N	vital capacity	http://www.ebi.ac.uk/efo/EFO_0004312	GCST90244093	Genome-wide genotyping array
2023-12-12	36914875	Shrine N	2023-03-13	Nat Genet	www.ncbi.nlm.nih.gov/pubmed/36914875	Multi-ancestry genome-wide association analyses improve resolution of genes and pathways influencing lung function and chronic obstructive pulmonary disease risk.	Lung function (forced vital capacity)	475,645 European ancestry individuals, 8,590 African ancestry individuals, 85,279 East Asian ancestry individuals, 4,270 South Asian ancestry individuals, 14,668 Hispanic or Latin American individuals	NA	4q12	4	55159194		KDR - RN7SL822P	ENSG00000128052	ENSG00000239545		33599	56430	rs6554237-T	rs6554237	0	6554237	intron_variant	1	0.5	1E-12	12.0		7.098	z score increase	Affymetrix, Illumina [63372548] (imputed)	N	vital capacity	http://www.ebi.ac.uk/efo/EFO_0004312	GCST90244093	Genome-wide genotyping array
2023-12-12	36914875	Shrine N	2023-03-13	Nat Genet	www.ncbi.nlm.nih.gov/pubmed/36914875	Multi-ancestry genome-wide association analyses improve resolution of genes and pathways influencing lung function and chronic obstructive pulmonary disease risk.	Lung function (forced vital capacity)	475,645 European ancestry individuals, 8,590 African ancestry individuals, 85,279 East Asian ancestry individuals, 4,270 South Asian ancestry individuals, 14,668 Hispanic or Latin American individuals	NA	19p13.2	19	8605262		ADAMTS10			ENSG00000142303			rs62621197-T	rs62621197	0	62621197	missense_variant	0	0.0317	1E-12	12.0		7.096	z score decrease	Affymetrix, Illumina [63372548] (imputed)	N	vital capacity	http://www.ebi.ac.uk/efo/EFO_0004312	GCST90244093	Genome-wide genotyping array
2023-12-12	36914875	Shrine N	2023-03-13	Nat Genet	www.ncbi.nlm.nih.gov/pubmed/36914875	Multi-ancestry genome-wide association analyses improve resolution of genes and pathways influencing lung function and chronic obstructive pulmonary disease risk.	Lung function (forced vital capacity)	475,645 European ancestry individuals, 8,590 African ancestry individuals, 85,279 East Asian ancestry individuals, 4,270 South Asian ancestry individuals, 14,668 Hispanic or Latin American individuals	NA	3p22.3	3	33153498		SUSD5			ENSG00000173705			rs6810039-A	rs6810039	0	6810039	missense_variant	0	0.466	1E-12	12.0		7.089	z score decrease	Affymetrix, Illumina [63372548] (imputed)	N	vital capacity	http://www.ebi.ac.uk/efo/EFO_0004312	GCST90244093	Genome-wide genotyping array
2023-12-12	36914875	Shrine N	2023-03-13	Nat Genet	www.ncbi.nlm.nih.gov/pubmed/36914875	Multi-ancestry genome-wide association analyses improve resolution of genes and pathways influencing lung function and chronic obstructive pulmonary disease risk.	Lung function (forced vital capacity)	475,645 European ancestry individuals, 8,590 African ancestry individuals, 85,279 East Asian ancestry individuals, 4,270 South Asian ancestry individuals, 14,668 Hispanic or Latin American individuals	NA	10q21.2	10	62072169		ARID5B			ENSG00000150347			rs35809595-A	rs35809595	0	35809595	intron_variant	0	0.401	1E-12	12.0		7.086	z score decrease	Affymetrix, Illumina [63372548] (imputed)	N	vital capacity	http://www.ebi.ac.uk/efo/EFO_0004312	GCST90244093	Genome-wide genotyping array
2023-12-12	36914875	Shrine N	2023-03-13	Nat Genet	www.ncbi.nlm.nih.gov/pubmed/36914875	Multi-ancestry genome-wide association analyses improve resolution of genes and pathways influencing lung function and chronic obstructive pulmonary disease risk.	Lung function (forced vital capacity)	475,645 European ancestry individuals, 8,590 African ancestry individuals, 85,279 East Asian ancestry individuals, 4,270 South Asian ancestry individuals, 14,668 Hispanic or Latin American individuals	NA	2q36.3	2	229732201		DNER - TRIP12	ENSG00000187957	ENSG00000153827		17620	31634	rs62193248-A	rs62193248	0	62193248	regulatory_region_variant	1	0.682	2E-12	11.698970004336019		7.065	z score increase	Affymetrix, Illumina [63372548] (imputed)	N	vital capacity	http://www.ebi.ac.uk/efo/EFO_0004312	GCST90244093	Genome-wide genotyping array
2023-12-12	36914875	Shrine N	2023-03-13	Nat Genet	www.ncbi.nlm.nih.gov/pubmed/36914875	Multi-ancestry genome-wide association analyses improve resolution of genes and pathways influencing lung function and chronic obstructive pulmonary disease risk.	Lung function (forced vital capacity)	475,645 European ancestry individuals, 8,590 African ancestry individuals, 85,279 East Asian ancestry individuals, 4,270 South Asian ancestry individuals, 14,668 Hispanic or Latin American individuals	NA	6q25.2	6	155116726		TIAM2			ENSG00000146426			rs9371862-T	rs9371862	0	9371862	intron_variant	0	0.25	2E-12	11.698970004336019		7.043	z score decrease	Affymetrix, Illumina [63372548] (imputed)	N	vital capacity	http://www.ebi.ac.uk/efo/EFO_0004312	GCST90244093	Genome-wide genotyping array
2023-12-12	36914875	Shrine N	2023-03-13	Nat Genet	www.ncbi.nlm.nih.gov/pubmed/36914875	Multi-ancestry genome-wide association analyses improve resolution of genes and pathways influencing lung function and chronic obstructive pulmonary disease risk.	Lung function (forced vital capacity)	475,645 European ancestry individuals, 8,590 African ancestry individuals, 85,279 East Asian ancestry individuals, 4,270 South Asian ancestry individuals, 14,668 Hispanic or Latin American individuals	NA	18q21.2	18	55899240		LINC01905, LINC01416			ENSG00000267057, ENSG00000260930			rs2202572-A	rs2202572	0	2202572	intron_variant	0	0.28	2E-12	11.698970004336019		7.042	z score increase	Affymetrix, Illumina [63372548] (imputed)	N	vital capacity	http://www.ebi.ac.uk/efo/EFO_0004312	GCST90244093	Genome-wide genotyping array
2023-12-12	36914875	Shrine N	2023-03-13	Nat Genet	www.ncbi.nlm.nih.gov/pubmed/36914875	Multi-ancestry genome-wide association analyses improve resolution of genes and pathways influencing lung function and chronic obstructive pulmonary disease risk.	Lung function (forced vital capacity)	475,645 European ancestry individuals, 8,590 African ancestry individuals, 85,279 East Asian ancestry individuals, 4,270 South Asian ancestry individuals, 14,668 Hispanic or Latin American individuals	NA	11q14.3	11	89581084		H3P34 - FOLH1B	ENSG00000255295	ENSG00000134612		81886	78213	rs12290257-T	rs12290257	0	12290257	intron_variant	1	0.313	2E-12	11.698970004336019		7.016	z score decrease	Affymetrix, Illumina [63372548] (imputed)	N	vital capacity	http://www.ebi.ac.uk/efo/EFO_0004312	GCST90244093	Genome-wide genotyping array
2023-12-12	36914875	Shrine N	2023-03-13	Nat Genet	www.ncbi.nlm.nih.gov/pubmed/36914875	Multi-ancestry genome-wide association analyses improve resolution of genes and pathways influencing lung function and chronic obstructive pulmonary disease risk.	Lung function (forced vital capacity)	475,645 European ancestry individuals, 8,590 African ancestry individuals, 85,279 East Asian ancestry individuals, 4,270 South Asian ancestry individuals, 14,668 Hispanic or Latin American individuals	NA	12q22	12	93784722		CRADD			ENSG00000169372			rs10859579-A	rs10859579	0	10859579	intron_variant	0	0.529	3E-12	11.522878745280337		6.984	z score decrease	Affymetrix, Illumina [63372548] (imputed)	N	vital capacity	http://www.ebi.ac.uk/efo/EFO_0004312	GCST90244093	Genome-wide genotyping array
2023-12-12	36914875	Shrine N	2023-03-13	Nat Genet	www.ncbi.nlm.nih.gov/pubmed/36914875	Multi-ancestry genome-wide association analyses improve resolution of genes and pathways influencing lung function and chronic obstructive pulmonary disease risk.	Lung function (forced vital capacity)	475,645 European ancestry individuals, 8,590 African ancestry individuals, 85,279 East Asian ancestry individuals, 4,270 South Asian ancestry individuals, 14,668 Hispanic or Latin American individuals	NA	18q11.2	18	24604521		LINC01915			ENSG00000265485			rs72880445-T	rs72880445	0	72880445	intron_variant	0	0.166	3E-12	11.522878745280337		6.959	z score increase	Affymetrix, Illumina [63372548] (imputed)	N	vital capacity	http://www.ebi.ac.uk/efo/EFO_0004312	GCST90244093	Genome-wide genotyping array
2023-12-12	36914875	Shrine N	2023-03-13	Nat Genet	www.ncbi.nlm.nih.gov/pubmed/36914875	Multi-ancestry genome-wide association analyses improve resolution of genes and pathways influencing lung function and chronic obstructive pulmonary disease risk.	Lung function (forced vital capacity)	475,645 European ancestry individuals, 8,590 African ancestry individuals, 85,279 East Asian ancestry individuals, 4,270 South Asian ancestry individuals, 14,668 Hispanic or Latin American individuals	NA	5q23.2	5	122917907		SNX24			ENSG00000064652			rs1993876-T	rs1993876	0	1993876	intron_variant	0	0.298	3E-12	11.522878745280337		6.957	z score decrease	Affymetrix, Illumina [63372548] (imputed)	N	vital capacity	http://www.ebi.ac.uk/efo/EFO_0004312	GCST90244093	Genome-wide genotyping array
2023-12-12	36914875	Shrine N	2023-03-13	Nat Genet	www.ncbi.nlm.nih.gov/pubmed/36914875	Multi-ancestry genome-wide association analyses improve resolution of genes and pathways influencing lung function and chronic obstructive pulmonary disease risk.	Lung function (forced vital capacity)	475,645 European ancestry individuals, 8,590 African ancestry individuals, 85,279 East Asian ancestry individuals, 4,270 South Asian ancestry individuals, 14,668 Hispanic or Latin American individuals	NA	7p22.1	7	6624039		ZNF853			ENSG00000236609			rs940871-A	rs940871	0	940871	3_prime_UTR_variant	0	0.575	4E-12	11.397940008672037		6.932	z score decrease	Affymetrix, Illumina [63372548] (imputed)	N	vital capacity	http://www.ebi.ac.uk/efo/EFO_0004312	GCST90244093	Genome-wide genotyping array
2023-12-12	36914875	Shrine N	2023-03-13	Nat Genet	www.ncbi.nlm.nih.gov/pubmed/36914875	Multi-ancestry genome-wide association analyses improve resolution of genes and pathways influencing lung function and chronic obstructive pulmonary disease risk.	Lung function (forced vital capacity)	475,645 European ancestry individuals, 8,590 African ancestry individuals, 85,279 East Asian ancestry individuals, 4,270 South Asian ancestry individuals, 14,668 Hispanic or Latin American individuals	NA	2p13.3	2	69294699		ANTXR1 - GFPT1	ENSG00000169604	ENSG00000198380		45372	25081	rs12713676-T	rs12713676	0	12713676	intron_variant	1	0.684	4E-12	11.397940008672037		6.923	z score decrease	Affymetrix, Illumina [63372548] (imputed)	N	vital capacity	http://www.ebi.ac.uk/efo/EFO_0004312	GCST90244093	Genome-wide genotyping array
2023-12-12	36914875	Shrine N	2023-03-13	Nat Genet	www.ncbi.nlm.nih.gov/pubmed/36914875	Multi-ancestry genome-wide association analyses improve resolution of genes and pathways influencing lung function and chronic obstructive pulmonary disease risk.	Lung function (forced vital capacity)	475,645 European ancestry individuals, 8,590 African ancestry individuals, 85,279 East Asian ancestry individuals, 4,270 South Asian ancestry individuals, 14,668 Hispanic or Latin American individuals	NA	2p23.3	2	26621176		CIB4			ENSG00000157884			rs1662984-A	rs1662984	0	1662984	intron_variant	0	0.522	5E-12	11.301029995663981		6.907	z score decrease	Affymetrix, Illumina [63372548] (imputed)	N	vital capacity	http://www.ebi.ac.uk/efo/EFO_0004312	GCST90244093	Genome-wide genotyping array
2023-12-12	36914875	Shrine N	2023-03-13	Nat Genet	www.ncbi.nlm.nih.gov/pubmed/36914875	Multi-ancestry genome-wide association analyses improve resolution of genes and pathways influencing lung function and chronic obstructive pulmonary disease risk.	Lung function (forced vital capacity)	475,645 European ancestry individuals, 8,590 African ancestry individuals, 85,279 East Asian ancestry individuals, 4,270 South Asian ancestry individuals, 14,668 Hispanic or Latin American individuals	NA	4q32.3	4	165416648		CPE			ENSG00000109472			rs9308105-T	rs9308105	0	9308105	intron_variant	0	0.328	5E-12	11.301029995663981		6.905	z score increase	Affymetrix, Illumina [63372548] (imputed)	N	vital capacity	http://www.ebi.ac.uk/efo/EFO_0004312	GCST90244093	Genome-wide genotyping array
2023-12-12	36914875	Shrine N	2023-03-13	Nat Genet	www.ncbi.nlm.nih.gov/pubmed/36914875	Multi-ancestry genome-wide association analyses improve resolution of genes and pathways influencing lung function and chronic obstructive pulmonary disease risk.	Lung function (forced vital capacity)	475,645 European ancestry individuals, 8,590 African ancestry individuals, 85,279 East Asian ancestry individuals, 4,270 South Asian ancestry individuals, 14,668 Hispanic or Latin American individuals	NA	6q22.33	6	129501692		LAMA2			ENSG00000196569			rs9321170-A	rs9321170	0	9321170	intron_variant	0	0.72	5E-12	11.301029995663981		6.896	z score increase	Affymetrix, Illumina [63372548] (imputed)	N	vital capacity	http://www.ebi.ac.uk/efo/EFO_0004312	GCST90244093	Genome-wide genotyping array
2023-12-12	36914875	Shrine N	2023-03-13	Nat Genet	www.ncbi.nlm.nih.gov/pubmed/36914875	Multi-ancestry genome-wide association analyses improve resolution of genes and pathways influencing lung function and chronic obstructive pulmonary disease risk.	Lung function (FEV1/FVC)	475,645 European ancestry individuals, 8,590 African ancestry individuals, 85,279 East Asian ancestry individuals, 4,270 South Asian ancestry individuals, 14,668 Hispanic or Latin American individuals	NA	12q14.2	12	64632562		RASSF3			ENSG00000153179			rs1147107-A	rs1147107	0	1147107	intron_variant	0	0.655	3E-11	10.522878745280337		6.63	z score increase	Affymetrix, Illumina [63372103] (imputed)	N	FEV/FVC ratio	http://www.ebi.ac.uk/efo/EFO_0004713	GCST90244094	Genome-wide genotyping array
2023-12-12	36914875	Shrine N	2023-03-13	Nat Genet	www.ncbi.nlm.nih.gov/pubmed/36914875	Multi-ancestry genome-wide association analyses improve resolution of genes and pathways influencing lung function and chronic obstructive pulmonary disease risk.	Lung function (FEV1/FVC)	475,645 European ancestry individuals, 8,590 African ancestry individuals, 85,279 East Asian ancestry individuals, 4,270 South Asian ancestry individuals, 14,668 Hispanic or Latin American individuals	NA	14q24.3	14	76123028		IFT43 - GPATCH2L	ENSG00000119650	ENSG00000089916		38443	28888	rs2543358-A	rs2543358	0	2543358	intergenic_variant	1	0.166	3E-11	10.522878745280337		6.625	z score increase	Affymetrix, Illumina [63372103] (imputed)	N	FEV/FVC ratio	http://www.ebi.ac.uk/efo/EFO_0004713	GCST90244094	Genome-wide genotyping array
2023-12-12	36914875	Shrine N	2023-03-13	Nat Genet	www.ncbi.nlm.nih.gov/pubmed/36914875	Multi-ancestry genome-wide association analyses improve resolution of genes and pathways influencing lung function and chronic obstructive pulmonary disease risk.	Lung function (FEV1/FVC)	475,645 European ancestry individuals, 8,590 African ancestry individuals, 85,279 East Asian ancestry individuals, 4,270 South Asian ancestry individuals, 14,668 Hispanic or Latin American individuals	NA	1p22.1	1	92838715		DIPK1A, RPL5			ENSG00000154511, ENSG00000122406			rs10782945-T	rs10782945	0	10782945	intron_variant	0	0.659	4E-11	10.397940008672037		6.621	z score decrease	Affymetrix, Illumina [63372103] (imputed)	N	FEV/FVC ratio	http://www.ebi.ac.uk/efo/EFO_0004713	GCST90244094	Genome-wide genotyping array
2023-12-12	36914875	Shrine N	2023-03-13	Nat Genet	www.ncbi.nlm.nih.gov/pubmed/36914875	Multi-ancestry genome-wide association analyses improve resolution of genes and pathways influencing lung function and chronic obstructive pulmonary disease risk.	Lung function (FEV1/FVC)	475,645 European ancestry individuals, 8,590 African ancestry individuals, 85,279 East Asian ancestry individuals, 4,270 South Asian ancestry individuals, 14,668 Hispanic or Latin American individuals	NA	17q21.33	17	49370984		ZNF652-AS1			ENSG00000248714			rs12952581-A	rs12952581	0	12952581	intron_variant	0	0.332	4E-11	10.397940008672037		6.608	z score decrease	Affymetrix, Illumina [63372103] (imputed)	N	FEV/FVC ratio	http://www.ebi.ac.uk/efo/EFO_0004713	GCST90244094	Genome-wide genotyping array
2023-12-12	36914875	Shrine N	2023-03-13	Nat Genet	www.ncbi.nlm.nih.gov/pubmed/36914875	Multi-ancestry genome-wide association analyses improve resolution of genes and pathways influencing lung function and chronic obstructive pulmonary disease risk.	Lung function (FEV1/FVC)	475,645 European ancestry individuals, 8,590 African ancestry individuals, 85,279 East Asian ancestry individuals, 4,270 South Asian ancestry individuals, 14,668 Hispanic or Latin American individuals	NA	10q24.32	10	102632823		SUFU			ENSG00000107882			rs11594179-T	rs11594179	0	11594179	3_prime_UTR_variant	0	0.208	4E-11	10.397940008672037		6.596	z score decrease	Affymetrix, Illumina [63372103] (imputed)	N	FEV/FVC ratio	http://www.ebi.ac.uk/efo/EFO_0004713	GCST90244094	Genome-wide genotyping array
2023-12-12	36914875	Shrine N	2023-03-13	Nat Genet	www.ncbi.nlm.nih.gov/pubmed/36914875	Multi-ancestry genome-wide association analyses improve resolution of genes and pathways influencing lung function and chronic obstructive pulmonary disease risk.	Lung function (FEV1/FVC)	475,645 European ancestry individuals, 8,590 African ancestry individuals, 85,279 East Asian ancestry individuals, 4,270 South Asian ancestry individuals, 14,668 Hispanic or Latin American individuals	NA	13q34	13	110398773		COL4A2			ENSG00000134871			rs61963203-T	rs61963203	0	61963203	intron_variant	0	0.979	5E-11	10.301029995663981		6.579	z score decrease	Affymetrix, Illumina [63372103] (imputed)	N	FEV/FVC ratio	http://www.ebi.ac.uk/efo/EFO_0004713	GCST90244094	Genome-wide genotyping array
2023-12-12	36914875	Shrine N	2023-03-13	Nat Genet	www.ncbi.nlm.nih.gov/pubmed/36914875	Multi-ancestry genome-wide association analyses improve resolution of genes and pathways influencing lung function and chronic obstructive pulmonary disease risk.	Lung function (FEV1/FVC)	475,645 European ancestry individuals, 8,590 African ancestry individuals, 85,279 East Asian ancestry individuals, 4,270 South Asian ancestry individuals, 14,668 Hispanic or Latin American individuals	NA	7p21.1	7	20293478		GIRGL - ITGB8-AS1	ENSG00000233834	ENSG00000271133		71768	34806	rs78446889-A	rs78446889	0	78446889	intron_variant	1	0.0504	5E-11	10.301029995663981		6.578	z score increase	Affymetrix, Illumina [63372103] (imputed)	N	FEV/FVC ratio	http://www.ebi.ac.uk/efo/EFO_0004713	GCST90244094	Genome-wide genotyping array
2023-12-12	36914875	Shrine N	2023-03-13	Nat Genet	www.ncbi.nlm.nih.gov/pubmed/36914875	Multi-ancestry genome-wide association analyses improve resolution of genes and pathways influencing lung function and chronic obstructive pulmonary disease risk.	Lung function (FEV1/FVC)	475,645 European ancestry individuals, 8,590 African ancestry individuals, 85,279 East Asian ancestry individuals, 4,270 South Asian ancestry individuals, 14,668 Hispanic or Latin American individuals	NA	6p22.3	6	22749672		LINC03005 - RPL6P18	ENSG00000306913	ENSG00000218476		31675	353008	rs4077636-A	rs4077636	0	4077636	intergenic_variant	1	0.524	5E-11	10.301029995663981		6.565	z score increase	Affymetrix, Illumina [63372103] (imputed)	N	FEV/FVC ratio	http://www.ebi.ac.uk/efo/EFO_0004713	GCST90244094	Genome-wide genotyping array
2023-12-12	36914875	Shrine N	2023-03-13	Nat Genet	www.ncbi.nlm.nih.gov/pubmed/36914875	Multi-ancestry genome-wide association analyses improve resolution of genes and pathways influencing lung function and chronic obstructive pulmonary disease risk.	Lung function (FEV1/FVC)	475,645 European ancestry individuals, 8,590 African ancestry individuals, 85,279 East Asian ancestry individuals, 4,270 South Asian ancestry individuals, 14,668 Hispanic or Latin American individuals	NA	20q13.12	20	45372675		SYS1-DBNDD2, TP53TG5, SYS1			ENSG00000254806, ENSG00000124251, ENSG00000204070			rs2249094-A	rs2249094	0	2249094	3_prime_UTR_variant	0	0.133	5E-11	10.301029995663981		6.563	z score decrease	Affymetrix, Illumina [63372103] (imputed)	N	FEV/FVC ratio	http://www.ebi.ac.uk/efo/EFO_0004713	GCST90244094	Genome-wide genotyping array
2023-12-12	36914875	Shrine N	2023-03-13	Nat Genet	www.ncbi.nlm.nih.gov/pubmed/36914875	Multi-ancestry genome-wide association analyses improve resolution of genes and pathways influencing lung function and chronic obstructive pulmonary disease risk.	Lung function (FEV1/FVC)	475,645 European ancestry individuals, 8,590 African ancestry individuals, 85,279 East Asian ancestry individuals, 4,270 South Asian ancestry individuals, 14,668 Hispanic or Latin American individuals	NA	14q24.3	14	74761944		FCF1 - YLPM1	ENSG00000119616	ENSG00000119596		23324	1372	rs7146395-A	rs7146395	0	7146395	intergenic_variant	1	0.318	5E-11	10.301029995663981		6.559	z score increase	Affymetrix, Illumina [63372103] (imputed)	N	FEV/FVC ratio	http://www.ebi.ac.uk/efo/EFO_0004713	GCST90244094	Genome-wide genotyping array
2023-12-12	36914875	Shrine N	2023-03-13	Nat Genet	www.ncbi.nlm.nih.gov/pubmed/36914875	Multi-ancestry genome-wide association analyses improve resolution of genes and pathways influencing lung function and chronic obstructive pulmonary disease risk.	Lung function (FEV1/FVC)	475,645 European ancestry individuals, 8,590 African ancestry individuals, 85,279 East Asian ancestry individuals, 4,270 South Asian ancestry individuals, 14,668 Hispanic or Latin American individuals	NA	15q22.33	15	67165360		SMAD3			ENSG00000166949			rs35874463-A	rs35874463	0	35874463	missense_variant	0	0.945	5E-11	10.301029995663981		6.559	z score increase	Affymetrix, Illumina [63372103] (imputed)	N	FEV/FVC ratio	http://www.ebi.ac.uk/efo/EFO_0004713	GCST90244094	Genome-wide genotyping array
2023-12-12	36914875	Shrine N	2023-03-13	Nat Genet	www.ncbi.nlm.nih.gov/pubmed/36914875	Multi-ancestry genome-wide association analyses improve resolution of genes and pathways influencing lung function and chronic obstructive pulmonary disease risk.	Lung function (FEV1/FVC)	475,645 European ancestry individuals, 8,590 African ancestry individuals, 85,279 East Asian ancestry individuals, 4,270 South Asian ancestry individuals, 14,668 Hispanic or Latin American individuals	NA	11p15.4	11	9240945		DENND5A			ENSG00000184014			rs9888193-T	rs9888193	0	9888193	intron_variant	0	0.694	6E-11	10.221848749616356		6.55	z score decrease	Affymetrix, Illumina [63372103] (imputed)	N	FEV/FVC ratio	http://www.ebi.ac.uk/efo/EFO_0004713	GCST90244094	Genome-wide genotyping array
2023-12-12	36914875	Shrine N	2023-03-13	Nat Genet	www.ncbi.nlm.nih.gov/pubmed/36914875	Multi-ancestry genome-wide association analyses improve resolution of genes and pathways influencing lung function and chronic obstructive pulmonary disease risk.	Lung function (FEV1/FVC)	475,645 European ancestry individuals, 8,590 African ancestry individuals, 85,279 East Asian ancestry individuals, 4,270 South Asian ancestry individuals, 14,668 Hispanic or Latin American individuals	NA	17q21.33	17	49830279		KAT7			ENSG00000136504			rs7221118-T	rs7221118	0	7221118	3_prime_UTR_variant	0	0.737	6E-11	10.221848749616356		6.547	z score decrease	Affymetrix, Illumina [63372103] (imputed)	N	FEV/FVC ratio	http://www.ebi.ac.uk/efo/EFO_0004713	GCST90244094	Genome-wide genotyping array
2023-12-12	36914875	Shrine N	2023-03-13	Nat Genet	www.ncbi.nlm.nih.gov/pubmed/36914875	Multi-ancestry genome-wide association analyses improve resolution of genes and pathways influencing lung function and chronic obstructive pulmonary disease risk.	Lung function (FEV1/FVC)	475,645 European ancestry individuals, 8,590 African ancestry individuals, 85,279 East Asian ancestry individuals, 4,270 South Asian ancestry individuals, 14,668 Hispanic or Latin American individuals	NA	14q12	14	32437880		AKAP6			ENSG00000151320			rs1957014-A	rs1957014	0	1957014	intron_variant	0	0.274	6E-11	10.221848749616356		6.54	z score decrease	Affymetrix, Illumina [63372103] (imputed)	N	FEV/FVC ratio	http://www.ebi.ac.uk/efo/EFO_0004713	GCST90244094	Genome-wide genotyping array
2023-12-12	36914875	Shrine N	2023-03-13	Nat Genet	www.ncbi.nlm.nih.gov/pubmed/36914875	Multi-ancestry genome-wide association analyses improve resolution of genes and pathways influencing lung function and chronic obstructive pulmonary disease risk.	Lung function (FEV1/FVC)	475,645 European ancestry individuals, 8,590 African ancestry individuals, 85,279 East Asian ancestry individuals, 4,270 South Asian ancestry individuals, 14,668 Hispanic or Latin American individuals	NA	10p12.31	10	20939599		NEBL			ENSG00000078114			rs11012405-A	rs11012405	0	11012405	intron_variant	0	0.633	7E-11	10.154901959985743		6.522	z score decrease	Affymetrix, Illumina [63372103] (imputed)	N	FEV/FVC ratio	http://www.ebi.ac.uk/efo/EFO_0004713	GCST90244094	Genome-wide genotyping array
2023-12-12	36914875	Shrine N	2023-03-13	Nat Genet	www.ncbi.nlm.nih.gov/pubmed/36914875	Multi-ancestry genome-wide association analyses improve resolution of genes and pathways influencing lung function and chronic obstructive pulmonary disease risk.	Lung function (FEV1/FVC)	475,645 European ancestry individuals, 8,590 African ancestry individuals, 85,279 East Asian ancestry individuals, 4,270 South Asian ancestry individuals, 14,668 Hispanic or Latin American individuals	NA	4q31.1	4	139391665		NAA15			ENSG00000164134			rs13119023-A	rs13119023	0	13119023	intergenic_variant	0	0.745	8E-11	10.096910013008056		6.509	z score increase	Affymetrix, Illumina [63372103] (imputed)	N	FEV/FVC ratio	http://www.ebi.ac.uk/efo/EFO_0004713	GCST90244094	Genome-wide genotyping array
2023-12-12	36914875	Shrine N	2023-03-13	Nat Genet	www.ncbi.nlm.nih.gov/pubmed/36914875	Multi-ancestry genome-wide association analyses improve resolution of genes and pathways influencing lung function and chronic obstructive pulmonary disease risk.	Lung function (FEV1/FVC)	475,645 European ancestry individuals, 8,590 African ancestry individuals, 85,279 East Asian ancestry individuals, 4,270 South Asian ancestry individuals, 14,668 Hispanic or Latin American individuals	NA	10p11.22	10	32368477		EPC1, EPC1-AS1			ENSG00000120616, ENSG00000229327			rs11597990-T	rs11597990	0	11597990	intron_variant	0	0.822	8E-11	10.096910013008056		6.494	z score decrease	Affymetrix, Illumina [63372103] (imputed)	N	FEV/FVC ratio	http://www.ebi.ac.uk/efo/EFO_0004713	GCST90244094	Genome-wide genotyping array
2023-12-12	36914875	Shrine N	2023-03-13	Nat Genet	www.ncbi.nlm.nih.gov/pubmed/36914875	Multi-ancestry genome-wide association analyses improve resolution of genes and pathways influencing lung function and chronic obstructive pulmonary disease risk.	Lung function (FEV1/FVC)	475,645 European ancestry individuals, 8,590 African ancestry individuals, 85,279 East Asian ancestry individuals, 4,270 South Asian ancestry individuals, 14,668 Hispanic or Latin American individuals	NA	4q12	4	54210178		GSX2 - RPL22P13	ENSG00000180613	ENSG00000242670		107680	10948	rs6831380-A	rs6831380	0	6831380	intron_variant	1	0.237	9E-11	10.045757490560675		6.486	z score increase	Affymetrix, Illumina [63372103] (imputed)	N	FEV/FVC ratio	http://www.ebi.ac.uk/efo/EFO_0004713	GCST90244094	Genome-wide genotyping array
2023-12-12	36914875	Shrine N	2023-03-13	Nat Genet	www.ncbi.nlm.nih.gov/pubmed/36914875	Multi-ancestry genome-wide association analyses improve resolution of genes and pathways influencing lung function and chronic obstructive pulmonary disease risk.	Lung function (FEV1/FVC)	475,645 European ancestry individuals, 8,590 African ancestry individuals, 85,279 East Asian ancestry individuals, 4,270 South Asian ancestry individuals, 14,668 Hispanic or Latin American individuals	NA	15q24.1	15	73640205		NPTN - CD276	ENSG00000156642	ENSG00000103855		6071	43761	rs77805607-T	rs77805607	0	77805607	intergenic_variant	1	0.967	9E-11	10.045757490560675		6.483	z score decrease	Affymetrix, Illumina [63372103] (imputed)	N	FEV/FVC ratio	http://www.ebi.ac.uk/efo/EFO_0004713	GCST90244094	Genome-wide genotyping array
2023-12-12	36914875	Shrine N	2023-03-13	Nat Genet	www.ncbi.nlm.nih.gov/pubmed/36914875	Multi-ancestry genome-wide association analyses improve resolution of genes and pathways influencing lung function and chronic obstructive pulmonary disease risk.	Lung function (FEV1/FVC)	475,645 European ancestry individuals, 8,590 African ancestry individuals, 85,279 East Asian ancestry individuals, 4,270 South Asian ancestry individuals, 14,668 Hispanic or Latin American individuals	NA	7p21.2	7	14866308		DGKB			ENSG00000136267			rs217554-A	rs217554	0	217554	intron_variant	0	0.615	9E-11	10.045757490560675		6.479	z score increase	Affymetrix, Illumina [63372103] (imputed)	N	FEV/FVC ratio	http://www.ebi.ac.uk/efo/EFO_0004713	GCST90244094	Genome-wide genotyping array
2023-12-12	36914875	Shrine N	2023-03-13	Nat Genet	www.ncbi.nlm.nih.gov/pubmed/36914875	Multi-ancestry genome-wide association analyses improve resolution of genes and pathways influencing lung function and chronic obstructive pulmonary disease risk.	Lung function (FEV1/FVC)	475,645 European ancestry individuals, 8,590 African ancestry individuals, 85,279 East Asian ancestry individuals, 4,270 South Asian ancestry individuals, 14,668 Hispanic or Latin American individuals	NA	16q23.1	16	75218429		CTRB2 - CTRB1	ENSG00000168928	ENSG00000168925		11268	559	rs8056814-A	rs8056814	0	8056814	intergenic_variant	1	0.1	1E-10	10.0		6.459	z score decrease	Affymetrix, Illumina [63372103] (imputed)	N	FEV/FVC ratio	http://www.ebi.ac.uk/efo/EFO_0004713	GCST90244094	Genome-wide genotyping array
2023-12-12	36914875	Shrine N	2023-03-13	Nat Genet	www.ncbi.nlm.nih.gov/pubmed/36914875	Multi-ancestry genome-wide association analyses improve resolution of genes and pathways influencing lung function and chronic obstructive pulmonary disease risk.	Lung function (FEV1/FVC)	475,645 European ancestry individuals, 8,590 African ancestry individuals, 85,279 East Asian ancestry individuals, 4,270 South Asian ancestry individuals, 14,668 Hispanic or Latin American individuals	NA	1p34.3	1	36322287		SH3D21, EVA1B			ENSG00000214193, ENSG00000142694			rs58971913-A	rs58971913	0	58971913	3_prime_UTR_variant	0	0.327	1E-10	10.0		6.457	z score increase	Affymetrix, Illumina [63372103] (imputed)	N	FEV/FVC ratio	http://www.ebi.ac.uk/efo/EFO_0004713	GCST90244094	Genome-wide genotyping array
2023-12-12	36914875	Shrine N	2023-03-13	Nat Genet	www.ncbi.nlm.nih.gov/pubmed/36914875	Multi-ancestry genome-wide association analyses improve resolution of genes and pathways influencing lung function and chronic obstructive pulmonary disease risk.	Lung function (FEV1/FVC)	475,645 European ancestry individuals, 8,590 African ancestry individuals, 85,279 East Asian ancestry individuals, 4,270 South Asian ancestry individuals, 14,668 Hispanic or Latin American individuals	NA	1q21.3	1	154549918		UBE2Q1			ENSG00000160714			rs72698179-A	rs72698179	0	72698179	3_prime_UTR_variant	0	0.0286	1E-10	10.0		6.448	z score decrease	Affymetrix, Illumina [63372103] (imputed)	N	FEV/FVC ratio	http://www.ebi.ac.uk/efo/EFO_0004713	GCST90244094	Genome-wide genotyping array
2023-12-12	36914875	Shrine N	2023-03-13	Nat Genet	www.ncbi.nlm.nih.gov/pubmed/36914875	Multi-ancestry genome-wide association analyses improve resolution of genes and pathways influencing lung function and chronic obstructive pulmonary disease risk.	Lung function (FEV1/FVC)	475,645 European ancestry individuals, 8,590 African ancestry individuals, 85,279 East Asian ancestry individuals, 4,270 South Asian ancestry individuals, 14,668 Hispanic or Latin American individuals	NA											chr12:1465365-CA	chr12:1465365	0			1	0.902	1E-10	10.0		6.44	z score decrease	Affymetrix, Illumina [63372103] (imputed)	N	FEV/FVC ratio	http://www.ebi.ac.uk/efo/EFO_0004713	GCST90244094	Genome-wide genotyping array
2023-12-12	36914875	Shrine N	2023-03-13	Nat Genet	www.ncbi.nlm.nih.gov/pubmed/36914875	Multi-ancestry genome-wide association analyses improve resolution of genes and pathways influencing lung function and chronic obstructive pulmonary disease risk.	Lung function (FEV1/FVC)	475,645 European ancestry individuals, 8,590 African ancestry individuals, 85,279 East Asian ancestry individuals, 4,270 South Asian ancestry individuals, 14,668 Hispanic or Latin American individuals	NA	8q24.13	8	125579110		TRIB1AL - LINC02964	ENSG00000253111	ENSG00000286122		37260	69121	rs1031498-C	rs1031498	0	1031498	intron_variant	1	0.531	1E-10	10.0		6.44	z score increase	Affymetrix, Illumina [63372103] (imputed)	N	FEV/FVC ratio	http://www.ebi.ac.uk/efo/EFO_0004713	GCST90244094	Genome-wide genotyping array
2023-12-12	36914875	Shrine N	2023-03-13	Nat Genet	www.ncbi.nlm.nih.gov/pubmed/36914875	Multi-ancestry genome-wide association analyses improve resolution of genes and pathways influencing lung function and chronic obstructive pulmonary disease risk.	Lung function (FEV1/FVC)	475,645 European ancestry individuals, 8,590 African ancestry individuals, 85,279 East Asian ancestry individuals, 4,270 South Asian ancestry individuals, 14,668 Hispanic or Latin American individuals	NA	Xq22.1	X	100784448		SYTL4 - PPIAP89	ENSG00000102362	ENSG00000223819		52297	15855	rs73250625-C	rs73250625	0	73250625	intergenic_variant	1	0.8324	1E-10	10.0		6.434	z score decrease	Affymetrix, Illumina [63372103] (imputed)	N	FEV/FVC ratio	http://www.ebi.ac.uk/efo/EFO_0004713	GCST90244094	Genome-wide genotyping array
2023-12-12	36914875	Shrine N	2023-03-13	Nat Genet	www.ncbi.nlm.nih.gov/pubmed/36914875	Multi-ancestry genome-wide association analyses improve resolution of genes and pathways influencing lung function and chronic obstructive pulmonary disease risk.	Lung function (FEV1/FVC)	475,645 European ancestry individuals, 8,590 African ancestry individuals, 85,279 East Asian ancestry individuals, 4,270 South Asian ancestry individuals, 14,668 Hispanic or Latin American individuals	NA	14q24.3	14	74518841		LTBP2			ENSG00000119681			rs4899518-A	rs4899518	0	4899518	intron_variant	0	0.206	1E-10	10.0		6.423	z score decrease	Affymetrix, Illumina [63372103] (imputed)	N	FEV/FVC ratio	http://www.ebi.ac.uk/efo/EFO_0004713	GCST90244094	Genome-wide genotyping array
2023-12-12	36914875	Shrine N	2023-03-13	Nat Genet	www.ncbi.nlm.nih.gov/pubmed/36914875	Multi-ancestry genome-wide association analyses improve resolution of genes and pathways influencing lung function and chronic obstructive pulmonary disease risk.	Lung function (FEV1/FVC)	475,645 European ancestry individuals, 8,590 African ancestry individuals, 85,279 East Asian ancestry individuals, 4,270 South Asian ancestry individuals, 14,668 Hispanic or Latin American individuals	NA	14q13.2	14	35420317		NFKBIA - DNAJC8P1	ENSG00000100906	ENSG00000259022		15568	9943	rs12434023-C	rs12434023	0	12434023	intron_variant	1	0.366	1E-10	10.0		6.419	z score decrease	Affymetrix, Illumina [63372103] (imputed)	N	FEV/FVC ratio	http://www.ebi.ac.uk/efo/EFO_0004713	GCST90244094	Genome-wide genotyping array
2023-12-12	36914875	Shrine N	2023-03-13	Nat Genet	www.ncbi.nlm.nih.gov/pubmed/36914875	Multi-ancestry genome-wide association analyses improve resolution of genes and pathways influencing lung function and chronic obstructive pulmonary disease risk.	Lung function (FEV1/FVC)	475,645 European ancestry individuals, 8,590 African ancestry individuals, 85,279 East Asian ancestry individuals, 4,270 South Asian ancestry individuals, 14,668 Hispanic or Latin American individuals	NA	1p31.1	1	77811292		MIGA1			ENSG00000180488			rs4121165-A	rs4121165	0	4121165	non_coding_transcript_exon_variant	0	0.233	1E-10	10.0		6.419	z score decrease	Affymetrix, Illumina [63372103] (imputed)	N	FEV/FVC ratio	http://www.ebi.ac.uk/efo/EFO_0004713	GCST90244094	Genome-wide genotyping array
2023-12-12	36914875	Shrine N	2023-03-13	Nat Genet	www.ncbi.nlm.nih.gov/pubmed/36914875	Multi-ancestry genome-wide association analyses improve resolution of genes and pathways influencing lung function and chronic obstructive pulmonary disease risk.	Lung function (FEV1/FVC)	475,645 European ancestry individuals, 8,590 African ancestry individuals, 85,279 East Asian ancestry individuals, 4,270 South Asian ancestry individuals, 14,668 Hispanic or Latin American individuals	NA	6p24.3	6	7214266		RREB1			ENSG00000124782			rs17672692-T	rs17672692	0	17672692	intron_variant	0	0.184	1E-10	10.0		6.414	z score decrease	Affymetrix, Illumina [63372103] (imputed)	N	FEV/FVC ratio	http://www.ebi.ac.uk/efo/EFO_0004713	GCST90244094	Genome-wide genotyping array
2023-12-12	36914875	Shrine N	2023-03-13	Nat Genet	www.ncbi.nlm.nih.gov/pubmed/36914875	Multi-ancestry genome-wide association analyses improve resolution of genes and pathways influencing lung function and chronic obstructive pulmonary disease risk.	Lung function (FEV1/FVC)	475,645 European ancestry individuals, 8,590 African ancestry individuals, 85,279 East Asian ancestry individuals, 4,270 South Asian ancestry individuals, 14,668 Hispanic or Latin American individuals	NA	6q21	6	108666981		FOXO3			ENSG00000118689			rs2153960-A	rs2153960	0	2153960	intron_variant	0	0.7	2E-10	9.698970004336019		6.401	z score increase	Affymetrix, Illumina [63372103] (imputed)	N	FEV/FVC ratio	http://www.ebi.ac.uk/efo/EFO_0004713	GCST90244094	Genome-wide genotyping array
2023-12-12	36914875	Shrine N	2023-03-13	Nat Genet	www.ncbi.nlm.nih.gov/pubmed/36914875	Multi-ancestry genome-wide association analyses improve resolution of genes and pathways influencing lung function and chronic obstructive pulmonary disease risk.	Lung function (FEV1/FVC)	475,645 European ancestry individuals, 8,590 African ancestry individuals, 85,279 East Asian ancestry individuals, 4,270 South Asian ancestry individuals, 14,668 Hispanic or Latin American individuals	NA	17q11.2	17	31907829		UTP6 - SUZ12	ENSG00000108651	ENSG00000178691		6083	29166	rs7209766-A	rs7209766	0	7209766	regulatory_region_variant	1	0.181	2E-10	9.698970004336019		6.402	z score increase	Affymetrix, Illumina [63372103] (imputed)	N	FEV/FVC ratio	http://www.ebi.ac.uk/efo/EFO_0004713	GCST90244094	Genome-wide genotyping array
2023-12-12	36914875	Shrine N	2023-03-13	Nat Genet	www.ncbi.nlm.nih.gov/pubmed/36914875	Multi-ancestry genome-wide association analyses improve resolution of genes and pathways influencing lung function and chronic obstructive pulmonary disease risk.	Lung function (FEV1/FVC)	475,645 European ancestry individuals, 8,590 African ancestry individuals, 85,279 East Asian ancestry individuals, 4,270 South Asian ancestry individuals, 14,668 Hispanic or Latin American individuals	NA	1p36.12	1	22214785		WNT4 - MIR4418	ENSG00000162552	ENSG00000266564		70816	51454	rs71638832-T	rs71638832	0	71638832	intron_variant	1	0.255	2E-10	9.698970004336019		6.396	z score decrease	Affymetrix, Illumina [63372103] (imputed)	N	FEV/FVC ratio	http://www.ebi.ac.uk/efo/EFO_0004713	GCST90244094	Genome-wide genotyping array
2023-12-12	36914875	Shrine N	2023-03-13	Nat Genet	www.ncbi.nlm.nih.gov/pubmed/36914875	Multi-ancestry genome-wide association analyses improve resolution of genes and pathways influencing lung function and chronic obstructive pulmonary disease risk.	Lung function (FEV1/FVC)	475,645 European ancestry individuals, 8,590 African ancestry individuals, 85,279 East Asian ancestry individuals, 4,270 South Asian ancestry individuals, 14,668 Hispanic or Latin American individuals	NA	12q23.1	12	95850695		SNRPF-DT			ENSG00000258343			rs12827484-A	rs12827484	0	12827484	intron_variant	0	0.813	2E-10	9.698970004336019		6.391	z score decrease	Affymetrix, Illumina [63372103] (imputed)	N	FEV/FVC ratio	http://www.ebi.ac.uk/efo/EFO_0004713	GCST90244094	Genome-wide genotyping array
2023-12-12	36914875	Shrine N	2023-03-13	Nat Genet	www.ncbi.nlm.nih.gov/pubmed/36914875	Multi-ancestry genome-wide association analyses improve resolution of genes and pathways influencing lung function and chronic obstructive pulmonary disease risk.	Lung function (FEV1/FVC)	475,645 European ancestry individuals, 8,590 African ancestry individuals, 85,279 East Asian ancestry individuals, 4,270 South Asian ancestry individuals, 14,668 Hispanic or Latin American individuals	NA	1p32.3	1	50896226		FAF1			ENSG00000185104			rs553050641-A	rs553050641	0	553050641	intron_variant	0	0.0037	2E-10	9.698970004336019		6.383	z score increase	Affymetrix, Illumina [63372103] (imputed)	N	FEV/FVC ratio	http://www.ebi.ac.uk/efo/EFO_0004713	GCST90244094	Genome-wide genotyping array
2023-12-12	36914875	Shrine N	2023-03-13	Nat Genet	www.ncbi.nlm.nih.gov/pubmed/36914875	Multi-ancestry genome-wide association analyses improve resolution of genes and pathways influencing lung function and chronic obstructive pulmonary disease risk.	Lung function (FEV1/FVC)	475,645 European ancestry individuals, 8,590 African ancestry individuals, 85,279 East Asian ancestry individuals, 4,270 South Asian ancestry individuals, 14,668 Hispanic or Latin American individuals	NA	1q23.3	1	163784517		RNA5SP63 - U3	ENSG00000212527	ENSG00000221496		274922	139153	rs10917848-A	rs10917848	0	10917848	intron_variant	1	0.401	2E-10	9.698970004336019		6.381	z score decrease	Affymetrix, Illumina [63372103] (imputed)	N	FEV/FVC ratio	http://www.ebi.ac.uk/efo/EFO_0004713	GCST90244094	Genome-wide genotyping array
2023-12-12	36914875	Shrine N	2023-03-13	Nat Genet	www.ncbi.nlm.nih.gov/pubmed/36914875	Multi-ancestry genome-wide association analyses improve resolution of genes and pathways influencing lung function and chronic obstructive pulmonary disease risk.	Lung function (FEV1/FVC)	475,645 European ancestry individuals, 8,590 African ancestry individuals, 85,279 East Asian ancestry individuals, 4,270 South Asian ancestry individuals, 14,668 Hispanic or Latin American individuals	NA	Xq26.1	X	129924761		UTP14A			ENSG00000156697			rs2281277-A	rs2281277	0	2281277	intron_variant	0	0.8657	2E-10	9.698970004336019		6.353	z score decrease	Affymetrix, Illumina [63372103] (imputed)	N	FEV/FVC ratio	http://www.ebi.ac.uk/efo/EFO_0004713	GCST90244094	Genome-wide genotyping array
2023-12-12	36914875	Shrine N	2023-03-13	Nat Genet	www.ncbi.nlm.nih.gov/pubmed/36914875	Multi-ancestry genome-wide association analyses improve resolution of genes and pathways influencing lung function and chronic obstructive pulmonary disease risk.	Lung function (FEV1/FVC)	475,645 European ancestry individuals, 8,590 African ancestry individuals, 85,279 East Asian ancestry individuals, 4,270 South Asian ancestry individuals, 14,668 Hispanic or Latin American individuals	NA	4p16.1	4	6732680		BLOC1S4 - KIAA0232	ENSG00000186222	ENSG00000170871		15016	48695	rs17794883-A	rs17794883	0	17794883	regulatory_region_variant	1	0.239	2E-10	9.698970004336019		6.329	z score increase	Affymetrix, Illumina [63372103] (imputed)	N	FEV/FVC ratio	http://www.ebi.ac.uk/efo/EFO_0004713	GCST90244094	Genome-wide genotyping array
2023-12-12	36914875	Shrine N	2023-03-13	Nat Genet	www.ncbi.nlm.nih.gov/pubmed/36914875	Multi-ancestry genome-wide association analyses improve resolution of genes and pathways influencing lung function and chronic obstructive pulmonary disease risk.	Lung function (FEV1/FVC)	475,645 European ancestry individuals, 8,590 African ancestry individuals, 85,279 East Asian ancestry individuals, 4,270 South Asian ancestry individuals, 14,668 Hispanic or Latin American individuals	NA	12p12.3	12	18906020		CAPZA3 - RPL7P6	ENSG00000177938	ENSG00000227525		166832	183131	rs10743288-A	rs10743288	0	10743288	intergenic_variant	1	0.855	3E-10	9.522878745280337		6.304	z score decrease	Affymetrix, Illumina [63372103] (imputed)	N	FEV/FVC ratio	http://www.ebi.ac.uk/efo/EFO_0004713	GCST90244094	Genome-wide genotyping array
2023-12-12	36914875	Shrine N	2023-03-13	Nat Genet	www.ncbi.nlm.nih.gov/pubmed/36914875	Multi-ancestry genome-wide association analyses improve resolution of genes and pathways influencing lung function and chronic obstructive pulmonary disease risk.	Lung function (FEV1/FVC)	475,645 European ancestry individuals, 8,590 African ancestry individuals, 85,279 East Asian ancestry individuals, 4,270 South Asian ancestry individuals, 14,668 Hispanic or Latin American individuals	NA	1p13.3	1	111195486		DENND2D			ENSG00000162777			rs629619-T	rs629619	0	629619	intron_variant	0	0.196	3E-10	9.522878745280337		6.291	z score decrease	Affymetrix, Illumina [63372103] (imputed)	N	FEV/FVC ratio	http://www.ebi.ac.uk/efo/EFO_0004713	GCST90244094	Genome-wide genotyping array
2023-12-12	36914875	Shrine N	2023-03-13	Nat Genet	www.ncbi.nlm.nih.gov/pubmed/36914875	Multi-ancestry genome-wide association analyses improve resolution of genes and pathways influencing lung function and chronic obstructive pulmonary disease risk.	Lung function (FEV1/FVC)	475,645 European ancestry individuals, 8,590 African ancestry individuals, 85,279 East Asian ancestry individuals, 4,270 South Asian ancestry individuals, 14,668 Hispanic or Latin American individuals	NA	2q22.3	2	143518218		ARHGAP15			ENSG00000075884			rs12691682-A	rs12691682	0	12691682	intron_variant	0	0.578	3E-10	9.522878745280337		6.283	z score increase	Affymetrix, Illumina [63372103] (imputed)	N	FEV/FVC ratio	http://www.ebi.ac.uk/efo/EFO_0004713	GCST90244094	Genome-wide genotyping array
2023-12-12	36914875	Shrine N	2023-03-13	Nat Genet	www.ncbi.nlm.nih.gov/pubmed/36914875	Multi-ancestry genome-wide association analyses improve resolution of genes and pathways influencing lung function and chronic obstructive pulmonary disease risk.	Lung function (FEV1/FVC)	475,645 European ancestry individuals, 8,590 African ancestry individuals, 85,279 East Asian ancestry individuals, 4,270 South Asian ancestry individuals, 14,668 Hispanic or Latin American individuals	NA	1q25.3	1	183237438		LAMC2			ENSG00000058085			rs1047981-A	rs1047981	0	1047981	synonymous_variant	0	0.218	4E-10	9.397940008672037		6.274	z score decrease	Affymetrix, Illumina [63372103] (imputed)	N	FEV/FVC ratio	http://www.ebi.ac.uk/efo/EFO_0004713	GCST90244094	Genome-wide genotyping array
2023-12-12	36914875	Shrine N	2023-03-13	Nat Genet	www.ncbi.nlm.nih.gov/pubmed/36914875	Multi-ancestry genome-wide association analyses improve resolution of genes and pathways influencing lung function and chronic obstructive pulmonary disease risk.	Lung function (FEV1/FVC)	475,645 European ancestry individuals, 8,590 African ancestry individuals, 85,279 East Asian ancestry individuals, 4,270 South Asian ancestry individuals, 14,668 Hispanic or Latin American individuals	NA	3p14.1	3	64871628		ADAMTS9-AS2			ENSG00000241684			rs704433-A	rs704433	0	704433	intron_variant	0	0.238	4E-10	9.397940008672037		6.269	z score decrease	Affymetrix, Illumina [63372103] (imputed)	N	FEV/FVC ratio	http://www.ebi.ac.uk/efo/EFO_0004713	GCST90244094	Genome-wide genotyping array
2023-12-12	36914875	Shrine N	2023-03-13	Nat Genet	www.ncbi.nlm.nih.gov/pubmed/36914875	Multi-ancestry genome-wide association analyses improve resolution of genes and pathways influencing lung function and chronic obstructive pulmonary disease risk.	Lung function (FEV1/FVC)	475,645 European ancestry individuals, 8,590 African ancestry individuals, 85,279 East Asian ancestry individuals, 4,270 South Asian ancestry individuals, 14,668 Hispanic or Latin American individuals	NA	11q21	11	95996712		MAML2			ENSG00000184384			rs10501835-A	rs10501835	0	10501835	intron_variant	0	0.156	4E-10	9.397940008672037		6.254	z score increase	Affymetrix, Illumina [63372103] (imputed)	N	FEV/FVC ratio	http://www.ebi.ac.uk/efo/EFO_0004713	GCST90244094	Genome-wide genotyping array
2023-12-12	36914875	Shrine N	2023-03-13	Nat Genet	www.ncbi.nlm.nih.gov/pubmed/36914875	Multi-ancestry genome-wide association analyses improve resolution of genes and pathways influencing lung function and chronic obstructive pulmonary disease risk.	Lung function (FEV1/FVC)	475,645 European ancestry individuals, 8,590 African ancestry individuals, 85,279 East Asian ancestry individuals, 4,270 South Asian ancestry individuals, 14,668 Hispanic or Latin American individuals	NA											chr15:51050963-T	chr15:51050963	0			1	0.224	4E-10	9.397940008672037		6.244	z score decrease	Affymetrix, Illumina [63372103] (imputed)	N	FEV/FVC ratio	http://www.ebi.ac.uk/efo/EFO_0004713	GCST90244094	Genome-wide genotyping array
2023-12-12	36914875	Shrine N	2023-03-13	Nat Genet	www.ncbi.nlm.nih.gov/pubmed/36914875	Multi-ancestry genome-wide association analyses improve resolution of genes and pathways influencing lung function and chronic obstructive pulmonary disease risk.	Lung function (FEV1/FVC)	475,645 European ancestry individuals, 8,590 African ancestry individuals, 85,279 East Asian ancestry individuals, 4,270 South Asian ancestry individuals, 14,668 Hispanic or Latin American individuals	NA	6q24.1	6	141011197		RPS3AP24 - RN7SKP106	ENSG00000217684	ENSG00000222764		248935	474944	rs7740406-T	rs7740406	0	7740406	intron_variant	1	0.712	5E-10	9.301029995663981		6.235	z score decrease	Affymetrix, Illumina [63372103] (imputed)	N	FEV/FVC ratio	http://www.ebi.ac.uk/efo/EFO_0004713	GCST90244094	Genome-wide genotyping array
2023-12-12	36914875	Shrine N	2023-03-13	Nat Genet	www.ncbi.nlm.nih.gov/pubmed/36914875	Multi-ancestry genome-wide association analyses improve resolution of genes and pathways influencing lung function and chronic obstructive pulmonary disease risk.	Lung function (FEV1/FVC)	475,645 European ancestry individuals, 8,590 African ancestry individuals, 85,279 East Asian ancestry individuals, 4,270 South Asian ancestry individuals, 14,668 Hispanic or Latin American individuals	NA	2q14.2	2	120098364		EPB41L5			ENSG00000115109			rs4849821-T	rs4849821	0	4849821	intron_variant	0	0.728	5E-10	9.301029995663981		6.233	z score decrease	Affymetrix, Illumina [63372103] (imputed)	N	FEV/FVC ratio	http://www.ebi.ac.uk/efo/EFO_0004713	GCST90244094	Genome-wide genotyping array
2023-12-12	36914875	Shrine N	2023-03-13	Nat Genet	www.ncbi.nlm.nih.gov/pubmed/36914875	Multi-ancestry genome-wide association analyses improve resolution of genes and pathways influencing lung function and chronic obstructive pulmonary disease risk.	Lung function (FEV1/FVC)	475,645 European ancestry individuals, 8,590 African ancestry individuals, 85,279 East Asian ancestry individuals, 4,270 South Asian ancestry individuals, 14,668 Hispanic or Latin American individuals	NA	14q13.3	14	36217398		LINC00609			ENSG00000257585			rs10132289-T	rs10132289	0	10132289	intron_variant	0	0.554	5E-10	9.301029995663981		6.231	z score increase	Affymetrix, Illumina [63372103] (imputed)	N	FEV/FVC ratio	http://www.ebi.ac.uk/efo/EFO_0004713	GCST90244094	Genome-wide genotyping array
2023-12-12	36914875	Shrine N	2023-03-13	Nat Genet	www.ncbi.nlm.nih.gov/pubmed/36914875	Multi-ancestry genome-wide association analyses improve resolution of genes and pathways influencing lung function and chronic obstructive pulmonary disease risk.	Lung function (FEV1/FVC)	475,645 European ancestry individuals, 8,590 African ancestry individuals, 85,279 East Asian ancestry individuals, 4,270 South Asian ancestry individuals, 14,668 Hispanic or Latin American individuals	NA	9q21.32	9	82129358		DDX10P2 - MTCO3P40	ENSG00000230360	ENSG00000228046		40590	297992	rs7048006-T	rs7048006	0	7048006	intron_variant	1	0.534	5E-10	9.301029995663981		6.228	z score increase	Affymetrix, Illumina [63372103] (imputed)	N	FEV/FVC ratio	http://www.ebi.ac.uk/efo/EFO_0004713	GCST90244094	Genome-wide genotyping array
2023-12-12	36914875	Shrine N	2023-03-13	Nat Genet	www.ncbi.nlm.nih.gov/pubmed/36914875	Multi-ancestry genome-wide association analyses improve resolution of genes and pathways influencing lung function and chronic obstructive pulmonary disease risk.	Lung function (FEV1/FVC)	475,645 European ancestry individuals, 8,590 African ancestry individuals, 85,279 East Asian ancestry individuals, 4,270 South Asian ancestry individuals, 14,668 Hispanic or Latin American individuals	NA	8p11.23	8	38474731		FGFR1 - LINC03042	ENSG00000077782	ENSG00000196166		5897	36103	rs881299-T	rs881299	0	881299	intron_variant	1	0.597	5E-10	9.301029995663981		6.227	z score decrease	Affymetrix, Illumina [63372103] (imputed)	N	FEV/FVC ratio	http://www.ebi.ac.uk/efo/EFO_0004713	GCST90244094	Genome-wide genotyping array
2023-12-12	36914875	Shrine N	2023-03-13	Nat Genet	www.ncbi.nlm.nih.gov/pubmed/36914875	Multi-ancestry genome-wide association analyses improve resolution of genes and pathways influencing lung function and chronic obstructive pulmonary disease risk.	Lung function (FEV1)	475,645 European ancestry individuals, 8,590 African ancestry individuals, 85,279 East Asian ancestry individuals, 4,270 South Asian ancestry individuals, 14,668 Hispanic or Latin American individuals	NA	3q13.32	3	119280463		B4GALT4-AS1			ENSG00000240254			rs16829666-A	rs16829666	0	16829666	intron_variant	0	0.897	3E-15	14.522878745280337		7.878	z score increase	Affymetrix, Illumina [63380712] (imputed)	N	forced expiratory volume	http://www.ebi.ac.uk/efo/EFO_0004314	GCST90244092	Genome-wide genotyping array
2023-12-12	36914875	Shrine N	2023-03-13	Nat Genet	www.ncbi.nlm.nih.gov/pubmed/36914875	Multi-ancestry genome-wide association analyses improve resolution of genes and pathways influencing lung function and chronic obstructive pulmonary disease risk.	Lung function (FEV1)	475,645 European ancestry individuals, 8,590 African ancestry individuals, 85,279 East Asian ancestry individuals, 4,270 South Asian ancestry individuals, 14,668 Hispanic or Latin American individuals	NA	9p24.3	9	1533064		RNA5SP279 - SMARCA2	ENSG00000202383	ENSG00000080503		199111	447226	rs1114132-A	rs1114132	0	1114132	intergenic_variant	1	0.322	4E-15	14.397940008672037		7.841	z score decrease	Affymetrix, Illumina [63380712] (imputed)	N	forced expiratory volume	http://www.ebi.ac.uk/efo/EFO_0004314	GCST90244092	Genome-wide genotyping array
2023-12-12	36914875	Shrine N	2023-03-13	Nat Genet	www.ncbi.nlm.nih.gov/pubmed/36914875	Multi-ancestry genome-wide association analyses improve resolution of genes and pathways influencing lung function and chronic obstructive pulmonary disease risk.	Lung function (FEV1)	475,645 European ancestry individuals, 8,590 African ancestry individuals, 85,279 East Asian ancestry individuals, 4,270 South Asian ancestry individuals, 14,668 Hispanic or Latin American individuals	NA	6p22.3	6	22057337		CASC15			ENSG00000272168			rs55775505-T	rs55775505	0	55775505	intron_variant	0	0.313	5E-15	14.301029995663981		7.836	z score decrease	Affymetrix, Illumina [63380712] (imputed)	N	forced expiratory volume	http://www.ebi.ac.uk/efo/EFO_0004314	GCST90244092	Genome-wide genotyping array
2023-12-12	36914875	Shrine N	2023-03-13	Nat Genet	www.ncbi.nlm.nih.gov/pubmed/36914875	Multi-ancestry genome-wide association analyses improve resolution of genes and pathways influencing lung function and chronic obstructive pulmonary disease risk.	Lung function (FEV1)	475,645 European ancestry individuals, 8,590 African ancestry individuals, 85,279 East Asian ancestry individuals, 4,270 South Asian ancestry individuals, 14,668 Hispanic or Latin American individuals	NA	6p22.3	6	19842430		ID4 - RPL29P17	ENSG00000172201	ENSG00000229700		233	200025	rs9350191-T	rs9350191	0	9350191	intergenic_variant	1	0.867	5E-15	14.301029995663981		7.835	z score decrease	Affymetrix, Illumina [63380712] (imputed)	N	forced expiratory volume	http://www.ebi.ac.uk/efo/EFO_0004314	GCST90244092	Genome-wide genotyping array
2023-12-12	36914875	Shrine N	2023-03-13	Nat Genet	www.ncbi.nlm.nih.gov/pubmed/36914875	Multi-ancestry genome-wide association analyses improve resolution of genes and pathways influencing lung function and chronic obstructive pulmonary disease risk.	Lung function (FEV1)	475,645 European ancestry individuals, 8,590 African ancestry individuals, 85,279 East Asian ancestry individuals, 4,270 South Asian ancestry individuals, 14,668 Hispanic or Latin American individuals	NA	2q11.2	2	99956893		AFF3			ENSG00000144218			rs56332326-T	rs56332326	0	56332326	intron_variant	0	0.859	6E-15	14.221848749616356		7.795	z score increase	Affymetrix, Illumina [63380712] (imputed)	N	forced expiratory volume	http://www.ebi.ac.uk/efo/EFO_0004314	GCST90244092	Genome-wide genotyping array
2023-12-12	36914875	Shrine N	2023-03-13	Nat Genet	www.ncbi.nlm.nih.gov/pubmed/36914875	Multi-ancestry genome-wide association analyses improve resolution of genes and pathways influencing lung function and chronic obstructive pulmonary disease risk.	Lung function (FEV1)	475,645 European ancestry individuals, 8,590 African ancestry individuals, 85,279 East Asian ancestry individuals, 4,270 South Asian ancestry individuals, 14,668 Hispanic or Latin American individuals	NA	1p36.12	1	22330627		PPIAP34 - ZBTB40	ENSG00000234397	ENSG00000184677		7296	98211	rs35274107-T	rs35274107	0	35274107	intergenic_variant	1	0.369	6E-15	14.221848749616356		7.794	z score decrease	Affymetrix, Illumina [63380712] (imputed)	N	forced expiratory volume	http://www.ebi.ac.uk/efo/EFO_0004314	GCST90244092	Genome-wide genotyping array
2023-12-12	36914875	Shrine N	2023-03-13	Nat Genet	www.ncbi.nlm.nih.gov/pubmed/36914875	Multi-ancestry genome-wide association analyses improve resolution of genes and pathways influencing lung function and chronic obstructive pulmonary disease risk.	Lung function (FEV1)	475,645 European ancestry individuals, 8,590 African ancestry individuals, 85,279 East Asian ancestry individuals, 4,270 South Asian ancestry individuals, 14,668 Hispanic or Latin American individuals	NA	1p36.11	1	26430365		DHDDS-AS1			ENSG00000225891			rs17261915-T	rs17261915	0	17261915	intergenic_variant	0	0.766	1E-14	14.0		7.697	z score increase	Affymetrix, Illumina [63380712] (imputed)	N	forced expiratory volume	http://www.ebi.ac.uk/efo/EFO_0004314	GCST90244092	Genome-wide genotyping array
2023-12-12	36914875	Shrine N	2023-03-13	Nat Genet	www.ncbi.nlm.nih.gov/pubmed/36914875	Multi-ancestry genome-wide association analyses improve resolution of genes and pathways influencing lung function and chronic obstructive pulmonary disease risk.	Lung function (FEV1)	475,645 European ancestry individuals, 8,590 African ancestry individuals, 85,279 East Asian ancestry individuals, 4,270 South Asian ancestry individuals, 14,668 Hispanic or Latin American individuals	NA	3p21.1	3	53668368		CACNA1D			ENSG00000157388			rs3774524-A	rs3774524	0	3774524	intron_variant	0	0.808	1E-14	14.0		7.689	z score increase	Affymetrix, Illumina [63380712] (imputed)	N	forced expiratory volume	http://www.ebi.ac.uk/efo/EFO_0004314	GCST90244092	Genome-wide genotyping array
2023-12-12	36914875	Shrine N	2023-03-13	Nat Genet	www.ncbi.nlm.nih.gov/pubmed/36914875	Multi-ancestry genome-wide association analyses improve resolution of genes and pathways influencing lung function and chronic obstructive pulmonary disease risk.	Lung function (FEV1)	475,645 European ancestry individuals, 8,590 African ancestry individuals, 85,279 East Asian ancestry individuals, 4,270 South Asian ancestry individuals, 14,668 Hispanic or Latin American individuals	NA	19p13.2	19	10700991		ILF3 - QTRT1	ENSG00000129351	ENSG00000213339		8576	439	rs4804520-T	rs4804520	0	4804520	regulatory_region_variant	1	0.526	2E-14	13.698970004336019		7.662	z score decrease	Affymetrix, Illumina [63380712] (imputed)	N	forced expiratory volume	http://www.ebi.ac.uk/efo/EFO_0004314	GCST90244092	Genome-wide genotyping array
2023-12-12	36914875	Shrine N	2023-03-13	Nat Genet	www.ncbi.nlm.nih.gov/pubmed/36914875	Multi-ancestry genome-wide association analyses improve resolution of genes and pathways influencing lung function and chronic obstructive pulmonary disease risk.	Lung function (FEV1)	475,645 European ancestry individuals, 8,590 African ancestry individuals, 85,279 East Asian ancestry individuals, 4,270 South Asian ancestry individuals, 14,668 Hispanic or Latin American individuals	NA	5q23.2	5	123419554		CEP120			ENSG00000168944			rs566909063-CAA	rs566909063	0	566909063	intron_variant	0	0.395	2E-14	13.698970004336019		7.658	z score decrease	Affymetrix, Illumina [63380712] (imputed)	N	forced expiratory volume	http://www.ebi.ac.uk/efo/EFO_0004314	GCST90244092	Genome-wide genotyping array
2023-12-12	36914875	Shrine N	2023-03-13	Nat Genet	www.ncbi.nlm.nih.gov/pubmed/36914875	Multi-ancestry genome-wide association analyses improve resolution of genes and pathways influencing lung function and chronic obstructive pulmonary disease risk.	Lung function (FEV1)	475,645 European ancestry individuals, 8,590 African ancestry individuals, 85,279 East Asian ancestry individuals, 4,270 South Asian ancestry individuals, 14,668 Hispanic or Latin American individuals	NA	9p22.2	9	16986114		BNC2 - RN7SL720P	ENSG00000173068	ENSG00000241152		115212	67787	rs7029491-C	rs7029491	0	7029491	intron_variant	1	0.657	2E-14	13.698970004336019		7.644	z score decrease	Affymetrix, Illumina [63380712] (imputed)	N	forced expiratory volume	http://www.ebi.ac.uk/efo/EFO_0004314	GCST90244092	Genome-wide genotyping array
2023-12-12	36914875	Shrine N	2023-03-13	Nat Genet	www.ncbi.nlm.nih.gov/pubmed/36914875	Multi-ancestry genome-wide association analyses improve resolution of genes and pathways influencing lung function and chronic obstructive pulmonary disease risk.	Lung function (FEV1)	475,645 European ancestry individuals, 8,590 African ancestry individuals, 85,279 East Asian ancestry individuals, 4,270 South Asian ancestry individuals, 14,668 Hispanic or Latin American individuals	NA	18q11.2	18	23155444		CABLES1			ENSG00000134508			rs4369779-T	rs4369779	0	4369779	intron_variant	0	0.209	2E-14	13.698970004336019		7.641	z score increase	Affymetrix, Illumina [63380712] (imputed)	N	forced expiratory volume	http://www.ebi.ac.uk/efo/EFO_0004314	GCST90244092	Genome-wide genotyping array
2023-12-12	36914875	Shrine N	2023-03-13	Nat Genet	www.ncbi.nlm.nih.gov/pubmed/36914875	Multi-ancestry genome-wide association analyses improve resolution of genes and pathways influencing lung function and chronic obstructive pulmonary disease risk.	Lung function (FEV1)	475,645 European ancestry individuals, 8,590 African ancestry individuals, 85,279 East Asian ancestry individuals, 4,270 South Asian ancestry individuals, 14,668 Hispanic or Latin American individuals	NA	11q13.2	11	66550854		ACTN3			ENSG00000248746			rs57127845-T	rs57127845	0	57127845	intron_variant	0	0.147	2E-14	13.698970004336019		7.627	z score increase	Affymetrix, Illumina [63380712] (imputed)	N	forced expiratory volume	http://www.ebi.ac.uk/efo/EFO_0004314	GCST90244092	Genome-wide genotyping array
2023-12-12	36914875	Shrine N	2023-03-13	Nat Genet	www.ncbi.nlm.nih.gov/pubmed/36914875	Multi-ancestry genome-wide association analyses improve resolution of genes and pathways influencing lung function and chronic obstructive pulmonary disease risk.	Lung function (FEV1)	475,645 European ancestry individuals, 8,590 African ancestry individuals, 85,279 East Asian ancestry individuals, 4,270 South Asian ancestry individuals, 14,668 Hispanic or Latin American individuals	NA	5p15.33	5	658045		CEP72			ENSG00000112877			rs4957082-T	rs4957082	0	4957082	intergenic_variant	0	0.191	3E-14	13.522878745280337		7.599	z score decrease	Affymetrix, Illumina [63380712] (imputed)	N	forced expiratory volume	http://www.ebi.ac.uk/efo/EFO_0004314	GCST90244092	Genome-wide genotyping array
2023-12-12	36914875	Shrine N	2023-03-13	Nat Genet	www.ncbi.nlm.nih.gov/pubmed/36914875	Multi-ancestry genome-wide association analyses improve resolution of genes and pathways influencing lung function and chronic obstructive pulmonary disease risk.	Lung function (FEV1)	475,645 European ancestry individuals, 8,590 African ancestry individuals, 85,279 East Asian ancestry individuals, 4,270 South Asian ancestry individuals, 14,668 Hispanic or Latin American individuals	NA	11p11.2	11	45223352		PRDM11			ENSG00000019485			rs10838435-C	rs10838435	0	10838435	intron_variant	0	0.202	3E-14	13.522878745280337		7.581	z score increase	Affymetrix, Illumina [63380712] (imputed)	N	forced expiratory volume	http://www.ebi.ac.uk/efo/EFO_0004314	GCST90244092	Genome-wide genotyping array
2023-12-12	36914875	Shrine N	2023-03-13	Nat Genet	www.ncbi.nlm.nih.gov/pubmed/36914875	Multi-ancestry genome-wide association analyses improve resolution of genes and pathways influencing lung function and chronic obstructive pulmonary disease risk.	Lung function (FEV1)	475,645 European ancestry individuals, 8,590 African ancestry individuals, 85,279 East Asian ancestry individuals, 4,270 South Asian ancestry individuals, 14,668 Hispanic or Latin American individuals	NA	3q22.2	3	134582221		CEP63			ENSG00000182923			rs754129950-T	rs754129950	0	754129950	intron_variant	0	0.702	5E-14	13.301029995663981		7.538	z score decrease	Affymetrix, Illumina [63380712] (imputed)	N	forced expiratory volume	http://www.ebi.ac.uk/efo/EFO_0004314	GCST90244092	Genome-wide genotyping array
2023-12-12	36914875	Shrine N	2023-03-13	Nat Genet	www.ncbi.nlm.nih.gov/pubmed/36914875	Multi-ancestry genome-wide association analyses improve resolution of genes and pathways influencing lung function and chronic obstructive pulmonary disease risk.	Lung function (FEV1)	475,645 European ancestry individuals, 8,590 African ancestry individuals, 85,279 East Asian ancestry individuals, 4,270 South Asian ancestry individuals, 14,668 Hispanic or Latin American individuals	NA	3p21.31	3	49831725		TRAIP			ENSG00000183763			rs695238-A	rs695238	0	695238	intron_variant	0	0.553	5E-14	13.301029995663981		7.534	z score increase	Affymetrix, Illumina [63380712] (imputed)	N	forced expiratory volume	http://www.ebi.ac.uk/efo/EFO_0004314	GCST90244092	Genome-wide genotyping array
2023-12-12	36914875	Shrine N	2023-03-13	Nat Genet	www.ncbi.nlm.nih.gov/pubmed/36914875	Multi-ancestry genome-wide association analyses improve resolution of genes and pathways influencing lung function and chronic obstructive pulmonary disease risk.	Lung function (FEV1)	475,645 European ancestry individuals, 8,590 African ancestry individuals, 85,279 East Asian ancestry individuals, 4,270 South Asian ancestry individuals, 14,668 Hispanic or Latin American individuals	NA	16p11.2	16	28835925		ATXN2L			ENSG00000168488			rs12928404-T	rs12928404	0	12928404	splice_region_variant	0	0.584	6E-14	13.221848749616356		7.515	z score increase	Affymetrix, Illumina [63380712] (imputed)	N	forced expiratory volume	http://www.ebi.ac.uk/efo/EFO_0004314	GCST90244092	Genome-wide genotyping array
2023-12-12	36914875	Shrine N	2023-03-13	Nat Genet	www.ncbi.nlm.nih.gov/pubmed/36914875	Multi-ancestry genome-wide association analyses improve resolution of genes and pathways influencing lung function and chronic obstructive pulmonary disease risk.	Lung function (FEV1)	475,645 European ancestry individuals, 8,590 African ancestry individuals, 85,279 East Asian ancestry individuals, 4,270 South Asian ancestry individuals, 14,668 Hispanic or Latin American individuals	NA	14q24.3	14	74438928		SYNDIG1L - NPC2	ENSG00000183379	ENSG00000119655		12718	37264	rs7144263-T	rs7144263	0	7144263	intergenic_variant	1	0.538	7E-14	13.154901959985743		7.482	z score decrease	Affymetrix, Illumina [63380712] (imputed)	N	forced expiratory volume	http://www.ebi.ac.uk/efo/EFO_0004314	GCST90244092	Genome-wide genotyping array
2023-12-12	36914875	Shrine N	2023-03-13	Nat Genet	www.ncbi.nlm.nih.gov/pubmed/36914875	Multi-ancestry genome-wide association analyses improve resolution of genes and pathways influencing lung function and chronic obstructive pulmonary disease risk.	Lung function (FEV1)	475,645 European ancestry individuals, 8,590 African ancestry individuals, 85,279 East Asian ancestry individuals, 4,270 South Asian ancestry individuals, 14,668 Hispanic or Latin American individuals	NA	1q25.3	1	183345506		NMNAT2			ENSG00000157064			rs1360277-A	rs1360277	0	1360277	intron_variant	0	0.624	8E-14	13.096910013008056		7.466	z score decrease	Affymetrix, Illumina [63380712] (imputed)	N	forced expiratory volume	http://www.ebi.ac.uk/efo/EFO_0004314	GCST90244092	Genome-wide genotyping array
2023-12-12	36914875	Shrine N	2023-03-13	Nat Genet	www.ncbi.nlm.nih.gov/pubmed/36914875	Multi-ancestry genome-wide association analyses improve resolution of genes and pathways influencing lung function and chronic obstructive pulmonary disease risk.	Lung function (FEV1)	475,645 European ancestry individuals, 8,590 African ancestry individuals, 85,279 East Asian ancestry individuals, 4,270 South Asian ancestry individuals, 14,668 Hispanic or Latin American individuals	NA	5q31.3	5	142421651		SPRY4-AS1			ENSG00000231185			rs253438-A	rs253438	0	253438	intron_variant	0	0.506	1E-13	13.0		7.442	z score decrease	Affymetrix, Illumina [63380712] (imputed)	N	forced expiratory volume	http://www.ebi.ac.uk/efo/EFO_0004314	GCST90244092	Genome-wide genotyping array
2023-12-12	36914875	Shrine N	2023-03-13	Nat Genet	www.ncbi.nlm.nih.gov/pubmed/36914875	Multi-ancestry genome-wide association analyses improve resolution of genes and pathways influencing lung function and chronic obstructive pulmonary disease risk.	Lung function (FEV1)	475,645 European ancestry individuals, 8,590 African ancestry individuals, 85,279 East Asian ancestry individuals, 4,270 South Asian ancestry individuals, 14,668 Hispanic or Latin American individuals	NA	1p36.33	1	2228951		SKI			ENSG00000157933			rs28384811-C	rs28384811	0	28384811	missense_variant	0	0.938	1E-13	13.0		7.406	z score increase	Affymetrix, Illumina [63380712] (imputed)	N	forced expiratory volume	http://www.ebi.ac.uk/efo/EFO_0004314	GCST90244092	Genome-wide genotyping array
2023-12-12	36914875	Shrine N	2023-03-13	Nat Genet	www.ncbi.nlm.nih.gov/pubmed/36914875	Multi-ancestry genome-wide association analyses improve resolution of genes and pathways influencing lung function and chronic obstructive pulmonary disease risk.	Lung function (FEV1)	475,645 European ancestry individuals, 8,590 African ancestry individuals, 85,279 East Asian ancestry individuals, 4,270 South Asian ancestry individuals, 14,668 Hispanic or Latin American individuals	NA	20p12.1	20	13577228		TASP1			ENSG00000089123			rs6079115-T	rs6079115	0	6079115	intron_variant	0	0.33	1E-13	13.0		7.4	z score decrease	Affymetrix, Illumina [63380712] (imputed)	N	forced expiratory volume	http://www.ebi.ac.uk/efo/EFO_0004314	GCST90244092	Genome-wide genotyping array
2023-12-12	36914875	Shrine N	2023-03-13	Nat Genet	www.ncbi.nlm.nih.gov/pubmed/36914875	Multi-ancestry genome-wide association analyses improve resolution of genes and pathways influencing lung function and chronic obstructive pulmonary disease risk.	Lung function (FEV1)	475,645 European ancestry individuals, 8,590 African ancestry individuals, 85,279 East Asian ancestry individuals, 4,270 South Asian ancestry individuals, 14,668 Hispanic or Latin American individuals	NA	5q15	5	98771637		RGMB-AS1, RGMB			ENSG00000246763, ENSG00000174136			rs2249797-T	rs2249797	0	2249797	intron_variant	0	0.539	2E-13	12.698970004336019		7.328	z score increase	Affymetrix, Illumina [63380712] (imputed)	N	forced expiratory volume	http://www.ebi.ac.uk/efo/EFO_0004314	GCST90244092	Genome-wide genotyping array
2023-12-12	36914875	Shrine N	2023-03-13	Nat Genet	www.ncbi.nlm.nih.gov/pubmed/36914875	Multi-ancestry genome-wide association analyses improve resolution of genes and pathways influencing lung function and chronic obstructive pulmonary disease risk.	Lung function (FEV1)	475,645 European ancestry individuals, 8,590 African ancestry individuals, 85,279 East Asian ancestry individuals, 4,270 South Asian ancestry individuals, 14,668 Hispanic or Latin American individuals	NA	16q23.1	16	79138168		WWOX			ENSG00000186153			rs1424113-A	rs1424113	0	1424113	intron_variant	0	0.853	3E-13	12.522878745280337		7.311	z score decrease	Affymetrix, Illumina [63380712] (imputed)	N	forced expiratory volume	http://www.ebi.ac.uk/efo/EFO_0004314	GCST90244092	Genome-wide genotyping array
2023-12-12	36914875	Shrine N	2023-03-13	Nat Genet	www.ncbi.nlm.nih.gov/pubmed/36914875	Multi-ancestry genome-wide association analyses improve resolution of genes and pathways influencing lung function and chronic obstructive pulmonary disease risk.	Lung function (FEV1)	475,645 European ancestry individuals, 8,590 African ancestry individuals, 85,279 East Asian ancestry individuals, 4,270 South Asian ancestry individuals, 14,668 Hispanic or Latin American individuals	NA	6p21.33	6	31302609		LINC02571 - HLA-B	ENSG00000256166	ENSG00000234745		967	51258	rs58490916-T	rs58490916	0	58490916	intron_variant	1	0.919	1E-11	11.0		6.762	z score increase	Affymetrix, Illumina [63380712] (imputed)	N	forced expiratory volume	http://www.ebi.ac.uk/efo/EFO_0004314	GCST90244092	Genome-wide genotyping array
2023-12-12	36914875	Shrine N	2023-03-13	Nat Genet	www.ncbi.nlm.nih.gov/pubmed/36914875	Multi-ancestry genome-wide association analyses improve resolution of genes and pathways influencing lung function and chronic obstructive pulmonary disease risk.	Lung function (FEV1)	475,645 European ancestry individuals, 8,590 African ancestry individuals, 85,279 East Asian ancestry individuals, 4,270 South Asian ancestry individuals, 14,668 Hispanic or Latin American individuals	NA	2p14	2	67235595		LINC01829, LINC01828			ENSG00000236780, ENSG00000235885			rs1483339-T	rs1483339	0	1483339	intron_variant	0	0.246	2E-11	10.698970004336019		6.738	z score decrease	Affymetrix, Illumina [63380712] (imputed)	N	forced expiratory volume	http://www.ebi.ac.uk/efo/EFO_0004314	GCST90244092	Genome-wide genotyping array
2023-12-12	36914875	Shrine N	2023-03-13	Nat Genet	www.ncbi.nlm.nih.gov/pubmed/36914875	Multi-ancestry genome-wide association analyses improve resolution of genes and pathways influencing lung function and chronic obstructive pulmonary disease risk.	Lung function (FEV1)	475,645 European ancestry individuals, 8,590 African ancestry individuals, 85,279 East Asian ancestry individuals, 4,270 South Asian ancestry individuals, 14,668 Hispanic or Latin American individuals	NA	6q25.2	6	152271967		SYNE1			ENSG00000131018			rs6904757-A	rs6904757	0	6904757	intron_variant	0	0.594	2E-11	10.698970004336019		6.738	z score increase	Affymetrix, Illumina [63380712] (imputed)	N	forced expiratory volume	http://www.ebi.ac.uk/efo/EFO_0004314	GCST90244092	Genome-wide genotyping array
2023-12-12	36914875	Shrine N	2023-03-13	Nat Genet	www.ncbi.nlm.nih.gov/pubmed/36914875	Multi-ancestry genome-wide association analyses improve resolution of genes and pathways influencing lung function and chronic obstructive pulmonary disease risk.	Lung function (FEV1)	475,645 European ancestry individuals, 8,590 African ancestry individuals, 85,279 East Asian ancestry individuals, 4,270 South Asian ancestry individuals, 14,668 Hispanic or Latin American individuals	NA	15q15.1	15	40424054		IVD			ENSG00000128928			rs2304645-C	rs2304645	0	2304645	intergenic_variant	0	0.544	2E-11	10.698970004336019		6.736	z score decrease	Affymetrix, Illumina [63380712] (imputed)	N	forced expiratory volume	http://www.ebi.ac.uk/efo/EFO_0004314	GCST90244092	Genome-wide genotyping array
2023-12-12	36914875	Shrine N	2023-03-13	Nat Genet	www.ncbi.nlm.nih.gov/pubmed/36914875	Multi-ancestry genome-wide association analyses improve resolution of genes and pathways influencing lung function and chronic obstructive pulmonary disease risk.	Lung function (FEV1)	475,645 European ancestry individuals, 8,590 African ancestry individuals, 85,279 East Asian ancestry individuals, 4,270 South Asian ancestry individuals, 14,668 Hispanic or Latin American individuals	NA	17q23.3	17	63932910		CD79B - SCN4A	ENSG00000007312	ENSG00000007314		281	5644	rs3815358-A	rs3815358	0	3815358	intergenic_variant	1	0.399	2E-11	10.698970004336019		6.733	z score decrease	Affymetrix, Illumina [63380712] (imputed)	N	forced expiratory volume	http://www.ebi.ac.uk/efo/EFO_0004314	GCST90244092	Genome-wide genotyping array
2023-12-12	36914875	Shrine N	2023-03-13	Nat Genet	www.ncbi.nlm.nih.gov/pubmed/36914875	Multi-ancestry genome-wide association analyses improve resolution of genes and pathways influencing lung function and chronic obstructive pulmonary disease risk.	Lung function (FEV1)	475,645 European ancestry individuals, 8,590 African ancestry individuals, 85,279 East Asian ancestry individuals, 4,270 South Asian ancestry individuals, 14,668 Hispanic or Latin American individuals	NA	12p13.32	12	4134583		HSPA8P5 - CCND2-AS1	ENSG00000256356	ENSG00000255920		35064	113398	rs12811814-T	rs12811814	0	12811814	intron_variant	1	0.461	2E-11	10.698970004336019		6.717	z score increase	Affymetrix, Illumina [63380712] (imputed)	N	forced expiratory volume	http://www.ebi.ac.uk/efo/EFO_0004314	GCST90244092	Genome-wide genotyping array
2023-12-12	36914875	Shrine N	2023-03-13	Nat Genet	www.ncbi.nlm.nih.gov/pubmed/36914875	Multi-ancestry genome-wide association analyses improve resolution of genes and pathways influencing lung function and chronic obstructive pulmonary disease risk.	Lung function (FEV1)	475,645 European ancestry individuals, 8,590 African ancestry individuals, 85,279 East Asian ancestry individuals, 4,270 South Asian ancestry individuals, 14,668 Hispanic or Latin American individuals	NA	7p21.1	7	18292773		HDAC9			ENSG00000048052			rs55744175-A	rs55744175	0	55744175	intron_variant	0	0.214	2E-11	10.698970004336019		6.677	z score decrease	Affymetrix, Illumina [63380712] (imputed)	N	forced expiratory volume	http://www.ebi.ac.uk/efo/EFO_0004314	GCST90244092	Genome-wide genotyping array
2023-12-12	36914875	Shrine N	2023-03-13	Nat Genet	www.ncbi.nlm.nih.gov/pubmed/36914875	Multi-ancestry genome-wide association analyses improve resolution of genes and pathways influencing lung function and chronic obstructive pulmonary disease risk.	Lung function (FEV1)	475,645 European ancestry individuals, 8,590 African ancestry individuals, 85,279 East Asian ancestry individuals, 4,270 South Asian ancestry individuals, 14,668 Hispanic or Latin American individuals	NA	19q13.32	19	45749075		MEIOSIN			ENSG00000237452			rs116959973-A	rs116959973	0	116959973	intron_variant	0	0.742	3E-11	10.522878745280337		6.671	z score decrease	Affymetrix, Illumina [63380712] (imputed)	N	forced expiratory volume	http://www.ebi.ac.uk/efo/EFO_0004314	GCST90244092	Genome-wide genotyping array
2023-12-12	36914875	Shrine N	2023-03-13	Nat Genet	www.ncbi.nlm.nih.gov/pubmed/36914875	Multi-ancestry genome-wide association analyses improve resolution of genes and pathways influencing lung function and chronic obstructive pulmonary disease risk.	Lung function (FEV1)	475,645 European ancestry individuals, 8,590 African ancestry individuals, 85,279 East Asian ancestry individuals, 4,270 South Asian ancestry individuals, 14,668 Hispanic or Latin American individuals	NA	15q22.31	15	64875059		PLEKHO2 - ANKDD1A	ENSG00000241839	ENSG00000166839		7057	36802	rs12443470-C	rs12443470	0	12443470	intron_variant	1	0.596	3E-11	10.522878745280337		6.67	z score increase	Affymetrix, Illumina [63380712] (imputed)	N	forced expiratory volume	http://www.ebi.ac.uk/efo/EFO_0004314	GCST90244092	Genome-wide genotyping array
2023-12-12	36914875	Shrine N	2023-03-13	Nat Genet	www.ncbi.nlm.nih.gov/pubmed/36914875	Multi-ancestry genome-wide association analyses improve resolution of genes and pathways influencing lung function and chronic obstructive pulmonary disease risk.	Lung function (FEV1)	475,645 European ancestry individuals, 8,590 African ancestry individuals, 85,279 East Asian ancestry individuals, 4,270 South Asian ancestry individuals, 14,668 Hispanic or Latin American individuals	NA	7p15.3	7	23444609		IGF2BP3			ENSG00000136231			rs56685747-A	rs56685747	0	56685747	intron_variant	0	0.116	3E-11	10.522878745280337		6.662	z score increase	Affymetrix, Illumina [63380712] (imputed)	N	forced expiratory volume	http://www.ebi.ac.uk/efo/EFO_0004314	GCST90244092	Genome-wide genotyping array
2023-12-12	36914875	Shrine N	2023-03-13	Nat Genet	www.ncbi.nlm.nih.gov/pubmed/36914875	Multi-ancestry genome-wide association analyses improve resolution of genes and pathways influencing lung function and chronic obstructive pulmonary disease risk.	Lung function (FEV1)	475,645 European ancestry individuals, 8,590 African ancestry individuals, 85,279 East Asian ancestry individuals, 4,270 South Asian ancestry individuals, 14,668 Hispanic or Latin American individuals	NA	2p22.2	2	36433333		CRIM1			ENSG00000150938			rs1477048-C	rs1477048	0	1477048	intron_variant	0	0.209	4E-11	10.397940008672037		6.622	z score decrease	Affymetrix, Illumina [63380712] (imputed)	N	forced expiratory volume	http://www.ebi.ac.uk/efo/EFO_0004314	GCST90244092	Genome-wide genotyping array
2023-12-12	36914875	Shrine N	2023-03-13	Nat Genet	www.ncbi.nlm.nih.gov/pubmed/36914875	Multi-ancestry genome-wide association analyses improve resolution of genes and pathways influencing lung function and chronic obstructive pulmonary disease risk.	Lung function (FEV1)	475,645 European ancestry individuals, 8,590 African ancestry individuals, 85,279 East Asian ancestry individuals, 4,270 South Asian ancestry individuals, 14,668 Hispanic or Latin American individuals	NA	7p21.1	7	17690778		LINC02889 - SNX13	ENSG00000236039	ENSG00000071189		131849	99983	rs11980271-C	rs11980271	0	11980271	intergenic_variant	1	0.676	5E-11	10.301029995663981		6.57	z score increase	Affymetrix, Illumina [63380712] (imputed)	N	forced expiratory volume	http://www.ebi.ac.uk/efo/EFO_0004314	GCST90244092	Genome-wide genotyping array
2023-12-12	36914875	Shrine N	2023-03-13	Nat Genet	www.ncbi.nlm.nih.gov/pubmed/36914875	Multi-ancestry genome-wide association analyses improve resolution of genes and pathways influencing lung function and chronic obstructive pulmonary disease risk.	Lung function (FEV1)	475,645 European ancestry individuals, 8,590 African ancestry individuals, 85,279 East Asian ancestry individuals, 4,270 South Asian ancestry individuals, 14,668 Hispanic or Latin American individuals	NA	13q31.1	13	79893100		LINC00382			ENSG00000229175			rs4885681-T	rs4885681	0	4885681	intron_variant	0	0.711	5E-11	10.301029995663981		6.558	z score increase	Affymetrix, Illumina [63380712] (imputed)	N	forced expiratory volume	http://www.ebi.ac.uk/efo/EFO_0004314	GCST90244092	Genome-wide genotyping array
2023-12-12	36914875	Shrine N	2023-03-13	Nat Genet	www.ncbi.nlm.nih.gov/pubmed/36914875	Multi-ancestry genome-wide association analyses improve resolution of genes and pathways influencing lung function and chronic obstructive pulmonary disease risk.	Lung function (FEV1)	475,645 European ancestry individuals, 8,590 African ancestry individuals, 85,279 East Asian ancestry individuals, 4,270 South Asian ancestry individuals, 14,668 Hispanic or Latin American individuals	NA	8q23.1	8	108243503		EIF3E			ENSG00000104408			rs639609-T	rs639609	0	639609	intron_variant	0	0.543	7E-11	10.154901959985743		6.53	z score decrease	Affymetrix, Illumina [63380712] (imputed)	N	forced expiratory volume	http://www.ebi.ac.uk/efo/EFO_0004314	GCST90244092	Genome-wide genotyping array
2023-12-12	36914875	Shrine N	2023-03-13	Nat Genet	www.ncbi.nlm.nih.gov/pubmed/36914875	Multi-ancestry genome-wide association analyses improve resolution of genes and pathways influencing lung function and chronic obstructive pulmonary disease risk.	Lung function (FEV1)	475,645 European ancestry individuals, 8,590 African ancestry individuals, 85,279 East Asian ancestry individuals, 4,270 South Asian ancestry individuals, 14,668 Hispanic or Latin American individuals	NA	1p36.11	1	26151342		PDIK1L - FAM110D	ENSG00000175087	ENSG00000197245		25787	7705	rs2802340-A	rs2802340	0	2802340	intergenic_variant	1	0.174	7E-11	10.154901959985743		6.527	z score increase	Affymetrix, Illumina [63380712] (imputed)	N	forced expiratory volume	http://www.ebi.ac.uk/efo/EFO_0004314	GCST90244092	Genome-wide genotyping array
2023-12-12	36914875	Shrine N	2023-03-13	Nat Genet	www.ncbi.nlm.nih.gov/pubmed/36914875	Multi-ancestry genome-wide association analyses improve resolution of genes and pathways influencing lung function and chronic obstructive pulmonary disease risk.	Lung function (FEV1)	475,645 European ancestry individuals, 8,590 African ancestry individuals, 85,279 East Asian ancestry individuals, 4,270 South Asian ancestry individuals, 14,668 Hispanic or Latin American individuals	NA	15q21.2	15	50031157		ATP8B4			ENSG00000104043			rs7165755-T	rs7165755	0	7165755	intron_variant	0	0.348	7E-11	10.154901959985743		6.527	z score decrease	Affymetrix, Illumina [63380712] (imputed)	N	forced expiratory volume	http://www.ebi.ac.uk/efo/EFO_0004314	GCST90244092	Genome-wide genotyping array
2023-12-12	36914875	Shrine N	2023-03-13	Nat Genet	www.ncbi.nlm.nih.gov/pubmed/36914875	Multi-ancestry genome-wide association analyses improve resolution of genes and pathways influencing lung function and chronic obstructive pulmonary disease risk.	Lung function (FEV1)	475,645 European ancestry individuals, 8,590 African ancestry individuals, 85,279 East Asian ancestry individuals, 4,270 South Asian ancestry individuals, 14,668 Hispanic or Latin American individuals	NA	13q31.1	13	80132320		LINC01080			ENSG00000281721			rs1215470-T	rs1215470	0	1215470	intron_variant	0	0.687	7E-11	10.154901959985743		6.524	z score increase	Affymetrix, Illumina [63380712] (imputed)	N	forced expiratory volume	http://www.ebi.ac.uk/efo/EFO_0004314	GCST90244092	Genome-wide genotyping array
2023-12-12	36914875	Shrine N	2023-03-13	Nat Genet	www.ncbi.nlm.nih.gov/pubmed/36914875	Multi-ancestry genome-wide association analyses improve resolution of genes and pathways influencing lung function and chronic obstructive pulmonary disease risk.	Lung function (FEV1)	475,645 European ancestry individuals, 8,590 African ancestry individuals, 85,279 East Asian ancestry individuals, 4,270 South Asian ancestry individuals, 14,668 Hispanic or Latin American individuals	NA	4q21.23	4	85761968		ARHGAP24			ENSG00000138639			rs13111662-T	rs13111662	0	13111662	intron_variant	0	0.618	8E-11	10.096910013008056		6.503	z score decrease	Affymetrix, Illumina [63380712] (imputed)	N	forced expiratory volume	http://www.ebi.ac.uk/efo/EFO_0004314	GCST90244092	Genome-wide genotyping array
2023-12-12	36914875	Shrine N	2023-03-13	Nat Genet	www.ncbi.nlm.nih.gov/pubmed/36914875	Multi-ancestry genome-wide association analyses improve resolution of genes and pathways influencing lung function and chronic obstructive pulmonary disease risk.	Lung function (FEV1)	475,645 European ancestry individuals, 8,590 African ancestry individuals, 85,279 East Asian ancestry individuals, 4,270 South Asian ancestry individuals, 14,668 Hispanic or Latin American individuals	NA	11p15.4	11	9060114		SCUBE2, NRIP3-DT			ENSG00000175356, ENSG00000253973			rs7127387-C	rs7127387	0	7127387	intron_variant	0	0.18	8E-11	10.096910013008056		6.492	z score increase	Affymetrix, Illumina [63380712] (imputed)	N	forced expiratory volume	http://www.ebi.ac.uk/efo/EFO_0004314	GCST90244092	Genome-wide genotyping array
2023-12-12	36914875	Shrine N	2023-03-13	Nat Genet	www.ncbi.nlm.nih.gov/pubmed/36914875	Multi-ancestry genome-wide association analyses improve resolution of genes and pathways influencing lung function and chronic obstructive pulmonary disease risk.	Lung function (FEV1)	475,645 European ancestry individuals, 8,590 African ancestry individuals, 85,279 East Asian ancestry individuals, 4,270 South Asian ancestry individuals, 14,668 Hispanic or Latin American individuals	NA	11q24.2	11	126034685		CDON			ENSG00000064309			rs79864933-T	rs79864933	0	79864933	intron_variant	0	0.926	1E-10	10.0		6.472	z score increase	Affymetrix, Illumina [63380712] (imputed)	N	forced expiratory volume	http://www.ebi.ac.uk/efo/EFO_0004314	GCST90244092	Genome-wide genotyping array
2023-12-12	36914875	Shrine N	2023-03-13	Nat Genet	www.ncbi.nlm.nih.gov/pubmed/36914875	Multi-ancestry genome-wide association analyses improve resolution of genes and pathways influencing lung function and chronic obstructive pulmonary disease risk.	Lung function (FEV1)	475,645 European ancestry individuals, 8,590 African ancestry individuals, 85,279 East Asian ancestry individuals, 4,270 South Asian ancestry individuals, 14,668 Hispanic or Latin American individuals	NA	4q21.3	4	87095722		AFF1			ENSG00000172493			rs236993-T	rs236993	0	236993	intron_variant	0	0.595	1E-10	10.0		6.457	z score increase	Affymetrix, Illumina [63380712] (imputed)	N	forced expiratory volume	http://www.ebi.ac.uk/efo/EFO_0004314	GCST90244092	Genome-wide genotyping array
2023-12-12	36914875	Shrine N	2023-03-13	Nat Genet	www.ncbi.nlm.nih.gov/pubmed/36914875	Multi-ancestry genome-wide association analyses improve resolution of genes and pathways influencing lung function and chronic obstructive pulmonary disease risk.	Lung function (FEV1)	475,645 European ancestry individuals, 8,590 African ancestry individuals, 85,279 East Asian ancestry individuals, 4,270 South Asian ancestry individuals, 14,668 Hispanic or Latin American individuals	NA	7p14.1	7	41004585		LINC01450 - LINC01449	ENSG00000232458	ENSG00000224017		24646	84954	rs6974297-C	rs6974297	0	6974297	intron_variant	1	0.429	1E-10	10.0		6.438	z score decrease	Affymetrix, Illumina [63380712] (imputed)	N	forced expiratory volume	http://www.ebi.ac.uk/efo/EFO_0004314	GCST90244092	Genome-wide genotyping array
2023-12-12	36914875	Shrine N	2023-03-13	Nat Genet	www.ncbi.nlm.nih.gov/pubmed/36914875	Multi-ancestry genome-wide association analyses improve resolution of genes and pathways influencing lung function and chronic obstructive pulmonary disease risk.	Lung function (FEV1)	475,645 European ancestry individuals, 8,590 African ancestry individuals, 85,279 East Asian ancestry individuals, 4,270 South Asian ancestry individuals, 14,668 Hispanic or Latin American individuals	NA	14q32.31	14	102086438		HSP90AA1			ENSG00000080824			rs3736807-T	rs3736807	0	3736807	5_prime_UTR_variant	0	0.174	1E-10	10.0		6.42	z score increase	Affymetrix, Illumina [63380712] (imputed)	N	forced expiratory volume	http://www.ebi.ac.uk/efo/EFO_0004314	GCST90244092	Genome-wide genotyping array
2023-12-12	36914875	Shrine N	2023-03-13	Nat Genet	www.ncbi.nlm.nih.gov/pubmed/36914875	Multi-ancestry genome-wide association analyses improve resolution of genes and pathways influencing lung function and chronic obstructive pulmonary disease risk.	Lung function (FEV1)	475,645 European ancestry individuals, 8,590 African ancestry individuals, 85,279 East Asian ancestry individuals, 4,270 South Asian ancestry individuals, 14,668 Hispanic or Latin American individuals	NA											chr1:221051333-G	chr1:221051333	0			1	0.242	1E-10	10.0		6.416	z score increase	Affymetrix, Illumina [63380712] (imputed)	N	forced expiratory volume	http://www.ebi.ac.uk/efo/EFO_0004314	GCST90244092	Genome-wide genotyping array
2023-12-12	36914875	Shrine N	2023-03-13	Nat Genet	www.ncbi.nlm.nih.gov/pubmed/36914875	Multi-ancestry genome-wide association analyses improve resolution of genes and pathways influencing lung function and chronic obstructive pulmonary disease risk.	Lung function (FEV1)	475,645 European ancestry individuals, 8,590 African ancestry individuals, 85,279 East Asian ancestry individuals, 4,270 South Asian ancestry individuals, 14,668 Hispanic or Latin American individuals	NA	2p14	2	66820680		LINC01798			ENSG00000232046			rs1116855-A	rs1116855	0	1116855	intron_variant	0	0.792	1E-10	10.0		6.416	z score decrease	Affymetrix, Illumina [63380712] (imputed)	N	forced expiratory volume	http://www.ebi.ac.uk/efo/EFO_0004314	GCST90244092	Genome-wide genotyping array
2023-12-12	36914875	Shrine N	2023-03-13	Nat Genet	www.ncbi.nlm.nih.gov/pubmed/36914875	Multi-ancestry genome-wide association analyses improve resolution of genes and pathways influencing lung function and chronic obstructive pulmonary disease risk.	Lung function (FEV1)	475,645 European ancestry individuals, 8,590 African ancestry individuals, 85,279 East Asian ancestry individuals, 4,270 South Asian ancestry individuals, 14,668 Hispanic or Latin American individuals	NA	4q28.1	4	127731072		SLC25A31			ENSG00000151475			rs4834214-A	rs4834214	0	4834214	intron_variant	0	0.551	3E-13	12.522878745280337		7.31	z score decrease	Affymetrix, Illumina [63380712] (imputed)	N	forced expiratory volume	http://www.ebi.ac.uk/efo/EFO_0004314	GCST90244092	Genome-wide genotyping array
2023-12-12	36914875	Shrine N	2023-03-13	Nat Genet	www.ncbi.nlm.nih.gov/pubmed/36914875	Multi-ancestry genome-wide association analyses improve resolution of genes and pathways influencing lung function and chronic obstructive pulmonary disease risk.	Lung function (FEV1)	475,645 European ancestry individuals, 8,590 African ancestry individuals, 85,279 East Asian ancestry individuals, 4,270 South Asian ancestry individuals, 14,668 Hispanic or Latin American individuals	NA	6q14.1	6	75454873		FILIP1			ENSG00000118407			rs12209223-A	rs12209223	0	12209223	intron_variant	0	0.0993	3E-13	12.522878745280337		7.305	z score decrease	Affymetrix, Illumina [63380712] (imputed)	N	forced expiratory volume	http://www.ebi.ac.uk/efo/EFO_0004314	GCST90244092	Genome-wide genotyping array
2023-12-12	36914875	Shrine N	2023-03-13	Nat Genet	www.ncbi.nlm.nih.gov/pubmed/36914875	Multi-ancestry genome-wide association analyses improve resolution of genes and pathways influencing lung function and chronic obstructive pulmonary disease risk.	Lung function (FEV1)	475,645 European ancestry individuals, 8,590 African ancestry individuals, 85,279 East Asian ancestry individuals, 4,270 South Asian ancestry individuals, 14,668 Hispanic or Latin American individuals	NA	14q32.12	14	92043948		TRIP11 - ATXN3	ENSG00000100815	ENSG00000066427		3052	548	rs60165532-A	rs60165532	0	60165532	intron_variant	1	0.384	4E-13	12.397940008672037		7.27	z score increase	Affymetrix, Illumina [63380712] (imputed)	N	forced expiratory volume	http://www.ebi.ac.uk/efo/EFO_0004314	GCST90244092	Genome-wide genotyping array
2023-12-12	36914875	Shrine N	2023-03-13	Nat Genet	www.ncbi.nlm.nih.gov/pubmed/36914875	Multi-ancestry genome-wide association analyses improve resolution of genes and pathways influencing lung function and chronic obstructive pulmonary disease risk.	Lung function (FEV1)	475,645 European ancestry individuals, 8,590 African ancestry individuals, 85,279 East Asian ancestry individuals, 4,270 South Asian ancestry individuals, 14,668 Hispanic or Latin American individuals	NA	3p21.1	3	52574956		UQCC5, PBRM1			ENSG00000168273, ENSG00000163939			rs140435693-A	rs140435693	0	140435693	intron_variant	0	0.948	4E-13	12.397940008672037		7.267	z score decrease	Affymetrix, Illumina [63380712] (imputed)	N	forced expiratory volume	http://www.ebi.ac.uk/efo/EFO_0004314	GCST90244092	Genome-wide genotyping array
2023-12-12	36914875	Shrine N	2023-03-13	Nat Genet	www.ncbi.nlm.nih.gov/pubmed/36914875	Multi-ancestry genome-wide association analyses improve resolution of genes and pathways influencing lung function and chronic obstructive pulmonary disease risk.	Lung function (FEV1)	475,645 European ancestry individuals, 8,590 African ancestry individuals, 85,279 East Asian ancestry individuals, 4,270 South Asian ancestry individuals, 14,668 Hispanic or Latin American individuals	NA	16q24.3	16	88746274		PIEZO1			ENSG00000103335			rs4782399-C	rs4782399	0	4782399	intron_variant	0	0.83	4E-13	12.397940008672037		7.265	z score increase	Affymetrix, Illumina [63380712] (imputed)	N	forced expiratory volume	http://www.ebi.ac.uk/efo/EFO_0004314	GCST90244092	Genome-wide genotyping array
2023-12-12	36914875	Shrine N	2023-03-13	Nat Genet	www.ncbi.nlm.nih.gov/pubmed/36914875	Multi-ancestry genome-wide association analyses improve resolution of genes and pathways influencing lung function and chronic obstructive pulmonary disease risk.	Lung function (FEV1)	475,645 European ancestry individuals, 8,590 African ancestry individuals, 85,279 East Asian ancestry individuals, 4,270 South Asian ancestry individuals, 14,668 Hispanic or Latin American individuals	NA	2p24.1	2	23689842		KLHL29			ENSG00000119771			rs3795938-T	rs3795938	0	3795938	intron_variant	0	0.583	4E-13	12.397940008672037		7.249	z score increase	Affymetrix, Illumina [63380712] (imputed)	N	forced expiratory volume	http://www.ebi.ac.uk/efo/EFO_0004314	GCST90244092	Genome-wide genotyping array
2023-12-12	36914875	Shrine N	2023-03-13	Nat Genet	www.ncbi.nlm.nih.gov/pubmed/36914875	Multi-ancestry genome-wide association analyses improve resolution of genes and pathways influencing lung function and chronic obstructive pulmonary disease risk.	Lung function (FEV1)	475,645 European ancestry individuals, 8,590 African ancestry individuals, 85,279 East Asian ancestry individuals, 4,270 South Asian ancestry individuals, 14,668 Hispanic or Latin American individuals	NA	2q24.2	2	160474570		RBMS1			ENSG00000153250			rs10208158-T	rs10208158	0	10208158	intron_variant	0	0.417	6E-13	12.221848749616356		7.207	z score increase	Affymetrix, Illumina [63380712] (imputed)	N	forced expiratory volume	http://www.ebi.ac.uk/efo/EFO_0004314	GCST90244092	Genome-wide genotyping array
2023-12-12	36914875	Shrine N	2023-03-13	Nat Genet	www.ncbi.nlm.nih.gov/pubmed/36914875	Multi-ancestry genome-wide association analyses improve resolution of genes and pathways influencing lung function and chronic obstructive pulmonary disease risk.	Lung function (FEV1)	475,645 European ancestry individuals, 8,590 African ancestry individuals, 85,279 East Asian ancestry individuals, 4,270 South Asian ancestry individuals, 14,668 Hispanic or Latin American individuals	NA	1p36.12	1	22147298		WNT4 - MIR4418	ENSG00000162552	ENSG00000266564		3329	118941	rs4655027-T	rs4655027	0	4655027	intron_variant	1	0.524	6E-13	12.221848749616356		7.204	z score decrease	Affymetrix, Illumina [63380712] (imputed)	N	forced expiratory volume	http://www.ebi.ac.uk/efo/EFO_0004314	GCST90244092	Genome-wide genotyping array
2023-12-12	36914875	Shrine N	2023-03-13	Nat Genet	www.ncbi.nlm.nih.gov/pubmed/36914875	Multi-ancestry genome-wide association analyses improve resolution of genes and pathways influencing lung function and chronic obstructive pulmonary disease risk.	Lung function (FEV1)	475,645 European ancestry individuals, 8,590 African ancestry individuals, 85,279 East Asian ancestry individuals, 4,270 South Asian ancestry individuals, 14,668 Hispanic or Latin American individuals	NA	2q37.3	2	238705617		LINC01937			ENSG00000234279			rs13410025-A	rs13410025	0	13410025	intron_variant	0	0.225	9E-13	12.045757490560675		7.141	z score decrease	Affymetrix, Illumina [63380712] (imputed)	N	forced expiratory volume	http://www.ebi.ac.uk/efo/EFO_0004314	GCST90244092	Genome-wide genotyping array
2023-12-12	36914875	Shrine N	2023-03-13	Nat Genet	www.ncbi.nlm.nih.gov/pubmed/36914875	Multi-ancestry genome-wide association analyses improve resolution of genes and pathways influencing lung function and chronic obstructive pulmonary disease risk.	Lung function (FEV1)	475,645 European ancestry individuals, 8,590 African ancestry individuals, 85,279 East Asian ancestry individuals, 4,270 South Asian ancestry individuals, 14,668 Hispanic or Latin American individuals	NA	7p15.2	7	26793402		SKAP2			ENSG00000005020			rs3801839-A	rs3801839	0	3801839	intron_variant	0	0.488	1E-12	12.0		7.102	z score decrease	Affymetrix, Illumina [63380712] (imputed)	N	forced expiratory volume	http://www.ebi.ac.uk/efo/EFO_0004314	GCST90244092	Genome-wide genotyping array
2023-12-12	36914875	Shrine N	2023-03-13	Nat Genet	www.ncbi.nlm.nih.gov/pubmed/36914875	Multi-ancestry genome-wide association analyses improve resolution of genes and pathways influencing lung function and chronic obstructive pulmonary disease risk.	Lung function (FEV1)	475,645 European ancestry individuals, 8,590 African ancestry individuals, 85,279 East Asian ancestry individuals, 4,270 South Asian ancestry individuals, 14,668 Hispanic or Latin American individuals	NA	17q21.32	17	48596256		HOXB3, HOXB6, HOXB-AS3			ENSG00000120093, ENSG00000108511, ENSG00000233101			rs61585154-A	rs61585154	0	61585154	3_prime_UTR_variant	0	0.0325	2E-12	11.698970004336019		7.041	z score increase	Affymetrix, Illumina [63380712] (imputed)	N	forced expiratory volume	http://www.ebi.ac.uk/efo/EFO_0004314	GCST90244092	Genome-wide genotyping array
2023-12-12	36914875	Shrine N	2023-03-13	Nat Genet	www.ncbi.nlm.nih.gov/pubmed/36914875	Multi-ancestry genome-wide association analyses improve resolution of genes and pathways influencing lung function and chronic obstructive pulmonary disease risk.	Lung function (FEV1)	475,645 European ancestry individuals, 8,590 African ancestry individuals, 85,279 East Asian ancestry individuals, 4,270 South Asian ancestry individuals, 14,668 Hispanic or Latin American individuals	NA	8q13.2	8	69464590		LINC01603			ENSG00000253479			rs2244817-T	rs2244817	0	2244817	intron_variant	0	0.564	3E-12	11.522878745280337		6.99	z score increase	Affymetrix, Illumina [63380712] (imputed)	N	forced expiratory volume	http://www.ebi.ac.uk/efo/EFO_0004314	GCST90244092	Genome-wide genotyping array
2023-12-12	36914875	Shrine N	2023-03-13	Nat Genet	www.ncbi.nlm.nih.gov/pubmed/36914875	Multi-ancestry genome-wide association analyses improve resolution of genes and pathways influencing lung function and chronic obstructive pulmonary disease risk.	Lung function (FEV1)	475,645 European ancestry individuals, 8,590 African ancestry individuals, 85,279 East Asian ancestry individuals, 4,270 South Asian ancestry individuals, 14,668 Hispanic or Latin American individuals	NA	9q22.31	9	92370792		CENPP			ENSG00000188312			rs10283572-A	rs10283572	0	10283572	intron_variant	0	0.347	4E-12	11.397940008672037		6.951	z score increase	Affymetrix, Illumina [63380712] (imputed)	N	forced expiratory volume	http://www.ebi.ac.uk/efo/EFO_0004314	GCST90244092	Genome-wide genotyping array
2023-12-12	36914875	Shrine N	2023-03-13	Nat Genet	www.ncbi.nlm.nih.gov/pubmed/36914875	Multi-ancestry genome-wide association analyses improve resolution of genes and pathways influencing lung function and chronic obstructive pulmonary disease risk.	Lung function (FEV1)	475,645 European ancestry individuals, 8,590 African ancestry individuals, 85,279 East Asian ancestry individuals, 4,270 South Asian ancestry individuals, 14,668 Hispanic or Latin American individuals	NA	4q24	4	105781313		INTS12, GSTCD-AS1, GSTCD			ENSG00000138785, ENSG00000251175, ENSG00000138780			rs541982053-A	rs541982053	0	541982053	intron_variant	0	0.997	4E-12	11.397940008672037		6.945	z score decrease	Affymetrix, Illumina [63380712] (imputed)	N	forced expiratory volume	http://www.ebi.ac.uk/efo/EFO_0004314	GCST90244092	Genome-wide genotyping array
2023-12-12	36914875	Shrine N	2023-03-13	Nat Genet	www.ncbi.nlm.nih.gov/pubmed/36914875	Multi-ancestry genome-wide association analyses improve resolution of genes and pathways influencing lung function and chronic obstructive pulmonary disease risk.	Lung function (FEV1)	475,645 European ancestry individuals, 8,590 African ancestry individuals, 85,279 East Asian ancestry individuals, 4,270 South Asian ancestry individuals, 14,668 Hispanic or Latin American individuals	NA	17p13.1	17	7542085		Y_RNA - TNFSF12	ENSG00000238723	ENSG00000239697		4889	6423	rs62059798-T	rs62059798	0	62059798	intergenic_variant	1	0.12	4E-12	11.397940008672037		6.942	z score decrease	Affymetrix, Illumina [63380712] (imputed)	N	forced expiratory volume	http://www.ebi.ac.uk/efo/EFO_0004314	GCST90244092	Genome-wide genotyping array
2023-12-12	36914875	Shrine N	2023-03-13	Nat Genet	www.ncbi.nlm.nih.gov/pubmed/36914875	Multi-ancestry genome-wide association analyses improve resolution of genes and pathways influencing lung function and chronic obstructive pulmonary disease risk.	Lung function (FEV1)	475,645 European ancestry individuals, 8,590 African ancestry individuals, 85,279 East Asian ancestry individuals, 4,270 South Asian ancestry individuals, 14,668 Hispanic or Latin American individuals	NA	13q31.3	13	91783564		GPC5			ENSG00000179399			rs3012004-A	rs3012004	0	3012004	intron_variant	0	0.729	4E-12	11.397940008672037		6.937	z score decrease	Affymetrix, Illumina [63380712] (imputed)	N	forced expiratory volume	http://www.ebi.ac.uk/efo/EFO_0004314	GCST90244092	Genome-wide genotyping array
2023-12-12	36914875	Shrine N	2023-03-13	Nat Genet	www.ncbi.nlm.nih.gov/pubmed/36914875	Multi-ancestry genome-wide association analyses improve resolution of genes and pathways influencing lung function and chronic obstructive pulmonary disease risk.	Lung function (FEV1)	475,645 European ancestry individuals, 8,590 African ancestry individuals, 85,279 East Asian ancestry individuals, 4,270 South Asian ancestry individuals, 14,668 Hispanic or Latin American individuals	NA	1q21.2	1	150303594		MRPS21			ENSG00000266472			rs509345-A	rs509345	0	509345	intron_variant	0	0.472	5E-12	11.301029995663981		6.919	z score decrease	Affymetrix, Illumina [63380712] (imputed)	N	forced expiratory volume	http://www.ebi.ac.uk/efo/EFO_0004314	GCST90244092	Genome-wide genotyping array
2023-12-12	36914875	Shrine N	2023-03-13	Nat Genet	www.ncbi.nlm.nih.gov/pubmed/36914875	Multi-ancestry genome-wide association analyses improve resolution of genes and pathways influencing lung function and chronic obstructive pulmonary disease risk.	Lung function (FEV1)	475,645 European ancestry individuals, 8,590 African ancestry individuals, 85,279 East Asian ancestry individuals, 4,270 South Asian ancestry individuals, 14,668 Hispanic or Latin American individuals	NA	7p21.1	7	19021803		TWIST1			ENSG00000122691			rs10280296-A	rs10280296	0	10280296	intergenic_variant	0	0.279	5E-12	11.301029995663981		6.914	z score increase	Affymetrix, Illumina [63380712] (imputed)	N	forced expiratory volume	http://www.ebi.ac.uk/efo/EFO_0004314	GCST90244092	Genome-wide genotyping array
2023-12-12	36914875	Shrine N	2023-03-13	Nat Genet	www.ncbi.nlm.nih.gov/pubmed/36914875	Multi-ancestry genome-wide association analyses improve resolution of genes and pathways influencing lung function and chronic obstructive pulmonary disease risk.	Lung function (FEV1)	475,645 European ancestry individuals, 8,590 African ancestry individuals, 85,279 East Asian ancestry individuals, 4,270 South Asian ancestry individuals, 14,668 Hispanic or Latin American individuals	NA	6p21.31	6	34222327		CYCSP55 - HMGA1	ENSG00000214810	ENSG00000137309		2261	13291	rs75104038-A	rs75104038	0	75104038	intergenic_variant	1	0.0597	6E-12	11.221848749616356		6.881	z score increase	Affymetrix, Illumina [63380712] (imputed)	N	forced expiratory volume	http://www.ebi.ac.uk/efo/EFO_0004314	GCST90244092	Genome-wide genotyping array
2023-12-12	36914875	Shrine N	2023-03-13	Nat Genet	www.ncbi.nlm.nih.gov/pubmed/36914875	Multi-ancestry genome-wide association analyses improve resolution of genes and pathways influencing lung function and chronic obstructive pulmonary disease risk.	Lung function (FEV1)	475,645 European ancestry individuals, 8,590 African ancestry individuals, 85,279 East Asian ancestry individuals, 4,270 South Asian ancestry individuals, 14,668 Hispanic or Latin American individuals	NA	13q14.2	13	50248227		DLEU1			ENSG00000176124			rs2762049-C	rs2762049	0	2762049	intron_variant	0	0.392	7E-12	11.154901959985743		6.852	z score decrease	Affymetrix, Illumina [63380712] (imputed)	N	forced expiratory volume	http://www.ebi.ac.uk/efo/EFO_0004314	GCST90244092	Genome-wide genotyping array
2023-12-12	36914875	Shrine N	2023-03-13	Nat Genet	www.ncbi.nlm.nih.gov/pubmed/36914875	Multi-ancestry genome-wide association analyses improve resolution of genes and pathways influencing lung function and chronic obstructive pulmonary disease risk.	Lung function (FEV1)	475,645 European ancestry individuals, 8,590 African ancestry individuals, 85,279 East Asian ancestry individuals, 4,270 South Asian ancestry individuals, 14,668 Hispanic or Latin American individuals	NA	10p11.22	10	31768178		ZEBTR - ARHGAP12	ENSG00000289412	ENSG00000165322		7959	37220	rs2778665-A	rs2778665	0	2778665	intron_variant	1	0.581	9E-12	11.045757490560675		6.822	z score decrease	Affymetrix, Illumina [63380712] (imputed)	N	forced expiratory volume	http://www.ebi.ac.uk/efo/EFO_0004314	GCST90244092	Genome-wide genotyping array
2023-12-12	36914875	Shrine N	2023-03-13	Nat Genet	www.ncbi.nlm.nih.gov/pubmed/36914875	Multi-ancestry genome-wide association analyses improve resolution of genes and pathways influencing lung function and chronic obstructive pulmonary disease risk.	Lung function (FEV1)	475,645 European ancestry individuals, 8,590 African ancestry individuals, 85,279 East Asian ancestry individuals, 4,270 South Asian ancestry individuals, 14,668 Hispanic or Latin American individuals	NA	2p15	2	63050708		OTX1			ENSG00000115507			rs58235267-C	rs58235267	0	58235267	regulatory_region_variant	0	0.484	1E-11	11.0		6.807	z score increase	Affymetrix, Illumina [63380712] (imputed)	N	forced expiratory volume	http://www.ebi.ac.uk/efo/EFO_0004314	GCST90244092	Genome-wide genotyping array
2023-12-12	36914875	Shrine N	2023-03-13	Nat Genet	www.ncbi.nlm.nih.gov/pubmed/36914875	Multi-ancestry genome-wide association analyses improve resolution of genes and pathways influencing lung function and chronic obstructive pulmonary disease risk.	Lung function (FEV1)	475,645 European ancestry individuals, 8,590 African ancestry individuals, 85,279 East Asian ancestry individuals, 4,270 South Asian ancestry individuals, 14,668 Hispanic or Latin American individuals	NA	6q23.2	6	134018127		SLC2A12			ENSG00000146411			rs2627237-A	rs2627237	0	2627237	intron_variant	0	0.586	1E-11	11.0		6.799	z score increase	Affymetrix, Illumina [63380712] (imputed)	N	forced expiratory volume	http://www.ebi.ac.uk/efo/EFO_0004314	GCST90244092	Genome-wide genotyping array
2023-12-12	36914875	Shrine N	2023-03-13	Nat Genet	www.ncbi.nlm.nih.gov/pubmed/36914875	Multi-ancestry genome-wide association analyses improve resolution of genes and pathways influencing lung function and chronic obstructive pulmonary disease risk.	Lung function (FEV1)	475,645 European ancestry individuals, 8,590 African ancestry individuals, 85,279 East Asian ancestry individuals, 4,270 South Asian ancestry individuals, 14,668 Hispanic or Latin American individuals	NA	10q26.13	10	121650128		FGFR2 - ATE1	ENSG00000066468	ENSG00000107669		51670	59265	rs7920383-A	rs7920383	0	7920383	intergenic_variant	1	0.936	1E-11	11.0		6.798	z score decrease	Affymetrix, Illumina [63380712] (imputed)	N	forced expiratory volume	http://www.ebi.ac.uk/efo/EFO_0004314	GCST90244092	Genome-wide genotyping array
2023-12-12	36914875	Shrine N	2023-03-13	Nat Genet	www.ncbi.nlm.nih.gov/pubmed/36914875	Multi-ancestry genome-wide association analyses improve resolution of genes and pathways influencing lung function and chronic obstructive pulmonary disease risk.	Lung function (FEV1)	475,645 European ancestry individuals, 8,590 African ancestry individuals, 85,279 East Asian ancestry individuals, 4,270 South Asian ancestry individuals, 14,668 Hispanic or Latin American individuals	NA	4q12	4	56937339		REST			ENSG00000084093			rs12641030-A	rs12641030	0	12641030	regulatory_region_variant	0	0.554	1E-11	11.0		6.788	z score increase	Affymetrix, Illumina [63380712] (imputed)	N	forced expiratory volume	http://www.ebi.ac.uk/efo/EFO_0004314	GCST90244092	Genome-wide genotyping array
2023-12-12	36914875	Shrine N	2023-03-13	Nat Genet	www.ncbi.nlm.nih.gov/pubmed/36914875	Multi-ancestry genome-wide association analyses improve resolution of genes and pathways influencing lung function and chronic obstructive pulmonary disease risk.	Lung function (FEV1)	475,645 European ancestry individuals, 8,590 African ancestry individuals, 85,279 East Asian ancestry individuals, 4,270 South Asian ancestry individuals, 14,668 Hispanic or Latin American individuals	NA	18q12.3	18	45247933		SLC14A2			ENSG00000132874			rs9807668-T	rs9807668	0	9807668	intron_variant	0	0.0838	2E-11	10.698970004336019		6.695	z score increase	Affymetrix, Illumina [63380712] (imputed)	N	forced expiratory volume	http://www.ebi.ac.uk/efo/EFO_0004314	GCST90244092	Genome-wide genotyping array
2023-12-12	36914875	Shrine N	2023-03-13	Nat Genet	www.ncbi.nlm.nih.gov/pubmed/36914875	Multi-ancestry genome-wide association analyses improve resolution of genes and pathways influencing lung function and chronic obstructive pulmonary disease risk.	Lung function (FEV1)	475,645 European ancestry individuals, 8,590 African ancestry individuals, 85,279 East Asian ancestry individuals, 4,270 South Asian ancestry individuals, 14,668 Hispanic or Latin American individuals	NA	17p13.1	17	6566473		PITPNM3 - KIAA0753	ENSG00000091622	ENSG00000198920		9918	11674	rs4796334-A	rs4796334	0	4796334	intergenic_variant	1	0.476	9E-13	12.045757490560675		7.145	z score decrease	Affymetrix, Illumina [63380712] (imputed)	N	forced expiratory volume	http://www.ebi.ac.uk/efo/EFO_0004314	GCST90244092	Genome-wide genotyping array
2023-12-12	36914875	Shrine N	2023-03-13	Nat Genet	www.ncbi.nlm.nih.gov/pubmed/36914875	Multi-ancestry genome-wide association analyses improve resolution of genes and pathways influencing lung function and chronic obstructive pulmonary disease risk.	Lung function (FEV1)	475,645 European ancestry individuals, 8,590 African ancestry individuals, 85,279 East Asian ancestry individuals, 4,270 South Asian ancestry individuals, 14,668 Hispanic or Latin American individuals	NA	3p25.1	3	13746144		LINC00620			ENSG00000224514			rs2974389-A	rs2974389	0	2974389	intron_variant	0	0.435	3E-12	11.522878745280337		6.973	z score increase	Affymetrix, Illumina [63380712] (imputed)	N	forced expiratory volume	http://www.ebi.ac.uk/efo/EFO_0004314	GCST90244092	Genome-wide genotyping array
2023-12-12	36914875	Shrine N	2023-03-13	Nat Genet	www.ncbi.nlm.nih.gov/pubmed/36914875	Multi-ancestry genome-wide association analyses improve resolution of genes and pathways influencing lung function and chronic obstructive pulmonary disease risk.	Lung function (FEV1)	475,645 European ancestry individuals, 8,590 African ancestry individuals, 85,279 East Asian ancestry individuals, 4,270 South Asian ancestry individuals, 14,668 Hispanic or Latin American individuals	NA	1q23.3	1	163619516		RNA5SP63 - U3	ENSG00000212527	ENSG00000221496		109921	304154	rs12564153-T	rs12564153	0	12564153	intergenic_variant	1	0.929	4E-12	11.397940008672037		6.944	z score decrease	Affymetrix, Illumina [63380712] (imputed)	N	forced expiratory volume	http://www.ebi.ac.uk/efo/EFO_0004314	GCST90244092	Genome-wide genotyping array
2023-12-12	36914875	Shrine N	2023-03-13	Nat Genet	www.ncbi.nlm.nih.gov/pubmed/36914875	Multi-ancestry genome-wide association analyses improve resolution of genes and pathways influencing lung function and chronic obstructive pulmonary disease risk.	Lung function (FEV1)	475,645 European ancestry individuals, 8,590 African ancestry individuals, 85,279 East Asian ancestry individuals, 4,270 South Asian ancestry individuals, 14,668 Hispanic or Latin American individuals	NA											chr9:140258802-A	chr9:140258802	0			1	0.113	5E-12	11.301029995663981		6.914	z score increase	Affymetrix, Illumina [63380712] (imputed)	N	forced expiratory volume	http://www.ebi.ac.uk/efo/EFO_0004314	GCST90244092	Genome-wide genotyping array
2023-12-12	36914875	Shrine N	2023-03-13	Nat Genet	www.ncbi.nlm.nih.gov/pubmed/36914875	Multi-ancestry genome-wide association analyses improve resolution of genes and pathways influencing lung function and chronic obstructive pulmonary disease risk.	Lung function (FEV1)	475,645 European ancestry individuals, 8,590 African ancestry individuals, 85,279 East Asian ancestry individuals, 4,270 South Asian ancestry individuals, 14,668 Hispanic or Latin American individuals	NA	2p11.2	2	88578615		EIF2AK3			ENSG00000172071			rs7593335-A	rs7593335	0	7593335	intron_variant	0	0.312	5E-12	11.301029995663981		6.892	z score decrease	Affymetrix, Illumina [63380712] (imputed)	N	forced expiratory volume	http://www.ebi.ac.uk/efo/EFO_0004314	GCST90244092	Genome-wide genotyping array
2023-12-12	36914875	Shrine N	2023-03-13	Nat Genet	www.ncbi.nlm.nih.gov/pubmed/36914875	Multi-ancestry genome-wide association analyses improve resolution of genes and pathways influencing lung function and chronic obstructive pulmonary disease risk.	Lung function (FEV1)	475,645 European ancestry individuals, 8,590 African ancestry individuals, 85,279 East Asian ancestry individuals, 4,270 South Asian ancestry individuals, 14,668 Hispanic or Latin American individuals	NA	20q13.33	20	62475466		GATA5			ENSG00000130700			rs200383755-C	rs200383755	0	200383755	missense_variant	0	0.0057	1E-12	12.0		7.135	z score decrease	Affymetrix, Illumina [63380712] (imputed)	N	forced expiratory volume	http://www.ebi.ac.uk/efo/EFO_0004314	GCST90244092	Genome-wide genotyping array
2023-12-12	36914875	Shrine N	2023-03-13	Nat Genet	www.ncbi.nlm.nih.gov/pubmed/36914875	Multi-ancestry genome-wide association analyses improve resolution of genes and pathways influencing lung function and chronic obstructive pulmonary disease risk.	Lung function (FEV1)	475,645 European ancestry individuals, 8,590 African ancestry individuals, 85,279 East Asian ancestry individuals, 4,270 South Asian ancestry individuals, 14,668 Hispanic or Latin American individuals	NA	17q21.31	17	45762585		LINC02210-CRHR1			ENSG00000263715			rs11079718-A	rs11079718	0	11079718	intron_variant	0	0.789	7E-60	59.15490195998574		16.321	z score increase	Affymetrix, Illumina [63380712] (imputed)	N	forced expiratory volume	http://www.ebi.ac.uk/efo/EFO_0004314	GCST90244092	Genome-wide genotyping array
2023-12-12	36914875	Shrine N	2023-03-13	Nat Genet	www.ncbi.nlm.nih.gov/pubmed/36914875	Multi-ancestry genome-wide association analyses improve resolution of genes and pathways influencing lung function and chronic obstructive pulmonary disease risk.	Lung function (FEV1)	475,645 European ancestry individuals, 8,590 African ancestry individuals, 85,279 East Asian ancestry individuals, 4,270 South Asian ancestry individuals, 14,668 Hispanic or Latin American individuals	NA	2q35	2	217818431		TNS1			ENSG00000079308			rs2571445-A	rs2571445	0	2571445	missense_variant	0	0.391	5E-49	48.30102999566398		14.722	z score decrease	Affymetrix, Illumina [63380712] (imputed)	N	forced expiratory volume	http://www.ebi.ac.uk/efo/EFO_0004314	GCST90244092	Genome-wide genotyping array
2023-12-12	36914875	Shrine N	2023-03-13	Nat Genet	www.ncbi.nlm.nih.gov/pubmed/36914875	Multi-ancestry genome-wide association analyses improve resolution of genes and pathways influencing lung function and chronic obstructive pulmonary disease risk.	Lung function (FEV1)	475,645 European ancestry individuals, 8,590 African ancestry individuals, 85,279 East Asian ancestry individuals, 4,270 South Asian ancestry individuals, 14,668 Hispanic or Latin American individuals	NA	4q24	4	105893145		INTS12			ENSG00000138785			rs72673891-A	rs72673891	0	72673891	intergenic_variant	0	0.935	4E-48	47.39794000867204		14.575	z score decrease	Affymetrix, Illumina [63380712] (imputed)	N	forced expiratory volume	http://www.ebi.ac.uk/efo/EFO_0004314	GCST90244092	Genome-wide genotyping array
2023-12-12	36914875	Shrine N	2023-03-13	Nat Genet	www.ncbi.nlm.nih.gov/pubmed/36914875	Multi-ancestry genome-wide association analyses improve resolution of genes and pathways influencing lung function and chronic obstructive pulmonary disease risk.	Lung function (FEV1)	475,645 European ancestry individuals, 8,590 African ancestry individuals, 85,279 East Asian ancestry individuals, 4,270 South Asian ancestry individuals, 14,668 Hispanic or Latin American individuals	NA	10q22.3	10	76559121		LRMDA			ENSG00000148655			rs2579762-A	rs2579762	0	2579762	3_prime_UTR_variant	0	0.546	3E-42	41.52287874528034		13.626	z score increase	Affymetrix, Illumina [63380712] (imputed)	N	forced expiratory volume	http://www.ebi.ac.uk/efo/EFO_0004314	GCST90244092	Genome-wide genotyping array
2023-12-12	36914875	Shrine N	2023-03-13	Nat Genet	www.ncbi.nlm.nih.gov/pubmed/36914875	Multi-ancestry genome-wide association analyses improve resolution of genes and pathways influencing lung function and chronic obstructive pulmonary disease risk.	Lung function (FEV1)	475,645 European ancestry individuals, 8,590 African ancestry individuals, 85,279 East Asian ancestry individuals, 4,270 South Asian ancestry individuals, 14,668 Hispanic or Latin American individuals	NA	6p22.1	6	27618441		RNU6-471P - RPL8P1	ENSG00000206671	ENSG00000216676		21924	34161	rs67652222-T	rs67652222	0	67652222	regulatory_region_variant	1	0.107	2E-39	38.69897000433602		13.141	z score decrease	Affymetrix, Illumina [63380712] (imputed)	N	forced expiratory volume	http://www.ebi.ac.uk/efo/EFO_0004314	GCST90244092	Genome-wide genotyping array
2023-12-12	36914875	Shrine N	2023-03-13	Nat Genet	www.ncbi.nlm.nih.gov/pubmed/36914875	Multi-ancestry genome-wide association analyses improve resolution of genes and pathways influencing lung function and chronic obstructive pulmonary disease risk.	Lung function (FEV1)	475,645 European ancestry individuals, 8,590 African ancestry individuals, 85,279 East Asian ancestry individuals, 4,270 South Asian ancestry individuals, 14,668 Hispanic or Latin American individuals	NA	6q24.2	6	142239820		VTA1 - LINC02919	ENSG00000009844	ENSG00000237494		15135	12024	rs9385988-A	rs9385988	0	9385988	intergenic_variant	1	0.659	6E-37	36.221848749616356		12.704	z score decrease	Affymetrix, Illumina [63380712] (imputed)	N	forced expiratory volume	http://www.ebi.ac.uk/efo/EFO_0004314	GCST90244092	Genome-wide genotyping array
2023-12-12	36914875	Shrine N	2023-03-13	Nat Genet	www.ncbi.nlm.nih.gov/pubmed/36914875	Multi-ancestry genome-wide association analyses improve resolution of genes and pathways influencing lung function and chronic obstructive pulmonary disease risk.	Lung function (FEV1)	475,645 European ancestry individuals, 8,590 African ancestry individuals, 85,279 East Asian ancestry individuals, 4,270 South Asian ancestry individuals, 14,668 Hispanic or Latin American individuals	NA	3q26.2	3	168992055		LINC02082 - LINC01997	ENSG00000242268	ENSG00000241383		67465	10958	rs879394-T	rs879394	0	879394	intergenic_variant	1	0.248	7E-36	35.15490195998574		12.505	z score decrease	Affymetrix, Illumina [63380712] (imputed)	N	forced expiratory volume	http://www.ebi.ac.uk/efo/EFO_0004314	GCST90244092	Genome-wide genotyping array
2023-12-12	36914875	Shrine N	2023-03-13	Nat Genet	www.ncbi.nlm.nih.gov/pubmed/36914875	Multi-ancestry genome-wide association analyses improve resolution of genes and pathways influencing lung function and chronic obstructive pulmonary disease risk.	Lung function (FEV1)	475,645 European ancestry individuals, 8,590 African ancestry individuals, 85,279 East Asian ancestry individuals, 4,270 South Asian ancestry individuals, 14,668 Hispanic or Latin American individuals	NA	15q23	15	71381439		THSD4			ENSG00000187720			rs2165489-T	rs2165489	0	2165489	intron_variant	0	0.209	3E-33	32.52287874528034		12.027	z score decrease	Affymetrix, Illumina [63380712] (imputed)	N	forced expiratory volume	http://www.ebi.ac.uk/efo/EFO_0004314	GCST90244092	Genome-wide genotyping array
2023-12-12	36914875	Shrine N	2023-03-13	Nat Genet	www.ncbi.nlm.nih.gov/pubmed/36914875	Multi-ancestry genome-wide association analyses improve resolution of genes and pathways influencing lung function and chronic obstructive pulmonary disease risk.	Lung function (FEV1)	475,645 European ancestry individuals, 8,590 African ancestry individuals, 85,279 East Asian ancestry individuals, 4,270 South Asian ancestry individuals, 14,668 Hispanic or Latin American individuals	NA	18p11.22	18	8800725		MTCL1			ENSG00000168502			rs631126-T	rs631126	0	631126	intron_variant	0	0.282	2E-30	29.69897000433602		11.472	z score decrease	Affymetrix, Illumina [63380712] (imputed)	N	forced expiratory volume	http://www.ebi.ac.uk/efo/EFO_0004314	GCST90244092	Genome-wide genotyping array
2023-12-12	36914875	Shrine N	2023-03-13	Nat Genet	www.ncbi.nlm.nih.gov/pubmed/36914875	Multi-ancestry genome-wide association analyses improve resolution of genes and pathways influencing lung function and chronic obstructive pulmonary disease risk.	Lung function (FEV1)	475,645 European ancestry individuals, 8,590 African ancestry individuals, 85,279 East Asian ancestry individuals, 4,270 South Asian ancestry individuals, 14,668 Hispanic or Latin American individuals	NA	11q12.3	11	62602409		EML3			ENSG00000149499			rs35156678-A	rs35156678	0	35156678	3_prime_UTR_variant	0	0.314	2E-30	29.69897000433602		11.456	z score increase	Affymetrix, Illumina [63380712] (imputed)	N	forced expiratory volume	http://www.ebi.ac.uk/efo/EFO_0004314	GCST90244092	Genome-wide genotyping array
2023-12-12	36914875	Shrine N	2023-03-13	Nat Genet	www.ncbi.nlm.nih.gov/pubmed/36914875	Multi-ancestry genome-wide association analyses improve resolution of genes and pathways influencing lung function and chronic obstructive pulmonary disease risk.	Lung function (FEV1)	475,645 European ancestry individuals, 8,590 African ancestry individuals, 85,279 East Asian ancestry individuals, 4,270 South Asian ancestry individuals, 14,668 Hispanic or Latin American individuals	NA	3q26.2	3	169577648		MECOM			ENSG00000085276			rs78101726-A	rs78101726	0	78101726	intron_variant	0	0.818	2E-30	29.69897000433602		11.452	z score increase	Affymetrix, Illumina [63380712] (imputed)	N	forced expiratory volume	http://www.ebi.ac.uk/efo/EFO_0004314	GCST90244092	Genome-wide genotyping array
2023-12-12	36914875	Shrine N	2023-03-13	Nat Genet	www.ncbi.nlm.nih.gov/pubmed/36914875	Multi-ancestry genome-wide association analyses improve resolution of genes and pathways influencing lung function and chronic obstructive pulmonary disease risk.	Lung function (FEV1)	475,645 European ancestry individuals, 8,590 African ancestry individuals, 85,279 East Asian ancestry individuals, 4,270 South Asian ancestry individuals, 14,668 Hispanic or Latin American individuals	NA	22q11.21	22	17951518		MICAL3			ENSG00000243156			rs8135939-A	rs8135939	0	8135939	intron_variant	0	0.809	6E-29	28.221848749616356		11.161	z score decrease	Affymetrix, Illumina [63380712] (imputed)	N	forced expiratory volume	http://www.ebi.ac.uk/efo/EFO_0004314	GCST90244092	Genome-wide genotyping array
2023-12-12	36914875	Shrine N	2023-03-13	Nat Genet	www.ncbi.nlm.nih.gov/pubmed/36914875	Multi-ancestry genome-wide association analyses improve resolution of genes and pathways influencing lung function and chronic obstructive pulmonary disease risk.	Lung function (FEV1)	475,645 European ancestry individuals, 8,590 African ancestry individuals, 85,279 East Asian ancestry individuals, 4,270 South Asian ancestry individuals, 14,668 Hispanic or Latin American individuals	NA	16p11.2	16	30978537		SETD1A			ENSG00000099381			rs4889525-T	rs4889525	0	4889525	intron_variant	0	0.337	1E-27	27.0		10.909	z score decrease	Affymetrix, Illumina [63380712] (imputed)	N	forced expiratory volume	http://www.ebi.ac.uk/efo/EFO_0004314	GCST90244092	Genome-wide genotyping array
2023-12-12	36914875	Shrine N	2023-03-13	Nat Genet	www.ncbi.nlm.nih.gov/pubmed/36914875	Multi-ancestry genome-wide association analyses improve resolution of genes and pathways influencing lung function and chronic obstructive pulmonary disease risk.	Lung function (FEV1)	475,645 European ancestry individuals, 8,590 African ancestry individuals, 85,279 East Asian ancestry individuals, 4,270 South Asian ancestry individuals, 14,668 Hispanic or Latin American individuals	NA	1q41	1	218684267		U3 - NXNP1	ENSG00000221496	ENSG00000226693		142368	197333	rs28736888-T	rs28736888	0	28736888	intergenic_variant	1	0.491	4E-26	25.397940008672037		10.573	z score increase	Affymetrix, Illumina [63380712] (imputed)	N	forced expiratory volume	http://www.ebi.ac.uk/efo/EFO_0004314	GCST90244092	Genome-wide genotyping array
2023-12-12	36914875	Shrine N	2023-03-13	Nat Genet	www.ncbi.nlm.nih.gov/pubmed/36914875	Multi-ancestry genome-wide association analyses improve resolution of genes and pathways influencing lung function and chronic obstructive pulmonary disease risk.	Lung function (FEV1)	475,645 European ancestry individuals, 8,590 African ancestry individuals, 85,279 East Asian ancestry individuals, 4,270 South Asian ancestry individuals, 14,668 Hispanic or Latin American individuals	NA	11q24.2	11	126158822		NAP1L1P1 - RPUSD4	ENSG00000254759	ENSG00000165526		90221	43273	rs563519-T	rs563519	0	563519	intergenic_variant	1	0.705	2E-25	24.69897000433602		10.444	z score increase	Affymetrix, Illumina [63380712] (imputed)	N	forced expiratory volume	http://www.ebi.ac.uk/efo/EFO_0004314	GCST90244092	Genome-wide genotyping array
2023-12-12	36914875	Shrine N	2023-03-13	Nat Genet	www.ncbi.nlm.nih.gov/pubmed/36914875	Multi-ancestry genome-wide association analyses improve resolution of genes and pathways influencing lung function and chronic obstructive pulmonary disease risk.	Lung function (FEV1)	475,645 European ancestry individuals, 8,590 African ancestry individuals, 85,279 East Asian ancestry individuals, 4,270 South Asian ancestry individuals, 14,668 Hispanic or Latin American individuals	NA	10q22.2	10	73752694		SEC24C			ENSG00000176986			rs11000765-C	rs11000765	0	11000765	intron_variant	0	0.65	2E-25	24.69897000433602		10.431	z score decrease	Affymetrix, Illumina [63380712] (imputed)	N	forced expiratory volume	http://www.ebi.ac.uk/efo/EFO_0004314	GCST90244092	Genome-wide genotyping array
2023-12-12	36914875	Shrine N	2023-03-13	Nat Genet	www.ncbi.nlm.nih.gov/pubmed/36914875	Multi-ancestry genome-wide association analyses improve resolution of genes and pathways influencing lung function and chronic obstructive pulmonary disease risk.	Lung function (FEV1)	475,645 European ancestry individuals, 8,590 African ancestry individuals, 85,279 East Asian ancestry individuals, 4,270 South Asian ancestry individuals, 14,668 Hispanic or Latin American individuals	NA	9q33.1	9	116661433		ASTN2			ENSG00000148219			rs1742830-T	rs1742830	0	1742830	intron_variant	0	0.408	5E-25	24.30102999566398		10.332	z score increase	Affymetrix, Illumina [63380712] (imputed)	N	forced expiratory volume	http://www.ebi.ac.uk/efo/EFO_0004314	GCST90244092	Genome-wide genotyping array
2023-12-12	36914875	Shrine N	2023-03-13	Nat Genet	www.ncbi.nlm.nih.gov/pubmed/36914875	Multi-ancestry genome-wide association analyses improve resolution of genes and pathways influencing lung function and chronic obstructive pulmonary disease risk.	Lung function (FEV1)	475,645 European ancestry individuals, 8,590 African ancestry individuals, 85,279 East Asian ancestry individuals, 4,270 South Asian ancestry individuals, 14,668 Hispanic or Latin American individuals	NA	12q14.3	12	65399373		MSRB3			ENSG00000174099			rs12825748-C	rs12825748	0	12825748	intron_variant	0	0.306	9E-25	24.045757490560675		10.276	z score increase	Affymetrix, Illumina [63380712] (imputed)	N	forced expiratory volume	http://www.ebi.ac.uk/efo/EFO_0004314	GCST90244092	Genome-wide genotyping array
2023-12-12	36914875	Shrine N	2023-03-13	Nat Genet	www.ncbi.nlm.nih.gov/pubmed/36914875	Multi-ancestry genome-wide association analyses improve resolution of genes and pathways influencing lung function and chronic obstructive pulmonary disease risk.	Lung function (FEV1)	475,645 European ancestry individuals, 8,590 African ancestry individuals, 85,279 East Asian ancestry individuals, 4,270 South Asian ancestry individuals, 14,668 Hispanic or Latin American individuals	NA	10q21.3	10	63273348		JMJD1C			ENSG00000171988			rs7909555-T	rs7909555	0	7909555	intron_variant	0	0.23	2E-24	23.69897000433602		10.216	z score increase	Affymetrix, Illumina [63380712] (imputed)	N	forced expiratory volume	http://www.ebi.ac.uk/efo/EFO_0004314	GCST90244092	Genome-wide genotyping array
2023-12-12	36914875	Shrine N	2023-03-13	Nat Genet	www.ncbi.nlm.nih.gov/pubmed/36914875	Multi-ancestry genome-wide association analyses improve resolution of genes and pathways influencing lung function and chronic obstructive pulmonary disease risk.	Lung function (FEV1)	475,645 European ancestry individuals, 8,590 African ancestry individuals, 85,279 East Asian ancestry individuals, 4,270 South Asian ancestry individuals, 14,668 Hispanic or Latin American individuals	NA	7p21.1	7	18196884		HDAC9			ENSG00000048052			rs1528683-C	rs1528683	0	1528683	intron_variant	0	0.883	1E-23	23.0		10.043	z score increase	Affymetrix, Illumina [63380712] (imputed)	N	forced expiratory volume	http://www.ebi.ac.uk/efo/EFO_0004314	GCST90244092	Genome-wide genotyping array
2023-12-12	36914875	Shrine N	2023-03-13	Nat Genet	www.ncbi.nlm.nih.gov/pubmed/36914875	Multi-ancestry genome-wide association analyses improve resolution of genes and pathways influencing lung function and chronic obstructive pulmonary disease risk.	Lung function (FEV1)	475,645 European ancestry individuals, 8,590 African ancestry individuals, 85,279 East Asian ancestry individuals, 4,270 South Asian ancestry individuals, 14,668 Hispanic or Latin American individuals	NA	3p22.3	3	32896104		TRIM71			ENSG00000206557			rs4909017-T	rs4909017	0	4909017	3_prime_UTR_variant	0	0.588	6E-23	22.221848749616356		9.858	z score increase	Affymetrix, Illumina [63380712] (imputed)	N	forced expiratory volume	http://www.ebi.ac.uk/efo/EFO_0004314	GCST90244092	Genome-wide genotyping array
2023-12-12	36914875	Shrine N	2023-03-13	Nat Genet	www.ncbi.nlm.nih.gov/pubmed/36914875	Multi-ancestry genome-wide association analyses improve resolution of genes and pathways influencing lung function and chronic obstructive pulmonary disease risk.	Lung function (FEV1)	475,645 European ancestry individuals, 8,590 African ancestry individuals, 85,279 East Asian ancestry individuals, 4,270 South Asian ancestry individuals, 14,668 Hispanic or Latin American individuals	NA	17q21.32	17	48470019		SKAP1 - Y_RNA	ENSG00000141293	ENSG00000238723		39744	9078	rs7211143-A	rs7211143	0	7211143	intergenic_variant	1	0.709	1E-22	22.0		9.792	z score decrease	Affymetrix, Illumina [63380712] (imputed)	N	forced expiratory volume	http://www.ebi.ac.uk/efo/EFO_0004314	GCST90244092	Genome-wide genotyping array
2023-12-12	36914875	Shrine N	2023-03-13	Nat Genet	www.ncbi.nlm.nih.gov/pubmed/36914875	Multi-ancestry genome-wide association analyses improve resolution of genes and pathways influencing lung function and chronic obstructive pulmonary disease risk.	Lung function (FEV1)	475,645 European ancestry individuals, 8,590 African ancestry individuals, 85,279 East Asian ancestry individuals, 4,270 South Asian ancestry individuals, 14,668 Hispanic or Latin American individuals	NA	1q32.1	1	204457167		PIK3C2B			ENSG00000133056			rs1008833-A	rs1008833	0	1008833	intron_variant	0	0.824	2E-22	21.69897000433602		9.759	z score decrease	Affymetrix, Illumina [63380712] (imputed)	N	forced expiratory volume	http://www.ebi.ac.uk/efo/EFO_0004314	GCST90244092	Genome-wide genotyping array
2023-12-12	36914875	Shrine N	2023-03-13	Nat Genet	www.ncbi.nlm.nih.gov/pubmed/36914875	Multi-ancestry genome-wide association analyses improve resolution of genes and pathways influencing lung function and chronic obstructive pulmonary disease risk.	Lung function (FEV1)	475,645 European ancestry individuals, 8,590 African ancestry individuals, 85,279 East Asian ancestry individuals, 4,270 South Asian ancestry individuals, 14,668 Hispanic or Latin American individuals	NA	22q12.1	22	27785411		MN1			ENSG00000169184			rs2283847-T	rs2283847	0	2283847	intron_variant	0	0.525	2E-22	21.69897000433602		9.755	z score decrease	Affymetrix, Illumina [63380712] (imputed)	N	forced expiratory volume	http://www.ebi.ac.uk/efo/EFO_0004314	GCST90244092	Genome-wide genotyping array
2023-12-12	36914875	Shrine N	2023-03-13	Nat Genet	www.ncbi.nlm.nih.gov/pubmed/36914875	Multi-ancestry genome-wide association analyses improve resolution of genes and pathways influencing lung function and chronic obstructive pulmonary disease risk.	Lung function (FEV1)	475,645 European ancestry individuals, 8,590 African ancestry individuals, 85,279 East Asian ancestry individuals, 4,270 South Asian ancestry individuals, 14,668 Hispanic or Latin American individuals	NA	18q11.2	18	22452891		ATP7BP1 - RPS4XP18	ENSG00000270855	ENSG00000239490		33597	133574	rs4800410-A	rs4800410	0	4800410	intergenic_variant	1	0.556	8E-22	21.096910013008056		9.602	z score decrease	Affymetrix, Illumina [63380712] (imputed)	N	forced expiratory volume	http://www.ebi.ac.uk/efo/EFO_0004314	GCST90244092	Genome-wide genotyping array
2023-12-12	36914875	Shrine N	2023-03-13	Nat Genet	www.ncbi.nlm.nih.gov/pubmed/36914875	Multi-ancestry genome-wide association analyses improve resolution of genes and pathways influencing lung function and chronic obstructive pulmonary disease risk.	Lung function (FEV1)	475,645 European ancestry individuals, 8,590 African ancestry individuals, 85,279 East Asian ancestry individuals, 4,270 South Asian ancestry individuals, 14,668 Hispanic or Latin American individuals	NA	5q32	5	148823673		HTR4 - ADRB2	ENSG00000164270	ENSG00000169252		146438	2938	rs35684381-T	rs35684381	0	35684381	intron_variant	1	0.829	1E-21	21.0		9.547	z score decrease	Affymetrix, Illumina [63380712] (imputed)	N	forced expiratory volume	http://www.ebi.ac.uk/efo/EFO_0004314	GCST90244092	Genome-wide genotyping array
2023-12-12	36914875	Shrine N	2023-03-13	Nat Genet	www.ncbi.nlm.nih.gov/pubmed/36914875	Multi-ancestry genome-wide association analyses improve resolution of genes and pathways influencing lung function and chronic obstructive pulmonary disease risk.	Lung function (FEV1)	475,645 European ancestry individuals, 8,590 African ancestry individuals, 85,279 East Asian ancestry individuals, 4,270 South Asian ancestry individuals, 14,668 Hispanic or Latin American individuals	NA	12q14.3	12	66011524		HMGA2 - MIR6074	ENSG00000149948	ENSG00000276878		45233	12096	rs1383304-A	rs1383304	0	1383304	intergenic_variant	1	0.869	1E-21	21.0		9.536	z score increase	Affymetrix, Illumina [63380712] (imputed)	N	forced expiratory volume	http://www.ebi.ac.uk/efo/EFO_0004314	GCST90244092	Genome-wide genotyping array
2023-12-12	36914875	Shrine N	2023-03-13	Nat Genet	www.ncbi.nlm.nih.gov/pubmed/36914875	Multi-ancestry genome-wide association analyses improve resolution of genes and pathways influencing lung function and chronic obstructive pulmonary disease risk.	Lung function (FEV1)	475,645 European ancestry individuals, 8,590 African ancestry individuals, 85,279 East Asian ancestry individuals, 4,270 South Asian ancestry individuals, 14,668 Hispanic or Latin American individuals	NA	5p12	5	43473441		TMEM267			ENSG00000151881			rs112126001-A	rs112126001	0	112126001	intron_variant	0	0.904	2E-21	20.69897000433602		9.511	z score increase	Affymetrix, Illumina [63380712] (imputed)	N	forced expiratory volume	http://www.ebi.ac.uk/efo/EFO_0004314	GCST90244092	Genome-wide genotyping array
2023-12-12	36914875	Shrine N	2023-03-13	Nat Genet	www.ncbi.nlm.nih.gov/pubmed/36914875	Multi-ancestry genome-wide association analyses improve resolution of genes and pathways influencing lung function and chronic obstructive pulmonary disease risk.	Lung function (FEV1)	475,645 European ancestry individuals, 8,590 African ancestry individuals, 85,279 East Asian ancestry individuals, 4,270 South Asian ancestry individuals, 14,668 Hispanic or Latin American individuals	NA	7q36.3	7	156334552		Y_RNA - RNF32-DT	ENSG00000238723	ENSG00000182648		148329	54370	rs12698403-A	rs12698403	0	12698403	intergenic_variant	1	0.422	6E-38	37.221848749616356		12.875	z score decrease	Affymetrix, Illumina [63380712] (imputed)	N	forced expiratory volume	http://www.ebi.ac.uk/efo/EFO_0004314	GCST90244092	Genome-wide genotyping array
2023-12-12	36914875	Shrine N	2023-03-13	Nat Genet	www.ncbi.nlm.nih.gov/pubmed/36914875	Multi-ancestry genome-wide association analyses improve resolution of genes and pathways influencing lung function and chronic obstructive pulmonary disease risk.	Lung function (FEV1)	475,645 European ancestry individuals, 8,590 African ancestry individuals, 85,279 East Asian ancestry individuals, 4,270 South Asian ancestry individuals, 14,668 Hispanic or Latin American individuals	NA	3p14.3	3	57885928		SLMAP			ENSG00000163681			rs9872373-T	rs9872373	0	9872373	intron_variant	0	0.285	4E-44	43.39794000867204		13.93	z score increase	Affymetrix, Illumina [63380712] (imputed)	N	forced expiratory volume	http://www.ebi.ac.uk/efo/EFO_0004314	GCST90244092	Genome-wide genotyping array
2023-12-12	36914875	Shrine N	2023-03-13	Nat Genet	www.ncbi.nlm.nih.gov/pubmed/36914875	Multi-ancestry genome-wide association analyses improve resolution of genes and pathways influencing lung function and chronic obstructive pulmonary disease risk.	Lung function (FEV1)	475,645 European ancestry individuals, 8,590 African ancestry individuals, 85,279 East Asian ancestry individuals, 4,270 South Asian ancestry individuals, 14,668 Hispanic or Latin American individuals	NA	17q22	17	56221740		ANKFN1			ENSG00000153930			rs12453947-T	rs12453947	0	12453947	intron_variant	0	0.379	3E-21	20.522878745280337		9.449	z score increase	Affymetrix, Illumina [63380712] (imputed)	N	forced expiratory volume	http://www.ebi.ac.uk/efo/EFO_0004314	GCST90244092	Genome-wide genotyping array
2023-12-12	36914875	Shrine N	2023-03-13	Nat Genet	www.ncbi.nlm.nih.gov/pubmed/36914875	Multi-ancestry genome-wide association analyses improve resolution of genes and pathways influencing lung function and chronic obstructive pulmonary disease risk.	Lung function (FEV1)	475,645 European ancestry individuals, 8,590 African ancestry individuals, 85,279 East Asian ancestry individuals, 4,270 South Asian ancestry individuals, 14,668 Hispanic or Latin American individuals	NA	12q24.21	12	114241063		LINC02459			ENSG00000257476			rs2162319-A	rs2162319	0	2162319	intron_variant	0	0.837	4E-21	20.397940008672037		9.432	z score decrease	Affymetrix, Illumina [63380712] (imputed)	N	forced expiratory volume	http://www.ebi.ac.uk/efo/EFO_0004314	GCST90244092	Genome-wide genotyping array
2023-12-12	36914875	Shrine N	2023-03-13	Nat Genet	www.ncbi.nlm.nih.gov/pubmed/36914875	Multi-ancestry genome-wide association analyses improve resolution of genes and pathways influencing lung function and chronic obstructive pulmonary disease risk.	Lung function (FEV1)	475,645 European ancestry individuals, 8,590 African ancestry individuals, 85,279 East Asian ancestry individuals, 4,270 South Asian ancestry individuals, 14,668 Hispanic or Latin American individuals	NA	5q11.2	5	52975401		ITGA2-AS1			ENSG00000249899			rs34865297-A	rs34865297	0	34865297	intron_variant	0	0.208	4E-21	20.397940008672037		9.424	z score increase	Affymetrix, Illumina [63380712] (imputed)	N	forced expiratory volume	http://www.ebi.ac.uk/efo/EFO_0004314	GCST90244092	Genome-wide genotyping array
2023-12-12	36914875	Shrine N	2023-03-13	Nat Genet	www.ncbi.nlm.nih.gov/pubmed/36914875	Multi-ancestry genome-wide association analyses improve resolution of genes and pathways influencing lung function and chronic obstructive pulmonary disease risk.	Lung function (FEV1)	475,645 European ancestry individuals, 8,590 African ancestry individuals, 85,279 East Asian ancestry individuals, 4,270 South Asian ancestry individuals, 14,668 Hispanic or Latin American individuals	NA	2p24.2	2	18423121		KCNS3 - RDH14	ENSG00000170745	ENSG00000240857		61505	131602	rs58421832-T	rs58421832	0	58421832	intron_variant	1	0.797	6E-21	20.221848749616356		9.389	z score decrease	Affymetrix, Illumina [63380712] (imputed)	N	forced expiratory volume	http://www.ebi.ac.uk/efo/EFO_0004314	GCST90244092	Genome-wide genotyping array
2023-12-12	36914875	Shrine N	2023-03-13	Nat Genet	www.ncbi.nlm.nih.gov/pubmed/36914875	Multi-ancestry genome-wide association analyses improve resolution of genes and pathways influencing lung function and chronic obstructive pulmonary disease risk.	Lung function (FEV1)	475,645 European ancestry individuals, 8,590 African ancestry individuals, 85,279 East Asian ancestry individuals, 4,270 South Asian ancestry individuals, 14,668 Hispanic or Latin American individuals	NA	7p15.1	7	28148187		JAZF1			ENSG00000153814			rs1635851-T	rs1635851	0	1635851	intron_variant	0	0.596	2E-20	19.69897000433602		9.284	z score increase	Affymetrix, Illumina [63380712] (imputed)	N	forced expiratory volume	http://www.ebi.ac.uk/efo/EFO_0004314	GCST90244092	Genome-wide genotyping array
2023-12-12	36914875	Shrine N	2023-03-13	Nat Genet	www.ncbi.nlm.nih.gov/pubmed/36914875	Multi-ancestry genome-wide association analyses improve resolution of genes and pathways influencing lung function and chronic obstructive pulmonary disease risk.	Lung function (FEV1)	475,645 European ancestry individuals, 8,590 African ancestry individuals, 85,279 East Asian ancestry individuals, 4,270 South Asian ancestry individuals, 14,668 Hispanic or Latin American individuals	NA	17q11.2	17	30729323		RN7SL316P - SUZ12P1	ENSG00000241631	ENSG00000264538		26548	2563	rs8069884-T	rs8069884	0	8069884	intron_variant	1	0.163	2E-20	19.69897000433602		9.264	z score increase	Affymetrix, Illumina [63380712] (imputed)	N	forced expiratory volume	http://www.ebi.ac.uk/efo/EFO_0004314	GCST90244092	Genome-wide genotyping array
2023-12-12	36914875	Shrine N	2023-03-13	Nat Genet	www.ncbi.nlm.nih.gov/pubmed/36914875	Multi-ancestry genome-wide association analyses improve resolution of genes and pathways influencing lung function and chronic obstructive pulmonary disease risk.	Lung function (FEV1)	475,645 European ancestry individuals, 8,590 African ancestry individuals, 85,279 East Asian ancestry individuals, 4,270 South Asian ancestry individuals, 14,668 Hispanic or Latin American individuals	NA	5q31.1	5	133083282		HSPA4			ENSG00000170606			rs76495289-A	rs76495289	0	76495289	intron_variant	0	0.764	5E-20	19.30102999566398		9.167	z score increase	Affymetrix, Illumina [63380712] (imputed)	N	forced expiratory volume	http://www.ebi.ac.uk/efo/EFO_0004314	GCST90244092	Genome-wide genotyping array
2023-12-12	36914875	Shrine N	2023-03-13	Nat Genet	www.ncbi.nlm.nih.gov/pubmed/36914875	Multi-ancestry genome-wide association analyses improve resolution of genes and pathways influencing lung function and chronic obstructive pulmonary disease risk.	Lung function (FEV1)	475,645 European ancestry individuals, 8,590 African ancestry individuals, 85,279 East Asian ancestry individuals, 4,270 South Asian ancestry individuals, 14,668 Hispanic or Latin American individuals	NA	8q24.21	8	129118358		CCDC26			ENSG00000229140			rs6470697-A	rs6470697	0	6470697	intron_variant	0	0.859	8E-21	20.096910013008056		9.361	z score decrease	Affymetrix, Illumina [63380712] (imputed)	N	forced expiratory volume	http://www.ebi.ac.uk/efo/EFO_0004314	GCST90244092	Genome-wide genotyping array
2023-12-12	36914875	Shrine N	2023-03-13	Nat Genet	www.ncbi.nlm.nih.gov/pubmed/36914875	Multi-ancestry genome-wide association analyses improve resolution of genes and pathways influencing lung function and chronic obstructive pulmonary disease risk.	Lung function (FEV1)	475,645 European ancestry individuals, 8,590 African ancestry individuals, 85,279 East Asian ancestry individuals, 4,270 South Asian ancestry individuals, 14,668 Hispanic or Latin American individuals	NA	3p14.1	3	67403800		SUCLG2			ENSG00000172340			rs4856781-C	rs4856781	0	4856781	intron_variant	0	0.696	3E-20	19.522878745280337		9.226	z score increase	Affymetrix, Illumina [63380712] (imputed)	N	forced expiratory volume	http://www.ebi.ac.uk/efo/EFO_0004314	GCST90244092	Genome-wide genotyping array
2023-12-12	36914875	Shrine N	2023-03-13	Nat Genet	www.ncbi.nlm.nih.gov/pubmed/36914875	Multi-ancestry genome-wide association analyses improve resolution of genes and pathways influencing lung function and chronic obstructive pulmonary disease risk.	Lung function (FEV1)	475,645 European ancestry individuals, 8,590 African ancestry individuals, 85,279 East Asian ancestry individuals, 4,270 South Asian ancestry individuals, 14,668 Hispanic or Latin American individuals	NA	5q32	5	149271832		AFAP1L1			ENSG00000157510			rs62378114-A	rs62378114	0	62378114	5_prime_UTR_variant	0	0.578	4E-20	19.397940008672037		9.202	z score increase	Affymetrix, Illumina [63380712] (imputed)	N	forced expiratory volume	http://www.ebi.ac.uk/efo/EFO_0004314	GCST90244092	Genome-wide genotyping array
2023-12-12	36914875	Shrine N	2023-03-13	Nat Genet	www.ncbi.nlm.nih.gov/pubmed/36914875	Multi-ancestry genome-wide association analyses improve resolution of genes and pathways influencing lung function and chronic obstructive pulmonary disease risk.	Lung function (FEV1)	475,645 European ancestry individuals, 8,590 African ancestry individuals, 85,279 East Asian ancestry individuals, 4,270 South Asian ancestry individuals, 14,668 Hispanic or Latin American individuals	NA	7q21.11	7	84925918		HMGN2P11 - HNRNPA1P8	ENSG00000232605	ENSG00000229251		48962	57638	rs1534572-A	rs1534572	0	1534572	intergenic_variant	1	0.649	3E-19	18.522878745280337		8.956	z score decrease	Affymetrix, Illumina [63380712] (imputed)	N	forced expiratory volume	http://www.ebi.ac.uk/efo/EFO_0004314	GCST90244092	Genome-wide genotyping array
2023-12-12	36914875	Shrine N	2023-03-13	Nat Genet	www.ncbi.nlm.nih.gov/pubmed/36914875	Multi-ancestry genome-wide association analyses improve resolution of genes and pathways influencing lung function and chronic obstructive pulmonary disease risk.	Lung function (FEV1)	475,645 European ancestry individuals, 8,590 African ancestry individuals, 85,279 East Asian ancestry individuals, 4,270 South Asian ancestry individuals, 14,668 Hispanic or Latin American individuals	NA	9p22.2	9	18013735		ADAMTSL1			ENSG00000178031			rs7041139-T	rs7041139	0	7041139	intergenic_variant	0	0.338	4E-19	18.397940008672037		8.934	z score decrease	Affymetrix, Illumina [63380712] (imputed)	N	forced expiratory volume	http://www.ebi.ac.uk/efo/EFO_0004314	GCST90244092	Genome-wide genotyping array
2023-12-12	36914875	Shrine N	2023-03-13	Nat Genet	www.ncbi.nlm.nih.gov/pubmed/36914875	Multi-ancestry genome-wide association analyses improve resolution of genes and pathways influencing lung function and chronic obstructive pulmonary disease risk.	Lung function (FEV1)	475,645 European ancestry individuals, 8,590 African ancestry individuals, 85,279 East Asian ancestry individuals, 4,270 South Asian ancestry individuals, 14,668 Hispanic or Latin American individuals	NA	15q25.2	15	82834035		WHAMM			ENSG00000156232			rs12903359-A	rs12903359	0	12903359	3_prime_UTR_variant	0	0.479	6E-19	18.221848749616356		8.889	z score decrease	Affymetrix, Illumina [63380712] (imputed)	N	forced expiratory volume	http://www.ebi.ac.uk/efo/EFO_0004314	GCST90244092	Genome-wide genotyping array
2023-12-12	36914875	Shrine N	2023-03-13	Nat Genet	www.ncbi.nlm.nih.gov/pubmed/36914875	Multi-ancestry genome-wide association analyses improve resolution of genes and pathways influencing lung function and chronic obstructive pulmonary disease risk.	Peak expiratory flow	393,161 European ancestry individuals, 4,227 African ancestry individuals, 1,564 East Asian ancestry individuals, 4,270 South Asian ancestry individuals, 2,798 Hispanic or Latin American individuals	NA	2q23.3	2	150162293		MMADHC-DT - LINC01818	ENSG00000231969	ENSG00000230645		114846	7181	rs72855705-T	rs72855705	0	72855705	intron_variant	1	0.957	4E-23	22.397940008672037		9.91	z score decrease	Affymetrix, Illumina [50317128] (imputed)	N	peak expiratory flow	http://www.ebi.ac.uk/efo/EFO_0009718	GCST90244095	Genome-wide genotyping array
2023-12-12	36914875	Shrine N	2023-03-13	Nat Genet	www.ncbi.nlm.nih.gov/pubmed/36914875	Multi-ancestry genome-wide association analyses improve resolution of genes and pathways influencing lung function and chronic obstructive pulmonary disease risk.	Peak expiratory flow	393,161 European ancestry individuals, 4,227 African ancestry individuals, 1,564 East Asian ancestry individuals, 4,270 South Asian ancestry individuals, 2,798 Hispanic or Latin American individuals	NA	21q22.12	21	35738435		RUNX1			ENSG00000159216			rs2255731-T	rs2255731	0	2255731	regulatory_region_variant	0	0.441	7E-23	22.154901959985743		9.853	z score increase	Affymetrix, Illumina [50317128] (imputed)	N	peak expiratory flow	http://www.ebi.ac.uk/efo/EFO_0009718	GCST90244095	Genome-wide genotyping array
2023-12-12	36914875	Shrine N	2023-03-13	Nat Genet	www.ncbi.nlm.nih.gov/pubmed/36914875	Multi-ancestry genome-wide association analyses improve resolution of genes and pathways influencing lung function and chronic obstructive pulmonary disease risk.	Peak expiratory flow	393,161 European ancestry individuals, 4,227 African ancestry individuals, 1,564 East Asian ancestry individuals, 4,270 South Asian ancestry individuals, 2,798 Hispanic or Latin American individuals	NA	3q27.2	3	185803338		IGF2BP2			ENSG00000073792			rs7615045-A	rs7615045	0	7615045	intron_variant	0	0.676	2E-22	21.69897000433602		9.747	z score increase	Affymetrix, Illumina [50317128] (imputed)	N	peak expiratory flow	http://www.ebi.ac.uk/efo/EFO_0009718	GCST90244095	Genome-wide genotyping array
2023-12-12	36914875	Shrine N	2023-03-13	Nat Genet	www.ncbi.nlm.nih.gov/pubmed/36914875	Multi-ancestry genome-wide association analyses improve resolution of genes and pathways influencing lung function and chronic obstructive pulmonary disease risk.	Peak expiratory flow	393,161 European ancestry individuals, 4,227 African ancestry individuals, 1,564 East Asian ancestry individuals, 4,270 South Asian ancestry individuals, 2,798 Hispanic or Latin American individuals	NA	15q24.3	15	76345820		ISL2 - SCAPER	ENSG00000159556	ENSG00000140386		3345	2084	rs1875884-T	rs1875884	0	1875884	intergenic_variant	1	0.504	2E-22	21.69897000433602		9.729	z score increase	Affymetrix, Illumina [50317128] (imputed)	N	peak expiratory flow	http://www.ebi.ac.uk/efo/EFO_0009718	GCST90244095	Genome-wide genotyping array
2023-12-12	36914875	Shrine N	2023-03-13	Nat Genet	www.ncbi.nlm.nih.gov/pubmed/36914875	Multi-ancestry genome-wide association analyses improve resolution of genes and pathways influencing lung function and chronic obstructive pulmonary disease risk.	Peak expiratory flow	393,161 European ancestry individuals, 4,227 African ancestry individuals, 1,564 East Asian ancestry individuals, 4,270 South Asian ancestry individuals, 2,798 Hispanic or Latin American individuals	NA	5q15	5	93107899		LINC02058 - POLD2P1	ENSG00000248528	ENSG00000213730		168308	159530	rs13177386-A	rs13177386	0	13177386	intron_variant	1	0.533	3E-21	20.522878745280337		9.45	z score decrease	Affymetrix, Illumina [50317128] (imputed)	N	peak expiratory flow	http://www.ebi.ac.uk/efo/EFO_0009718	GCST90244095	Genome-wide genotyping array
2023-12-12	36914875	Shrine N	2023-03-13	Nat Genet	www.ncbi.nlm.nih.gov/pubmed/36914875	Multi-ancestry genome-wide association analyses improve resolution of genes and pathways influencing lung function and chronic obstructive pulmonary disease risk.	Peak expiratory flow	393,161 European ancestry individuals, 4,227 African ancestry individuals, 1,564 East Asian ancestry individuals, 4,270 South Asian ancestry individuals, 2,798 Hispanic or Latin American individuals	NA	5q23.1	5	119356523		TNFAIP8			ENSG00000145779			rs1509141-C	rs1509141	0	1509141	intron_variant	0	0.705	4E-21	20.397940008672037		9.438	z score increase	Affymetrix, Illumina [50317128] (imputed)	N	peak expiratory flow	http://www.ebi.ac.uk/efo/EFO_0009718	GCST90244095	Genome-wide genotyping array
2023-12-12	36914875	Shrine N	2023-03-13	Nat Genet	www.ncbi.nlm.nih.gov/pubmed/36914875	Multi-ancestry genome-wide association analyses improve resolution of genes and pathways influencing lung function and chronic obstructive pulmonary disease risk.	Peak expiratory flow	393,161 European ancestry individuals, 4,227 African ancestry individuals, 1,564 East Asian ancestry individuals, 4,270 South Asian ancestry individuals, 2,798 Hispanic or Latin American individuals	NA	15q26.3	15	98961833		IGF1R, SYNM-AS1			ENSG00000140443, ENSG00000259475			rs2684787-T	rs2684787	0	2684787	3_prime_UTR_variant	0	0.245	3E-20	19.522878745280337		9.232	z score decrease	Affymetrix, Illumina [50317128] (imputed)	N	peak expiratory flow	http://www.ebi.ac.uk/efo/EFO_0009718	GCST90244095	Genome-wide genotyping array
2023-12-12	36914875	Shrine N	2023-03-13	Nat Genet	www.ncbi.nlm.nih.gov/pubmed/36914875	Multi-ancestry genome-wide association analyses improve resolution of genes and pathways influencing lung function and chronic obstructive pulmonary disease risk.	Peak expiratory flow	393,161 European ancestry individuals, 4,227 African ancestry individuals, 1,564 East Asian ancestry individuals, 4,270 South Asian ancestry individuals, 2,798 Hispanic or Latin American individuals	NA											rs201395050-CA	rs201395050	0	57333620		1	0.145	4E-20	19.397940008672037		9.189	z score decrease	Affymetrix, Illumina [50317128] (imputed)	N	peak expiratory flow	http://www.ebi.ac.uk/efo/EFO_0009718	GCST90244095	Genome-wide genotyping array
2023-12-12	36914875	Shrine N	2023-03-13	Nat Genet	www.ncbi.nlm.nih.gov/pubmed/36914875	Multi-ancestry genome-wide association analyses improve resolution of genes and pathways influencing lung function and chronic obstructive pulmonary disease risk.	Peak expiratory flow	393,161 European ancestry individuals, 4,227 African ancestry individuals, 1,564 East Asian ancestry individuals, 4,270 South Asian ancestry individuals, 2,798 Hispanic or Latin American individuals	NA	20p12.1	20	13434029		TASP1			ENSG00000089123			rs6105096-A	rs6105096	0	6105096	intron_variant	0	0.57	1E-19	19.0		9.075	z score decrease	Affymetrix, Illumina [50317128] (imputed)	N	peak expiratory flow	http://www.ebi.ac.uk/efo/EFO_0009718	GCST90244095	Genome-wide genotyping array
2023-12-12	36914875	Shrine N	2023-03-13	Nat Genet	www.ncbi.nlm.nih.gov/pubmed/36914875	Multi-ancestry genome-wide association analyses improve resolution of genes and pathways influencing lung function and chronic obstructive pulmonary disease risk.	Peak expiratory flow	393,161 European ancestry individuals, 4,227 African ancestry individuals, 1,564 East Asian ancestry individuals, 4,270 South Asian ancestry individuals, 2,798 Hispanic or Latin American individuals	NA	6q25.1	6	149060745		UST			ENSG00000111962			rs4336467-A	rs4336467	0	4336467	intron_variant	0	0.367	1E-18	18.0		8.823	z score decrease	Affymetrix, Illumina [50317128] (imputed)	N	peak expiratory flow	http://www.ebi.ac.uk/efo/EFO_0009718	GCST90244095	Genome-wide genotyping array
2023-12-12	36914875	Shrine N	2023-03-13	Nat Genet	www.ncbi.nlm.nih.gov/pubmed/36914875	Multi-ancestry genome-wide association analyses improve resolution of genes and pathways influencing lung function and chronic obstructive pulmonary disease risk.	Peak expiratory flow	393,161 European ancestry individuals, 4,227 African ancestry individuals, 1,564 East Asian ancestry individuals, 4,270 South Asian ancestry individuals, 2,798 Hispanic or Latin American individuals	NA	8q24.21	8	129637266		CCDC26			ENSG00000229140			rs7835737-T	rs7835737	0	7835737	intergenic_variant	0	0.579	1E-18	18.0		8.796	z score decrease	Affymetrix, Illumina [50317128] (imputed)	N	peak expiratory flow	http://www.ebi.ac.uk/efo/EFO_0009718	GCST90244095	Genome-wide genotyping array
2023-12-12	36914875	Shrine N	2023-03-13	Nat Genet	www.ncbi.nlm.nih.gov/pubmed/36914875	Multi-ancestry genome-wide association analyses improve resolution of genes and pathways influencing lung function and chronic obstructive pulmonary disease risk.	Peak expiratory flow	393,161 European ancestry individuals, 4,227 African ancestry individuals, 1,564 East Asian ancestry individuals, 4,270 South Asian ancestry individuals, 2,798 Hispanic or Latin American individuals	NA	5p13.3	5	33098984		LINC02120 - LINC02160	ENSG00000248279	ENSG00000251443		136517	129991	rs55948784-A	rs55948784	0	55948784	intron_variant	1	0.117	7E-18	17.154901959985743		8.616	z score increase	Affymetrix, Illumina [50317128] (imputed)	N	peak expiratory flow	http://www.ebi.ac.uk/efo/EFO_0009718	GCST90244095	Genome-wide genotyping array
2023-12-12	36914875	Shrine N	2023-03-13	Nat Genet	www.ncbi.nlm.nih.gov/pubmed/36914875	Multi-ancestry genome-wide association analyses improve resolution of genes and pathways influencing lung function and chronic obstructive pulmonary disease risk.	Peak expiratory flow	393,161 European ancestry individuals, 4,227 African ancestry individuals, 1,564 East Asian ancestry individuals, 4,270 South Asian ancestry individuals, 2,798 Hispanic or Latin American individuals	NA	7p14.2	7	35406974		TBX20 - HERPUD2	ENSG00000164532	ENSG00000122557		152874	225685	rs13234350-T	rs13234350	0	13234350	intergenic_variant	1	0.68	1E-17	17.0		8.573	z score decrease	Affymetrix, Illumina [50317128] (imputed)	N	peak expiratory flow	http://www.ebi.ac.uk/efo/EFO_0009718	GCST90244095	Genome-wide genotyping array
2023-12-12	36914875	Shrine N	2023-03-13	Nat Genet	www.ncbi.nlm.nih.gov/pubmed/36914875	Multi-ancestry genome-wide association analyses improve resolution of genes and pathways influencing lung function and chronic obstructive pulmonary disease risk.	Peak expiratory flow	393,161 European ancestry individuals, 4,227 African ancestry individuals, 1,564 East Asian ancestry individuals, 4,270 South Asian ancestry individuals, 2,798 Hispanic or Latin American individuals	NA	2p13.2	2	71554937		DYSF			ENSG00000135636			rs7566581-A	rs7566581	0	7566581	intron_variant	0	0.416	1E-17	17.0		8.528	z score increase	Affymetrix, Illumina [50317128] (imputed)	N	peak expiratory flow	http://www.ebi.ac.uk/efo/EFO_0009718	GCST90244095	Genome-wide genotyping array
2023-12-12	36914875	Shrine N	2023-03-13	Nat Genet	www.ncbi.nlm.nih.gov/pubmed/36914875	Multi-ancestry genome-wide association analyses improve resolution of genes and pathways influencing lung function and chronic obstructive pulmonary disease risk.	Peak expiratory flow	393,161 European ancestry individuals, 4,227 African ancestry individuals, 1,564 East Asian ancestry individuals, 4,270 South Asian ancestry individuals, 2,798 Hispanic or Latin American individuals	NA											chr15:49632600-G	chr15:49632600	0			1	0.31	2E-17	16.69897000433602		8.515	z score increase	Affymetrix, Illumina [50317128] (imputed)	N	peak expiratory flow	http://www.ebi.ac.uk/efo/EFO_0009718	GCST90244095	Genome-wide genotyping array
2023-12-12	36914875	Shrine N	2023-03-13	Nat Genet	www.ncbi.nlm.nih.gov/pubmed/36914875	Multi-ancestry genome-wide association analyses improve resolution of genes and pathways influencing lung function and chronic obstructive pulmonary disease risk.	Peak expiratory flow	393,161 European ancestry individuals, 4,227 African ancestry individuals, 1,564 East Asian ancestry individuals, 4,270 South Asian ancestry individuals, 2,798 Hispanic or Latin American individuals	NA	2q32.2	2	190565160		NEMP2-DT			ENSG00000233654			rs34243574-A	rs34243574	0	34243574	intron_variant	0	0.69	7E-17	16.154901959985743		8.348	z score decrease	Affymetrix, Illumina [50317128] (imputed)	N	peak expiratory flow	http://www.ebi.ac.uk/efo/EFO_0009718	GCST90244095	Genome-wide genotyping array
2023-12-12	36914875	Shrine N	2023-03-13	Nat Genet	www.ncbi.nlm.nih.gov/pubmed/36914875	Multi-ancestry genome-wide association analyses improve resolution of genes and pathways influencing lung function and chronic obstructive pulmonary disease risk.	Peak expiratory flow	393,161 European ancestry individuals, 4,227 African ancestry individuals, 1,564 East Asian ancestry individuals, 4,270 South Asian ancestry individuals, 2,798 Hispanic or Latin American individuals	NA											chr7:84119431-A	chr7:84119431	0			1	0.221	2E-16	15.698970004336019		8.242	z score increase	Affymetrix, Illumina [50317128] (imputed)	N	peak expiratory flow	http://www.ebi.ac.uk/efo/EFO_0009718	GCST90244095	Genome-wide genotyping array
2023-12-12	36914875	Shrine N	2023-03-13	Nat Genet	www.ncbi.nlm.nih.gov/pubmed/36914875	Multi-ancestry genome-wide association analyses improve resolution of genes and pathways influencing lung function and chronic obstructive pulmonary disease risk.	Peak expiratory flow	393,161 European ancestry individuals, 4,227 African ancestry individuals, 1,564 East Asian ancestry individuals, 4,270 South Asian ancestry individuals, 2,798 Hispanic or Latin American individuals	NA	12q21.31	12	85326801		LINC02820			ENSG00000258815			rs12820475-T	rs12820475	0	12820475	intergenic_variant	0	0.711	2E-16	15.698970004336019		8.222	z score decrease	Affymetrix, Illumina [50317128] (imputed)	N	peak expiratory flow	http://www.ebi.ac.uk/efo/EFO_0009718	GCST90244095	Genome-wide genotyping array
2023-12-12	36914875	Shrine N	2023-03-13	Nat Genet	www.ncbi.nlm.nih.gov/pubmed/36914875	Multi-ancestry genome-wide association analyses improve resolution of genes and pathways influencing lung function and chronic obstructive pulmonary disease risk.	Peak expiratory flow	393,161 European ancestry individuals, 4,227 African ancestry individuals, 1,564 East Asian ancestry individuals, 4,270 South Asian ancestry individuals, 2,798 Hispanic or Latin American individuals	NA	6p21.33	6	31353724		LINC02571 - HLA-B	ENSG00000256166	ENSG00000234745		52082	143	rs73406410-A	rs73406410	0	73406410	intron_variant	1	0.89	5E-16	15.301029995663981		8.119	z score decrease	Affymetrix, Illumina [50317128] (imputed)	N	peak expiratory flow	http://www.ebi.ac.uk/efo/EFO_0009718	GCST90244095	Genome-wide genotyping array
2023-12-12	36914875	Shrine N	2023-03-13	Nat Genet	www.ncbi.nlm.nih.gov/pubmed/36914875	Multi-ancestry genome-wide association analyses improve resolution of genes and pathways influencing lung function and chronic obstructive pulmonary disease risk.	Peak expiratory flow	393,161 European ancestry individuals, 4,227 African ancestry individuals, 1,564 East Asian ancestry individuals, 4,270 South Asian ancestry individuals, 2,798 Hispanic or Latin American individuals	NA	12p11.22	12	28141022		CCDC91			ENSG00000123106			rs10843111-T	rs10843111	0	10843111	intergenic_variant	0	0.309	5E-16	15.301029995663981		8.104	z score increase	Affymetrix, Illumina [50317128] (imputed)	N	peak expiratory flow	http://www.ebi.ac.uk/efo/EFO_0009718	GCST90244095	Genome-wide genotyping array
2023-12-12	36914875	Shrine N	2023-03-13	Nat Genet	www.ncbi.nlm.nih.gov/pubmed/36914875	Multi-ancestry genome-wide association analyses improve resolution of genes and pathways influencing lung function and chronic obstructive pulmonary disease risk.	Peak expiratory flow	393,161 European ancestry individuals, 4,227 African ancestry individuals, 1,564 East Asian ancestry individuals, 4,270 South Asian ancestry individuals, 2,798 Hispanic or Latin American individuals	NA	13q13.1	13	32136383		FRY			ENSG00000073910			rs7331540-C	rs7331540	0	7331540	intron_variant	0	0.42	6E-16	15.221848749616356		8.095	z score decrease	Affymetrix, Illumina [50317128] (imputed)	N	peak expiratory flow	http://www.ebi.ac.uk/efo/EFO_0009718	GCST90244095	Genome-wide genotyping array
2023-12-12	36914875	Shrine N	2023-03-13	Nat Genet	www.ncbi.nlm.nih.gov/pubmed/36914875	Multi-ancestry genome-wide association analyses improve resolution of genes and pathways influencing lung function and chronic obstructive pulmonary disease risk.	Peak expiratory flow	393,161 European ancestry individuals, 4,227 African ancestry individuals, 1,564 East Asian ancestry individuals, 4,270 South Asian ancestry individuals, 2,798 Hispanic or Latin American individuals	NA	4q22.1	4	89090491		FAM13A			ENSG00000138640			rs6825998-T	rs6825998	0	6825998	intergenic_variant	0	0.395	2E-15	14.698970004336019		7.969	z score increase	Affymetrix, Illumina [50317128] (imputed)	N	peak expiratory flow	http://www.ebi.ac.uk/efo/EFO_0009718	GCST90244095	Genome-wide genotyping array
2023-12-12	36914875	Shrine N	2023-03-13	Nat Genet	www.ncbi.nlm.nih.gov/pubmed/36914875	Multi-ancestry genome-wide association analyses improve resolution of genes and pathways influencing lung function and chronic obstructive pulmonary disease risk.	Peak expiratory flow	393,161 European ancestry individuals, 4,227 African ancestry individuals, 1,564 East Asian ancestry individuals, 4,270 South Asian ancestry individuals, 2,798 Hispanic or Latin American individuals	NA	5q31.2	5	139673853		CXXC5			ENSG00000171604			rs796778052-A	rs796778052	1	572534074	intron_variant	0	0.666	2E-15	14.698970004336019		7.928	z score increase	Affymetrix, Illumina [50317128] (imputed)	N	peak expiratory flow	http://www.ebi.ac.uk/efo/EFO_0009718	GCST90244095	Genome-wide genotyping array
2023-12-12	36914875	Shrine N	2023-03-13	Nat Genet	www.ncbi.nlm.nih.gov/pubmed/36914875	Multi-ancestry genome-wide association analyses improve resolution of genes and pathways influencing lung function and chronic obstructive pulmonary disease risk.	Peak expiratory flow	393,161 European ancestry individuals, 4,227 African ancestry individuals, 1,564 East Asian ancestry individuals, 4,270 South Asian ancestry individuals, 2,798 Hispanic or Latin American individuals	NA	9q34.2	9	133266029		ABO			ENSG00000175164			rs782095625-CA	rs782095625	0	782095625	intron_variant	0	0.679	2E-15	14.698970004336019		7.923	z score increase	Affymetrix, Illumina [50317128] (imputed)	N	peak expiratory flow	http://www.ebi.ac.uk/efo/EFO_0009718	GCST90244095	Genome-wide genotyping array
2023-12-12	36914875	Shrine N	2023-03-13	Nat Genet	www.ncbi.nlm.nih.gov/pubmed/36914875	Multi-ancestry genome-wide association analyses improve resolution of genes and pathways influencing lung function and chronic obstructive pulmonary disease risk.	Peak expiratory flow	393,161 European ancestry individuals, 4,227 African ancestry individuals, 1,564 East Asian ancestry individuals, 4,270 South Asian ancestry individuals, 2,798 Hispanic or Latin American individuals	NA	15q24.1	15	74787133		CSK			ENSG00000103653			rs34933034-A	rs34933034	0	34933034	intron_variant	0	0.152	5E-15	14.301029995663981		7.825	z score increase	Affymetrix, Illumina [50317128] (imputed)	N	peak expiratory flow	http://www.ebi.ac.uk/efo/EFO_0009718	GCST90244095	Genome-wide genotyping array
2023-12-12	36914875	Shrine N	2023-03-13	Nat Genet	www.ncbi.nlm.nih.gov/pubmed/36914875	Multi-ancestry genome-wide association analyses improve resolution of genes and pathways influencing lung function and chronic obstructive pulmonary disease risk.	Peak expiratory flow	393,161 European ancestry individuals, 4,227 African ancestry individuals, 1,564 East Asian ancestry individuals, 4,270 South Asian ancestry individuals, 2,798 Hispanic or Latin American individuals	NA	11q13.2	11	68438110		LRP5			ENSG00000162337			rs901823-T	rs901823	0	901823	intron_variant	0	0.672	9E-12	11.045757490560675		6.824	z score increase	Affymetrix, Illumina [50317128] (imputed)	N	peak expiratory flow	http://www.ebi.ac.uk/efo/EFO_0009718	GCST90244095	Genome-wide genotyping array
2023-12-12	36914875	Shrine N	2023-03-13	Nat Genet	www.ncbi.nlm.nih.gov/pubmed/36914875	Multi-ancestry genome-wide association analyses improve resolution of genes and pathways influencing lung function and chronic obstructive pulmonary disease risk.	Peak expiratory flow	393,161 European ancestry individuals, 4,227 African ancestry individuals, 1,564 East Asian ancestry individuals, 4,270 South Asian ancestry individuals, 2,798 Hispanic or Latin American individuals	NA											chr10:78320070-T	chr10:78320070	0			1	0.487	1E-11	11.0		6.794	z score decrease	Affymetrix, Illumina [50317128] (imputed)	N	peak expiratory flow	http://www.ebi.ac.uk/efo/EFO_0009718	GCST90244095	Genome-wide genotyping array
2023-12-12	36914875	Shrine N	2023-03-13	Nat Genet	www.ncbi.nlm.nih.gov/pubmed/36914875	Multi-ancestry genome-wide association analyses improve resolution of genes and pathways influencing lung function and chronic obstructive pulmonary disease risk.	Peak expiratory flow	393,161 European ancestry individuals, 4,227 African ancestry individuals, 1,564 East Asian ancestry individuals, 4,270 South Asian ancestry individuals, 2,798 Hispanic or Latin American individuals	NA	16q23.2	16	79204666		WWOX			ENSG00000186153			rs71398138-A	rs71398138	0	71398138	non_coding_transcript_exon_variant	0	0.862	1E-11	11.0		6.79	z score increase	Affymetrix, Illumina [50317128] (imputed)	N	peak expiratory flow	http://www.ebi.ac.uk/efo/EFO_0009718	GCST90244095	Genome-wide genotyping array
2023-12-12	36914875	Shrine N	2023-03-13	Nat Genet	www.ncbi.nlm.nih.gov/pubmed/36914875	Multi-ancestry genome-wide association analyses improve resolution of genes and pathways influencing lung function and chronic obstructive pulmonary disease risk.	Peak expiratory flow	393,161 European ancestry individuals, 4,227 African ancestry individuals, 1,564 East Asian ancestry individuals, 4,270 South Asian ancestry individuals, 2,798 Hispanic or Latin American individuals	NA	3p14.1	3	64448805		PRICKLE2-DT			ENSG00000244564			rs59110590-A	rs59110590	0	59110590	intron_variant	0	0.566	2E-11	10.698970004336019		6.744	z score decrease	Affymetrix, Illumina [50317128] (imputed)	N	peak expiratory flow	http://www.ebi.ac.uk/efo/EFO_0009718	GCST90244095	Genome-wide genotyping array
2023-12-12	36914875	Shrine N	2023-03-13	Nat Genet	www.ncbi.nlm.nih.gov/pubmed/36914875	Multi-ancestry genome-wide association analyses improve resolution of genes and pathways influencing lung function and chronic obstructive pulmonary disease risk.	Peak expiratory flow	393,161 European ancestry individuals, 4,227 African ancestry individuals, 1,564 East Asian ancestry individuals, 4,270 South Asian ancestry individuals, 2,798 Hispanic or Latin American individuals	NA	5p15.33	5	523880		SLC9A3			ENSG00000066230			rs10475282-A	rs10475282	0	10475282	intron_variant	0	0.268	2E-11	10.698970004336019		6.74	z score decrease	Affymetrix, Illumina [50317128] (imputed)	N	peak expiratory flow	http://www.ebi.ac.uk/efo/EFO_0009718	GCST90244095	Genome-wide genotyping array
2023-12-12	36914875	Shrine N	2023-03-13	Nat Genet	www.ncbi.nlm.nih.gov/pubmed/36914875	Multi-ancestry genome-wide association analyses improve resolution of genes and pathways influencing lung function and chronic obstructive pulmonary disease risk.	Peak expiratory flow	393,161 European ancestry individuals, 4,227 African ancestry individuals, 1,564 East Asian ancestry individuals, 4,270 South Asian ancestry individuals, 2,798 Hispanic or Latin American individuals	NA	13q34	13	110445879		COL4A2			ENSG00000134871			rs4103-T	rs4103	0	4103	synonymous_variant	0	0.54	2E-11	10.698970004336019		6.733	z score increase	Affymetrix, Illumina [50317128] (imputed)	N	peak expiratory flow	http://www.ebi.ac.uk/efo/EFO_0009718	GCST90244095	Genome-wide genotyping array
2023-12-12	36914875	Shrine N	2023-03-13	Nat Genet	www.ncbi.nlm.nih.gov/pubmed/36914875	Multi-ancestry genome-wide association analyses improve resolution of genes and pathways influencing lung function and chronic obstructive pulmonary disease risk.	Peak expiratory flow	393,161 European ancestry individuals, 4,227 African ancestry individuals, 1,564 East Asian ancestry individuals, 4,270 South Asian ancestry individuals, 2,798 Hispanic or Latin American individuals	NA	6p12.2	6	52404353		EFHC1, PAQR8			ENSG00000096093, ENSG00000170915			rs655113-T	rs655113	0	655113	3_prime_UTR_variant	0	0.706	2E-11	10.698970004336019		6.725	z score increase	Affymetrix, Illumina [50317128] (imputed)	N	peak expiratory flow	http://www.ebi.ac.uk/efo/EFO_0009718	GCST90244095	Genome-wide genotyping array
2023-12-12	36914875	Shrine N	2023-03-13	Nat Genet	www.ncbi.nlm.nih.gov/pubmed/36914875	Multi-ancestry genome-wide association analyses improve resolution of genes and pathways influencing lung function and chronic obstructive pulmonary disease risk.	Peak expiratory flow	393,161 European ancestry individuals, 4,227 African ancestry individuals, 1,564 East Asian ancestry individuals, 4,270 South Asian ancestry individuals, 2,798 Hispanic or Latin American individuals	NA	20q13.13	20	50294777		LINC01270, PELATON			ENSG00000203999, ENSG00000224397			rs6063498-C	rs6063498	0	6063498	intron_variant	0	0.337	2E-11	10.698970004336019		6.721	z score decrease	Affymetrix, Illumina [50317128] (imputed)	N	peak expiratory flow	http://www.ebi.ac.uk/efo/EFO_0009718	GCST90244095	Genome-wide genotyping array
2023-12-12	36914875	Shrine N	2023-03-13	Nat Genet	www.ncbi.nlm.nih.gov/pubmed/36914875	Multi-ancestry genome-wide association analyses improve resolution of genes and pathways influencing lung function and chronic obstructive pulmonary disease risk.	Peak expiratory flow	393,161 European ancestry individuals, 4,227 African ancestry individuals, 1,564 East Asian ancestry individuals, 4,270 South Asian ancestry individuals, 2,798 Hispanic or Latin American individuals	NA	1q42.13	1	229126859		LINC02814			ENSG00000236975			rs9660615-T	rs9660615	0	9660615	intron_variant	0	0.662	2E-11	10.698970004336019		6.694	z score increase	Affymetrix, Illumina [50317128] (imputed)	N	peak expiratory flow	http://www.ebi.ac.uk/efo/EFO_0009718	GCST90244095	Genome-wide genotyping array
2023-12-12	36914875	Shrine N	2023-03-13	Nat Genet	www.ncbi.nlm.nih.gov/pubmed/36914875	Multi-ancestry genome-wide association analyses improve resolution of genes and pathways influencing lung function and chronic obstructive pulmonary disease risk.	Peak expiratory flow	393,161 European ancestry individuals, 4,227 African ancestry individuals, 1,564 East Asian ancestry individuals, 4,270 South Asian ancestry individuals, 2,798 Hispanic or Latin American individuals	NA	8p23.1	8	9172877		PPP1R3B-DT			ENSG00000248538			rs453301-T	rs453301	0	453301	non_coding_transcript_exon_variant	0	0.502	2E-11	10.698970004336019		6.692	z score increase	Affymetrix, Illumina [50317128] (imputed)	N	peak expiratory flow	http://www.ebi.ac.uk/efo/EFO_0009718	GCST90244095	Genome-wide genotyping array
2023-12-12	36914875	Shrine N	2023-03-13	Nat Genet	www.ncbi.nlm.nih.gov/pubmed/36914875	Multi-ancestry genome-wide association analyses improve resolution of genes and pathways influencing lung function and chronic obstructive pulmonary disease risk.	Peak expiratory flow	393,161 European ancestry individuals, 4,227 African ancestry individuals, 1,564 East Asian ancestry individuals, 4,270 South Asian ancestry individuals, 2,798 Hispanic or Latin American individuals	NA	22q13.31	22	45644182		LINC01589 - ATXN10	ENSG00000238120	ENSG00000130638		5009	27616	rs5765557-T	rs5765557	0	5765557	intergenic_variant	1	0.4294	3E-11	10.522878745280337		6.667	z score increase	Affymetrix, Illumina [50317128] (imputed)	N	peak expiratory flow	http://www.ebi.ac.uk/efo/EFO_0009718	GCST90244095	Genome-wide genotyping array
2023-12-12	36914875	Shrine N	2023-03-13	Nat Genet	www.ncbi.nlm.nih.gov/pubmed/36914875	Multi-ancestry genome-wide association analyses improve resolution of genes and pathways influencing lung function and chronic obstructive pulmonary disease risk.	Peak expiratory flow	393,161 European ancestry individuals, 4,227 African ancestry individuals, 1,564 East Asian ancestry individuals, 4,270 South Asian ancestry individuals, 2,798 Hispanic or Latin American individuals	NA	12p11.22	12	28762369		CCDC91 - FAR2	ENSG00000123106	ENSG00000064763		180858	386647	rs7974790-T	rs7974790	0	7974790	intron_variant	1	0.328	4E-11	10.397940008672037		6.614	z score decrease	Affymetrix, Illumina [50317128] (imputed)	N	peak expiratory flow	http://www.ebi.ac.uk/efo/EFO_0009718	GCST90244095	Genome-wide genotyping array
2023-12-12	36914875	Shrine N	2023-03-13	Nat Genet	www.ncbi.nlm.nih.gov/pubmed/36914875	Multi-ancestry genome-wide association analyses improve resolution of genes and pathways influencing lung function and chronic obstructive pulmonary disease risk.	Peak expiratory flow	393,161 European ancestry individuals, 4,227 African ancestry individuals, 1,564 East Asian ancestry individuals, 4,270 South Asian ancestry individuals, 2,798 Hispanic or Latin American individuals	NA	4q34.1	4	173524131		HAND2-AS1			ENSG00000237125			rs62341030-A	rs62341030	0	62341030	intron_variant	0	0.951	5E-11	10.301029995663981		6.576	z score increase	Affymetrix, Illumina [50317128] (imputed)	N	peak expiratory flow	http://www.ebi.ac.uk/efo/EFO_0009718	GCST90244095	Genome-wide genotyping array
2023-12-12	36914875	Shrine N	2023-03-13	Nat Genet	www.ncbi.nlm.nih.gov/pubmed/36914875	Multi-ancestry genome-wide association analyses improve resolution of genes and pathways influencing lung function and chronic obstructive pulmonary disease risk.	Peak expiratory flow	393,161 European ancestry individuals, 4,227 African ancestry individuals, 1,564 East Asian ancestry individuals, 4,270 South Asian ancestry individuals, 2,798 Hispanic or Latin American individuals	NA	17q24.3	17	71975781		ROCR			ENSG00000228639			rs75558990-T	rs75558990	0	75558990	intron_variant	0	0.951	5E-11	10.301029995663981		6.576	z score increase	Affymetrix, Illumina [50317128] (imputed)	N	peak expiratory flow	http://www.ebi.ac.uk/efo/EFO_0009718	GCST90244095	Genome-wide genotyping array
2023-12-12	36914875	Shrine N	2023-03-13	Nat Genet	www.ncbi.nlm.nih.gov/pubmed/36914875	Multi-ancestry genome-wide association analyses improve resolution of genes and pathways influencing lung function and chronic obstructive pulmonary disease risk.	Peak expiratory flow	393,161 European ancestry individuals, 4,227 African ancestry individuals, 1,564 East Asian ancestry individuals, 4,270 South Asian ancestry individuals, 2,798 Hispanic or Latin American individuals	NA	6q25.1	6	152038036		ESR1			ENSG00000091831			rs2982713-A	rs2982713	0	2982713	intron_variant	0	0.283	6E-11	10.221848749616356		6.539	z score decrease	Affymetrix, Illumina [50317128] (imputed)	N	peak expiratory flow	http://www.ebi.ac.uk/efo/EFO_0009718	GCST90244095	Genome-wide genotyping array
2023-12-12	36914875	Shrine N	2023-03-13	Nat Genet	www.ncbi.nlm.nih.gov/pubmed/36914875	Multi-ancestry genome-wide association analyses improve resolution of genes and pathways influencing lung function and chronic obstructive pulmonary disease risk.	Peak expiratory flow	393,161 European ancestry individuals, 4,227 African ancestry individuals, 1,564 East Asian ancestry individuals, 4,270 South Asian ancestry individuals, 2,798 Hispanic or Latin American individuals	NA	Xq11.2	X	65238968		ZC3H12B			ENSG00000102053			rs187953940-T	rs187953940	0	187953940	intron_variant	0	0.0207	6E-11	10.221848749616356		6.536	z score increase	Affymetrix, Illumina [50317128] (imputed)	N	peak expiratory flow	http://www.ebi.ac.uk/efo/EFO_0009718	GCST90244095	Genome-wide genotyping array
2023-12-12	36914875	Shrine N	2023-03-13	Nat Genet	www.ncbi.nlm.nih.gov/pubmed/36914875	Multi-ancestry genome-wide association analyses improve resolution of genes and pathways influencing lung function and chronic obstructive pulmonary disease risk.	Peak expiratory flow	393,161 European ancestry individuals, 4,227 African ancestry individuals, 1,564 East Asian ancestry individuals, 4,270 South Asian ancestry individuals, 2,798 Hispanic or Latin American individuals	NA	2p24.2	2	18744228		NT5C1B - LINC01376	ENSG00000185013	ENSG00000236204		154656	241558	rs7558736-A	rs7558736	0	7558736	intergenic_variant	1	0.449	7E-11	10.154901959985743		6.526	z score increase	Affymetrix, Illumina [50317128] (imputed)	N	peak expiratory flow	http://www.ebi.ac.uk/efo/EFO_0009718	GCST90244095	Genome-wide genotyping array
2023-12-12	36914875	Shrine N	2023-03-13	Nat Genet	www.ncbi.nlm.nih.gov/pubmed/36914875	Multi-ancestry genome-wide association analyses improve resolution of genes and pathways influencing lung function and chronic obstructive pulmonary disease risk.	Peak expiratory flow	393,161 European ancestry individuals, 4,227 African ancestry individuals, 1,564 East Asian ancestry individuals, 4,270 South Asian ancestry individuals, 2,798 Hispanic or Latin American individuals	NA	1p36.33	1	1402457		MRPL20			ENSG00000242485			rs1240709-A	rs1240709	0	1240709	intron_variant	0	0.794	8E-11	10.096910013008056		6.502	z score decrease	Affymetrix, Illumina [50317128] (imputed)	N	peak expiratory flow	http://www.ebi.ac.uk/efo/EFO_0009718	GCST90244095	Genome-wide genotyping array
2023-12-12	36914875	Shrine N	2023-03-13	Nat Genet	www.ncbi.nlm.nih.gov/pubmed/36914875	Multi-ancestry genome-wide association analyses improve resolution of genes and pathways influencing lung function and chronic obstructive pulmonary disease risk.	Peak expiratory flow	393,161 European ancestry individuals, 4,227 African ancestry individuals, 1,564 East Asian ancestry individuals, 4,270 South Asian ancestry individuals, 2,798 Hispanic or Latin American individuals	NA	6q11.1	6	61137237		RBBP4P3 - KHDRBS2	ENSG00000276290	ENSG00000112232		262595	492997	rs371314329-A	rs371314329	0	371314329	intergenic_variant	1	0.804	8E-11	10.096910013008056		6.498	z score increase	Affymetrix, Illumina [50317128] (imputed)	N	peak expiratory flow	http://www.ebi.ac.uk/efo/EFO_0009718	GCST90244095	Genome-wide genotyping array
2023-12-12	36914875	Shrine N	2023-03-13	Nat Genet	www.ncbi.nlm.nih.gov/pubmed/36914875	Multi-ancestry genome-wide association analyses improve resolution of genes and pathways influencing lung function and chronic obstructive pulmonary disease risk.	Peak expiratory flow	393,161 European ancestry individuals, 4,227 African ancestry individuals, 1,564 East Asian ancestry individuals, 4,270 South Asian ancestry individuals, 2,798 Hispanic or Latin American individuals	NA	22q13.33	22	49950271		CRELD2 - PIM3	ENSG00000184164	ENSG00000198355		22727	10192	rs111700120-T	rs111700120	0	111700120	intergenic_variant	1	0.1508	9E-11	10.045757490560675		6.483	z score increase	Affymetrix, Illumina [50317128] (imputed)	N	peak expiratory flow	http://www.ebi.ac.uk/efo/EFO_0009718	GCST90244095	Genome-wide genotyping array
2023-12-12	36914875	Shrine N	2023-03-13	Nat Genet	www.ncbi.nlm.nih.gov/pubmed/36914875	Multi-ancestry genome-wide association analyses improve resolution of genes and pathways influencing lung function and chronic obstructive pulmonary disease risk.	Peak expiratory flow	393,161 European ancestry individuals, 4,227 African ancestry individuals, 1,564 East Asian ancestry individuals, 4,270 South Asian ancestry individuals, 2,798 Hispanic or Latin American individuals	NA	15q24.3	15	77523491		HMG20A - LINGO1	ENSG00000140382	ENSG00000169783		37536	89536	rs12904212-A	rs12904212	0	12904212	intron_variant	1	0.334	9E-11	10.045757490560675		6.481	z score decrease	Affymetrix, Illumina [50317128] (imputed)	N	peak expiratory flow	http://www.ebi.ac.uk/efo/EFO_0009718	GCST90244095	Genome-wide genotyping array
2023-12-12	36914875	Shrine N	2023-03-13	Nat Genet	www.ncbi.nlm.nih.gov/pubmed/36914875	Multi-ancestry genome-wide association analyses improve resolution of genes and pathways influencing lung function and chronic obstructive pulmonary disease risk.	Peak expiratory flow	393,161 European ancestry individuals, 4,227 African ancestry individuals, 1,564 East Asian ancestry individuals, 4,270 South Asian ancestry individuals, 2,798 Hispanic or Latin American individuals	NA	6q26	6	163263395		PACRG			ENSG00000112530			rs6913469-T	rs6913469	0	6913469	intron_variant	0	0.27	9E-11	10.045757490560675		6.477	z score increase	Affymetrix, Illumina [50317128] (imputed)	N	peak expiratory flow	http://www.ebi.ac.uk/efo/EFO_0009718	GCST90244095	Genome-wide genotyping array
2023-12-12	36914875	Shrine N	2023-03-13	Nat Genet	www.ncbi.nlm.nih.gov/pubmed/36914875	Multi-ancestry genome-wide association analyses improve resolution of genes and pathways influencing lung function and chronic obstructive pulmonary disease risk.	Peak expiratory flow	393,161 European ancestry individuals, 4,227 African ancestry individuals, 1,564 East Asian ancestry individuals, 4,270 South Asian ancestry individuals, 2,798 Hispanic or Latin American individuals	NA	2p24.2	2	18518240		KCNS3 - RDH14	ENSG00000170745	ENSG00000240857		156624	36483	rs13008882-A	rs13008882	0	13008882	regulatory_region_variant	1	0.183	2E-10	9.698970004336019		6.394	z score decrease	Affymetrix, Illumina [50317128] (imputed)	N	peak expiratory flow	http://www.ebi.ac.uk/efo/EFO_0009718	GCST90244095	Genome-wide genotyping array
2023-12-12	36914875	Shrine N	2023-03-13	Nat Genet	www.ncbi.nlm.nih.gov/pubmed/36914875	Multi-ancestry genome-wide association analyses improve resolution of genes and pathways influencing lung function and chronic obstructive pulmonary disease risk.	Peak expiratory flow	393,161 European ancestry individuals, 4,227 African ancestry individuals, 1,564 East Asian ancestry individuals, 4,270 South Asian ancestry individuals, 2,798 Hispanic or Latin American individuals	NA	1p36.22	1	10381920		KIF1B - PGD	ENSG00000054523	ENSG00000142657		314	16672	rs6541092-T	rs6541092	0	6541092	non_coding_transcript_exon_variant	1	0.883	2E-10	9.698970004336019		6.389	z score increase	Affymetrix, Illumina [50317128] (imputed)	N	peak expiratory flow	http://www.ebi.ac.uk/efo/EFO_0009718	GCST90244095	Genome-wide genotyping array
2023-12-12	36914875	Shrine N	2023-03-13	Nat Genet	www.ncbi.nlm.nih.gov/pubmed/36914875	Multi-ancestry genome-wide association analyses improve resolution of genes and pathways influencing lung function and chronic obstructive pulmonary disease risk.	Peak expiratory flow	393,161 European ancestry individuals, 4,227 African ancestry individuals, 1,564 East Asian ancestry individuals, 4,270 South Asian ancestry individuals, 2,798 Hispanic or Latin American individuals	NA	2p14	2	67239121		LINC01828, LINC01829			ENSG00000235885, ENSG00000236780			rs34584544-C	rs34584544	0	34584544	intron_variant	0	0.198	2E-10	9.698970004336019		6.36	z score increase	Affymetrix, Illumina [50317128] (imputed)	N	peak expiratory flow	http://www.ebi.ac.uk/efo/EFO_0009718	GCST90244095	Genome-wide genotyping array
2023-12-12	36914875	Shrine N	2023-03-13	Nat Genet	www.ncbi.nlm.nih.gov/pubmed/36914875	Multi-ancestry genome-wide association analyses improve resolution of genes and pathways influencing lung function and chronic obstructive pulmonary disease risk.	Peak expiratory flow	393,161 European ancestry individuals, 4,227 African ancestry individuals, 1,564 East Asian ancestry individuals, 4,270 South Asian ancestry individuals, 2,798 Hispanic or Latin American individuals	NA	20q13.33	20	63380027		CHRNA4 - KCNQ2	ENSG00000101204	ENSG00000075043		1626	20181	rs71325435-T	rs71325435	0	71325435	intron_variant	1	0.269	2E-10	9.698970004336019		6.347	z score increase	Affymetrix, Illumina [50317128] (imputed)	N	peak expiratory flow	http://www.ebi.ac.uk/efo/EFO_0009718	GCST90244095	Genome-wide genotyping array
2023-12-12	36914875	Shrine N	2023-03-13	Nat Genet	www.ncbi.nlm.nih.gov/pubmed/36914875	Multi-ancestry genome-wide association analyses improve resolution of genes and pathways influencing lung function and chronic obstructive pulmonary disease risk.	Peak expiratory flow	393,161 European ancestry individuals, 4,227 African ancestry individuals, 1,564 East Asian ancestry individuals, 4,270 South Asian ancestry individuals, 2,798 Hispanic or Latin American individuals	NA	17q24.3	17	71438857		RNU7-155P - MYL6P5	ENSG00000238759	ENSG00000228118		140639	182121	rs528720317-A	rs528720317	0	528720317	regulatory_region_variant	1	0.0057	2E-10	9.698970004336019		6.337	z score increase	Affymetrix, Illumina [50317128] (imputed)	N	peak expiratory flow	http://www.ebi.ac.uk/efo/EFO_0009718	GCST90244095	Genome-wide genotyping array
2023-12-12	36914875	Shrine N	2023-03-13	Nat Genet	www.ncbi.nlm.nih.gov/pubmed/36914875	Multi-ancestry genome-wide association analyses improve resolution of genes and pathways influencing lung function and chronic obstructive pulmonary disease risk.	Peak expiratory flow	393,161 European ancestry individuals, 4,227 African ancestry individuals, 1,564 East Asian ancestry individuals, 4,270 South Asian ancestry individuals, 2,798 Hispanic or Latin American individuals	NA	6q25.1	6	151022841		MTHFD1L			ENSG00000120254			rs1079660-T	rs1079660	0	1079660	intron_variant	0	0.73	3E-10	9.522878745280337		6.327	z score increase	Affymetrix, Illumina [50317128] (imputed)	N	peak expiratory flow	http://www.ebi.ac.uk/efo/EFO_0009718	GCST90244095	Genome-wide genotyping array
2023-12-12	36914875	Shrine N	2023-03-13	Nat Genet	www.ncbi.nlm.nih.gov/pubmed/36914875	Multi-ancestry genome-wide association analyses improve resolution of genes and pathways influencing lung function and chronic obstructive pulmonary disease risk.	Peak expiratory flow	393,161 European ancestry individuals, 4,227 African ancestry individuals, 1,564 East Asian ancestry individuals, 4,270 South Asian ancestry individuals, 2,798 Hispanic or Latin American individuals	NA	2p22.2	2	38070996		CYP1B1			ENSG00000138061			rs1800440-T	rs1800440	0	1800440	missense_variant	0	0.818	2E-9	8.698970004336019		5.964	z score increase	Affymetrix, Illumina [50317128] (imputed)	N	peak expiratory flow	http://www.ebi.ac.uk/efo/EFO_0009718	GCST90244095	Genome-wide genotyping array
2023-12-12	36914875	Shrine N	2023-03-13	Nat Genet	www.ncbi.nlm.nih.gov/pubmed/36914875	Multi-ancestry genome-wide association analyses improve resolution of genes and pathways influencing lung function and chronic obstructive pulmonary disease risk.	Peak expiratory flow	393,161 European ancestry individuals, 4,227 African ancestry individuals, 1,564 East Asian ancestry individuals, 4,270 South Asian ancestry individuals, 2,798 Hispanic or Latin American individuals	NA	Xp11.23	X	49187155		PRICKLE3 - SYP	ENSG00000012211	ENSG00000102003		627	652	rs184339396-C	rs184339396	0	184339396	intergenic_variant	1	0.0466	2E-9	8.698970004336019		5.962	z score decrease	Affymetrix, Illumina [50317128] (imputed)	N	peak expiratory flow	http://www.ebi.ac.uk/efo/EFO_0009718	GCST90244095	Genome-wide genotyping array
2023-12-12	36914875	Shrine N	2023-03-13	Nat Genet	www.ncbi.nlm.nih.gov/pubmed/36914875	Multi-ancestry genome-wide association analyses improve resolution of genes and pathways influencing lung function and chronic obstructive pulmonary disease risk.	Peak expiratory flow	393,161 European ancestry individuals, 4,227 African ancestry individuals, 1,564 East Asian ancestry individuals, 4,270 South Asian ancestry individuals, 2,798 Hispanic or Latin American individuals	NA	11p11.2	11	44350167		ALX4 - RPL7AP79	ENSG00000052850	ENSG00000255106		40028	189611	rs10742705-A	rs10742705	0	10742705	intron_variant	1	0.425	3E-9	8.522878745280337		5.95	z score increase	Affymetrix, Illumina [50317128] (imputed)	N	peak expiratory flow	http://www.ebi.ac.uk/efo/EFO_0009718	GCST90244095	Genome-wide genotyping array
2023-12-12	36914875	Shrine N	2023-03-13	Nat Genet	www.ncbi.nlm.nih.gov/pubmed/36914875	Multi-ancestry genome-wide association analyses improve resolution of genes and pathways influencing lung function and chronic obstructive pulmonary disease risk.	Peak expiratory flow	393,161 European ancestry individuals, 4,227 African ancestry individuals, 1,564 East Asian ancestry individuals, 4,270 South Asian ancestry individuals, 2,798 Hispanic or Latin American individuals	NA	4q35.1	4	184478232		IRF2-DT			ENSG00000271646			rs747694985-T	rs747694985	1	140582069	intergenic_variant	0	0.13	3E-9	8.522878745280337		5.919	z score increase	Affymetrix, Illumina [50317128] (imputed)	N	peak expiratory flow	http://www.ebi.ac.uk/efo/EFO_0009718	GCST90244095	Genome-wide genotyping array
2023-12-12	36914875	Shrine N	2023-03-13	Nat Genet	www.ncbi.nlm.nih.gov/pubmed/36914875	Multi-ancestry genome-wide association analyses improve resolution of genes and pathways influencing lung function and chronic obstructive pulmonary disease risk.	Peak expiratory flow	393,161 European ancestry individuals, 4,227 African ancestry individuals, 1,564 East Asian ancestry individuals, 4,270 South Asian ancestry individuals, 2,798 Hispanic or Latin American individuals	NA	19p13.2	19	8109840		FBN3			ENSG00000142449			rs11672038-T	rs11672038	0	11672038	intron_variant	0	0.384	3E-9	8.522878745280337		5.919	z score decrease	Affymetrix, Illumina [50317128] (imputed)	N	peak expiratory flow	http://www.ebi.ac.uk/efo/EFO_0009718	GCST90244095	Genome-wide genotyping array
2023-12-12	36914875	Shrine N	2023-03-13	Nat Genet	www.ncbi.nlm.nih.gov/pubmed/36914875	Multi-ancestry genome-wide association analyses improve resolution of genes and pathways influencing lung function and chronic obstructive pulmonary disease risk.	Peak expiratory flow	393,161 European ancestry individuals, 4,227 African ancestry individuals, 1,564 East Asian ancestry individuals, 4,270 South Asian ancestry individuals, 2,798 Hispanic or Latin American individuals	NA	8q21.11	8	73497617		STAU2			ENSG00000040341			rs4738376-A	rs4738376	0	4738376	intron_variant	0	0.859	3E-9	8.522878745280337		5.912	z score increase	Affymetrix, Illumina [50317128] (imputed)	N	peak expiratory flow	http://www.ebi.ac.uk/efo/EFO_0009718	GCST90244095	Genome-wide genotyping array
2023-12-12	36914875	Shrine N	2023-03-13	Nat Genet	www.ncbi.nlm.nih.gov/pubmed/36914875	Multi-ancestry genome-wide association analyses improve resolution of genes and pathways influencing lung function and chronic obstructive pulmonary disease risk.	Peak expiratory flow	393,161 European ancestry individuals, 4,227 African ancestry individuals, 1,564 East Asian ancestry individuals, 4,270 South Asian ancestry individuals, 2,798 Hispanic or Latin American individuals	NA	20q13.12	20	46858178		SLC2A10 - RN7SKP33	ENSG00000197496	ENSG00000222874		121831	1155	rs12481092-T	rs12481092	0	12481092	intergenic_variant	1	0.266	4E-9	8.397940008672037		5.902	z score increase	Affymetrix, Illumina [50317128] (imputed)	N	peak expiratory flow	http://www.ebi.ac.uk/efo/EFO_0009718	GCST90244095	Genome-wide genotyping array
2023-12-12	36914875	Shrine N	2023-03-13	Nat Genet	www.ncbi.nlm.nih.gov/pubmed/36914875	Multi-ancestry genome-wide association analyses improve resolution of genes and pathways influencing lung function and chronic obstructive pulmonary disease risk.	Peak expiratory flow	393,161 European ancestry individuals, 4,227 African ancestry individuals, 1,564 East Asian ancestry individuals, 4,270 South Asian ancestry individuals, 2,798 Hispanic or Latin American individuals	NA	18p11.22	18	10458259		APCDD1			ENSG00000154856			rs12606657-A	rs12606657	0	12606657	intron_variant	0	0.197	4E-9	8.397940008672037		5.876	z score decrease	Affymetrix, Illumina [50317128] (imputed)	N	peak expiratory flow	http://www.ebi.ac.uk/efo/EFO_0009718	GCST90244095	Genome-wide genotyping array
2023-12-12	36914875	Shrine N	2023-03-13	Nat Genet	www.ncbi.nlm.nih.gov/pubmed/36914875	Multi-ancestry genome-wide association analyses improve resolution of genes and pathways influencing lung function and chronic obstructive pulmonary disease risk.	Peak expiratory flow	393,161 European ancestry individuals, 4,227 African ancestry individuals, 1,564 East Asian ancestry individuals, 4,270 South Asian ancestry individuals, 2,798 Hispanic or Latin American individuals	NA	10p11.23	10	30024734		JCAD			ENSG00000165757			rs55885169-T	rs55885169	0	55885169	intron_variant	0	0.41	2E-15	14.698970004336019		7.952	z score increase	Affymetrix, Illumina [50317128] (imputed)	N	peak expiratory flow	http://www.ebi.ac.uk/efo/EFO_0009718	GCST90244095	Genome-wide genotyping array
2023-12-12	36914875	Shrine N	2023-03-13	Nat Genet	www.ncbi.nlm.nih.gov/pubmed/36914875	Multi-ancestry genome-wide association analyses improve resolution of genes and pathways influencing lung function and chronic obstructive pulmonary disease risk.	Peak expiratory flow	393,161 European ancestry individuals, 4,227 African ancestry individuals, 1,564 East Asian ancestry individuals, 4,270 South Asian ancestry individuals, 2,798 Hispanic or Latin American individuals	NA	9q33.1	9	116648477		ASTN2			ENSG00000148219			rs811689-T	rs811689	0	811689	intron_variant	0	0.444	2E-38	37.69897000433602		12.963	z score decrease	Affymetrix, Illumina [50317128] (imputed)	N	peak expiratory flow	http://www.ebi.ac.uk/efo/EFO_0009718	GCST90244095	Genome-wide genotyping array
2023-12-12	36914875	Shrine N	2023-03-13	Nat Genet	www.ncbi.nlm.nih.gov/pubmed/36914875	Multi-ancestry genome-wide association analyses improve resolution of genes and pathways influencing lung function and chronic obstructive pulmonary disease risk.	Peak expiratory flow	393,161 European ancestry individuals, 4,227 African ancestry individuals, 1,564 East Asian ancestry individuals, 4,270 South Asian ancestry individuals, 2,798 Hispanic or Latin American individuals	NA	6p21.32	6	33185751		COL11A2			ENSG00000204248			rs9277934-T	rs9277934	0	9277934	missense_variant	0	0.315	2E-15	14.698970004336019		7.932	z score decrease	Affymetrix, Illumina [50317128] (imputed)	N	peak expiratory flow	http://www.ebi.ac.uk/efo/EFO_0009718	GCST90244095	Genome-wide genotyping array
2023-12-12	36914875	Shrine N	2023-03-13	Nat Genet	www.ncbi.nlm.nih.gov/pubmed/36914875	Multi-ancestry genome-wide association analyses improve resolution of genes and pathways influencing lung function and chronic obstructive pulmonary disease risk.	Peak expiratory flow	393,161 European ancestry individuals, 4,227 African ancestry individuals, 1,564 East Asian ancestry individuals, 4,270 South Asian ancestry individuals, 2,798 Hispanic or Latin American individuals	NA	6p21.32	6	32690067		HLA-DQB1 - MTCO3P1	ENSG00000179344	ENSG00000235040		21684	16057	rs9275211-T	rs9275211	0	9275211	non_coding_transcript_exon_variant	1	0.785	1E-10	10.0		6.437	z score increase	Affymetrix, Illumina [50317128] (imputed)	N	peak expiratory flow	http://www.ebi.ac.uk/efo/EFO_0009718	GCST90244095	Genome-wide genotyping array
2023-12-12	36914875	Shrine N	2023-03-13	Nat Genet	www.ncbi.nlm.nih.gov/pubmed/36914875	Multi-ancestry genome-wide association analyses improve resolution of genes and pathways influencing lung function and chronic obstructive pulmonary disease risk.	Peak expiratory flow	393,161 European ancestry individuals, 4,227 African ancestry individuals, 1,564 East Asian ancestry individuals, 4,270 South Asian ancestry individuals, 2,798 Hispanic or Latin American individuals	NA	12p13.33	12	604586		NINJ2			ENSG00000171840			rs2535398-T	rs2535398	0	2535398	intron_variant	0	0.352	1E-14	14.0		7.714	z score increase	Affymetrix, Illumina [50317128] (imputed)	N	peak expiratory flow	http://www.ebi.ac.uk/efo/EFO_0009718	GCST90244095	Genome-wide genotyping array
2023-12-12	36914875	Shrine N	2023-03-13	Nat Genet	www.ncbi.nlm.nih.gov/pubmed/36914875	Multi-ancestry genome-wide association analyses improve resolution of genes and pathways influencing lung function and chronic obstructive pulmonary disease risk.	Peak expiratory flow	393,161 European ancestry individuals, 4,227 African ancestry individuals, 1,564 East Asian ancestry individuals, 4,270 South Asian ancestry individuals, 2,798 Hispanic or Latin American individuals	NA	15q26.1	15	88843421		ACAN			ENSG00000157766			rs34949187-A	rs34949187	0	34949187	missense_variant	0	0.181	3E-14	13.522878745280337		7.585	z score increase	Affymetrix, Illumina [50317128] (imputed)	N	peak expiratory flow	http://www.ebi.ac.uk/efo/EFO_0009718	GCST90244095	Genome-wide genotyping array
2023-12-12	36914875	Shrine N	2023-03-13	Nat Genet	www.ncbi.nlm.nih.gov/pubmed/36914875	Multi-ancestry genome-wide association analyses improve resolution of genes and pathways influencing lung function and chronic obstructive pulmonary disease risk.	Peak expiratory flow	393,161 European ancestry individuals, 4,227 African ancestry individuals, 1,564 East Asian ancestry individuals, 4,270 South Asian ancestry individuals, 2,798 Hispanic or Latin American individuals	NA	Xp22.2	X	16761211		SYAP1			ENSG00000169895			rs34332618-CA	rs34332618	0	34332618	3_prime_UTR_variant	0	0.4084	9E-14	13.045757490560675		7.453	z score increase	Affymetrix, Illumina [50317128] (imputed)	N	peak expiratory flow	http://www.ebi.ac.uk/efo/EFO_0009718	GCST90244095	Genome-wide genotyping array
2023-12-12	36914875	Shrine N	2023-03-13	Nat Genet	www.ncbi.nlm.nih.gov/pubmed/36914875	Multi-ancestry genome-wide association analyses improve resolution of genes and pathways influencing lung function and chronic obstructive pulmonary disease risk.	Peak expiratory flow	393,161 European ancestry individuals, 4,227 African ancestry individuals, 1,564 East Asian ancestry individuals, 4,270 South Asian ancestry individuals, 2,798 Hispanic or Latin American individuals	NA	4q31.21	4	144628816		KRT18P51 - HHIP-AS1	ENSG00000250504	ENSG00000248890		55833	14100	rs34792358-C	rs34792358	0	34792358	intron_variant	1	0.429	5E-20	19.30102999566398		9.164	z score decrease	Affymetrix, Illumina [50317128] (imputed)	N	peak expiratory flow	http://www.ebi.ac.uk/efo/EFO_0009718	GCST90244095	Genome-wide genotyping array
2023-12-12	36914875	Shrine N	2023-03-13	Nat Genet	www.ncbi.nlm.nih.gov/pubmed/36914875	Multi-ancestry genome-wide association analyses improve resolution of genes and pathways influencing lung function and chronic obstructive pulmonary disease risk.	Peak expiratory flow	393,161 European ancestry individuals, 4,227 African ancestry individuals, 1,564 East Asian ancestry individuals, 4,270 South Asian ancestry individuals, 2,798 Hispanic or Latin American individuals	NA											chr17:44104576-CCTT	chr17:44104576	0			1	0.775	3E-18	17.522878745280337		8.708	z score increase	Affymetrix, Illumina [50317128] (imputed)	N	peak expiratory flow	http://www.ebi.ac.uk/efo/EFO_0009718	GCST90244095	Genome-wide genotyping array
2023-12-12	36914875	Shrine N	2023-03-13	Nat Genet	www.ncbi.nlm.nih.gov/pubmed/36914875	Multi-ancestry genome-wide association analyses improve resolution of genes and pathways influencing lung function and chronic obstructive pulmonary disease risk.	Peak expiratory flow	393,161 European ancestry individuals, 4,227 African ancestry individuals, 1,564 East Asian ancestry individuals, 4,270 South Asian ancestry individuals, 2,798 Hispanic or Latin American individuals	NA	17q22	17	56699494		NOG - C17orf67	ENSG00000183691	ENSG00000214226		103883	92419	rs227728-A	rs227728	0	227728	regulatory_region_variant	1	0.333	5E-15	14.301029995663981		7.817	z score decrease	Affymetrix, Illumina [50317128] (imputed)	N	peak expiratory flow	http://www.ebi.ac.uk/efo/EFO_0009718	GCST90244095	Genome-wide genotyping array
2023-12-12	36914875	Shrine N	2023-03-13	Nat Genet	www.ncbi.nlm.nih.gov/pubmed/36914875	Multi-ancestry genome-wide association analyses improve resolution of genes and pathways influencing lung function and chronic obstructive pulmonary disease risk.	Peak expiratory flow	393,161 European ancestry individuals, 4,227 African ancestry individuals, 1,564 East Asian ancestry individuals, 4,270 South Asian ancestry individuals, 2,798 Hispanic or Latin American individuals	NA	6p24.3	6	7102367		RN7SL554P - RREB1	ENSG00000240936	ENSG00000124782		163470	5051	rs144671758-A	rs144671758	0	144671758	intergenic_variant	1	0.944	6E-15	14.221848749616356		7.814	z score increase	Affymetrix, Illumina [50317128] (imputed)	N	peak expiratory flow	http://www.ebi.ac.uk/efo/EFO_0009718	GCST90244095	Genome-wide genotyping array
2023-12-12	36914875	Shrine N	2023-03-13	Nat Genet	www.ncbi.nlm.nih.gov/pubmed/36914875	Multi-ancestry genome-wide association analyses improve resolution of genes and pathways influencing lung function and chronic obstructive pulmonary disease risk.	Peak expiratory flow	393,161 European ancestry individuals, 4,227 African ancestry individuals, 1,564 East Asian ancestry individuals, 4,270 South Asian ancestry individuals, 2,798 Hispanic or Latin American individuals	NA	1p21.1	1	103102908		COL11A1			ENSG00000060718			rs2376280-A	rs2376280	0	2376280	intron_variant	0	0.592	7E-15	14.154901959985743		7.789	z score increase	Affymetrix, Illumina [50317128] (imputed)	N	peak expiratory flow	http://www.ebi.ac.uk/efo/EFO_0009718	GCST90244095	Genome-wide genotyping array
2023-12-12	36914875	Shrine N	2023-03-13	Nat Genet	www.ncbi.nlm.nih.gov/pubmed/36914875	Multi-ancestry genome-wide association analyses improve resolution of genes and pathways influencing lung function and chronic obstructive pulmonary disease risk.	Peak expiratory flow	393,161 European ancestry individuals, 4,227 African ancestry individuals, 1,564 East Asian ancestry individuals, 4,270 South Asian ancestry individuals, 2,798 Hispanic or Latin American individuals	NA	12p13.33	12	471606		B4GALNT3			ENSG00000139044			rs12811171-T	rs12811171	0	12811171	intron_variant	0	0.346	7E-15	14.154901959985743		7.785	z score decrease	Affymetrix, Illumina [50317128] (imputed)	N	peak expiratory flow	http://www.ebi.ac.uk/efo/EFO_0009718	GCST90244095	Genome-wide genotyping array
2023-12-12	36914875	Shrine N	2023-03-13	Nat Genet	www.ncbi.nlm.nih.gov/pubmed/36914875	Multi-ancestry genome-wide association analyses improve resolution of genes and pathways influencing lung function and chronic obstructive pulmonary disease risk.	Peak expiratory flow	393,161 European ancestry individuals, 4,227 African ancestry individuals, 1,564 East Asian ancestry individuals, 4,270 South Asian ancestry individuals, 2,798 Hispanic or Latin American individuals	NA	4q21.23	4	84378634		LINC02994 - NKX6-1	ENSG00000250546	ENSG00000163623		79394	113351	rs1442167-C	rs1442167	0	1442167	intron_variant	1	0.172	9E-15	14.045757490560675		7.747	z score decrease	Affymetrix, Illumina [50317128] (imputed)	N	peak expiratory flow	http://www.ebi.ac.uk/efo/EFO_0009718	GCST90244095	Genome-wide genotyping array
2023-12-12	36914875	Shrine N	2023-03-13	Nat Genet	www.ncbi.nlm.nih.gov/pubmed/36914875	Multi-ancestry genome-wide association analyses improve resolution of genes and pathways influencing lung function and chronic obstructive pulmonary disease risk.	Peak expiratory flow	393,161 European ancestry individuals, 4,227 African ancestry individuals, 1,564 East Asian ancestry individuals, 4,270 South Asian ancestry individuals, 2,798 Hispanic or Latin American individuals	NA	9p22.3	9	16105963		CCDC171 - LINC03041	ENSG00000164989	ENSG00000205549		44300	97972	rs11795150-T	rs11795150	0	11795150	intergenic_variant	1	0.565	1E-14	14.0		7.74	z score increase	Affymetrix, Illumina [50317128] (imputed)	N	peak expiratory flow	http://www.ebi.ac.uk/efo/EFO_0009718	GCST90244095	Genome-wide genotyping array
2023-12-12	36914875	Shrine N	2023-03-13	Nat Genet	www.ncbi.nlm.nih.gov/pubmed/36914875	Multi-ancestry genome-wide association analyses improve resolution of genes and pathways influencing lung function and chronic obstructive pulmonary disease risk.	Peak expiratory flow	393,161 European ancestry individuals, 4,227 African ancestry individuals, 1,564 East Asian ancestry individuals, 4,270 South Asian ancestry individuals, 2,798 Hispanic or Latin American individuals	NA											chr4:1712880-A	chr4:1712880	0			1	0.336	1E-14	14.0		7.694	z score decrease	Affymetrix, Illumina [50317128] (imputed)	N	peak expiratory flow	http://www.ebi.ac.uk/efo/EFO_0009718	GCST90244095	Genome-wide genotyping array
2023-12-12	36914875	Shrine N	2023-03-13	Nat Genet	www.ncbi.nlm.nih.gov/pubmed/36914875	Multi-ancestry genome-wide association analyses improve resolution of genes and pathways influencing lung function and chronic obstructive pulmonary disease risk.	Peak expiratory flow	393,161 European ancestry individuals, 4,227 African ancestry individuals, 1,564 East Asian ancestry individuals, 4,270 South Asian ancestry individuals, 2,798 Hispanic or Latin American individuals	NA	6p12.1	6	56471608		DST			ENSG00000151914			rs2894837-A	rs2894837	0	2894837	intron_variant	0	0.631	5E-14	13.301029995663981		7.541	z score increase	Affymetrix, Illumina [50317128] (imputed)	N	peak expiratory flow	http://www.ebi.ac.uk/efo/EFO_0009718	GCST90244095	Genome-wide genotyping array
2023-12-12	36914875	Shrine N	2023-03-13	Nat Genet	www.ncbi.nlm.nih.gov/pubmed/36914875	Multi-ancestry genome-wide association analyses improve resolution of genes and pathways influencing lung function and chronic obstructive pulmonary disease risk.	Peak expiratory flow	393,161 European ancestry individuals, 4,227 African ancestry individuals, 1,564 East Asian ancestry individuals, 4,270 South Asian ancestry individuals, 2,798 Hispanic or Latin American individuals	NA	6q25.1	6	151796550		ESR1			ENSG00000091831			rs9479117-T	rs9479117	0	9479117	intron_variant	0	0.836	5E-14	13.301029995663981		7.528	z score decrease	Affymetrix, Illumina [50317128] (imputed)	N	peak expiratory flow	http://www.ebi.ac.uk/efo/EFO_0009718	GCST90244095	Genome-wide genotyping array
2023-12-12	36914875	Shrine N	2023-03-13	Nat Genet	www.ncbi.nlm.nih.gov/pubmed/36914875	Multi-ancestry genome-wide association analyses improve resolution of genes and pathways influencing lung function and chronic obstructive pulmonary disease risk.	Peak expiratory flow	393,161 European ancestry individuals, 4,227 African ancestry individuals, 1,564 East Asian ancestry individuals, 4,270 South Asian ancestry individuals, 2,798 Hispanic or Latin American individuals	NA	17q21.32	17	48503822		Y_RNA - HOXB1	ENSG00000238723	ENSG00000120094		24624	24704	rs4793870-T	rs4793870	0	4793870	regulatory_region_variant	1	0.373	6E-14	13.221848749616356		7.504	z score increase	Affymetrix, Illumina [50317128] (imputed)	N	peak expiratory flow	http://www.ebi.ac.uk/efo/EFO_0009718	GCST90244095	Genome-wide genotyping array
2023-12-12	36914875	Shrine N	2023-03-13	Nat Genet	www.ncbi.nlm.nih.gov/pubmed/36914875	Multi-ancestry genome-wide association analyses improve resolution of genes and pathways influencing lung function and chronic obstructive pulmonary disease risk.	Peak expiratory flow	393,161 European ancestry individuals, 4,227 African ancestry individuals, 1,564 East Asian ancestry individuals, 4,270 South Asian ancestry individuals, 2,798 Hispanic or Latin American individuals	NA	2p24.1	2	19239358		LINC01376			ENSG00000236204			rs7602668-C	rs7602668	0	7602668	intron_variant	0	0.226	8E-14	13.096910013008056		7.476	z score increase	Affymetrix, Illumina [50317128] (imputed)	N	peak expiratory flow	http://www.ebi.ac.uk/efo/EFO_0009718	GCST90244095	Genome-wide genotyping array
2023-12-12	36914875	Shrine N	2023-03-13	Nat Genet	www.ncbi.nlm.nih.gov/pubmed/36914875	Multi-ancestry genome-wide association analyses improve resolution of genes and pathways influencing lung function and chronic obstructive pulmonary disease risk.	Peak expiratory flow	393,161 European ancestry individuals, 4,227 African ancestry individuals, 1,564 East Asian ancestry individuals, 4,270 South Asian ancestry individuals, 2,798 Hispanic or Latin American individuals	NA	7q22.3	7	105171682		SRPK2			ENSG00000135250			rs10266871-A	rs10266871	0	10266871	intron_variant	0	0.346	9E-14	13.045757490560675		7.45	z score decrease	Affymetrix, Illumina [50317128] (imputed)	N	peak expiratory flow	http://www.ebi.ac.uk/efo/EFO_0009718	GCST90244095	Genome-wide genotyping array
2023-12-12	36914875	Shrine N	2023-03-13	Nat Genet	www.ncbi.nlm.nih.gov/pubmed/36914875	Multi-ancestry genome-wide association analyses improve resolution of genes and pathways influencing lung function and chronic obstructive pulmonary disease risk.	Peak expiratory flow	393,161 European ancestry individuals, 4,227 African ancestry individuals, 1,564 East Asian ancestry individuals, 4,270 South Asian ancestry individuals, 2,798 Hispanic or Latin American individuals	NA	4p15.33	4	12836535		ECM1P2 - U6	ENSG00000249995	ENSG00000283545		195526	214807	rs13150673-T	rs13150673	0	13150673	intergenic_variant	1	0.308	1E-13	13.0		7.406	z score increase	Affymetrix, Illumina [50317128] (imputed)	N	peak expiratory flow	http://www.ebi.ac.uk/efo/EFO_0009718	GCST90244095	Genome-wide genotyping array
2023-12-12	36914875	Shrine N	2023-03-13	Nat Genet	www.ncbi.nlm.nih.gov/pubmed/36914875	Multi-ancestry genome-wide association analyses improve resolution of genes and pathways influencing lung function and chronic obstructive pulmonary disease risk.	Peak expiratory flow	393,161 European ancestry individuals, 4,227 African ancestry individuals, 1,564 East Asian ancestry individuals, 4,270 South Asian ancestry individuals, 2,798 Hispanic or Latin American individuals	NA	12p12.2	12	20552381		PDE3A			ENSG00000172572			rs112599355-T	rs112599355	0	112599355	non_coding_transcript_exon_variant	0	0.953	3E-13	12.522878745280337		7.318	z score decrease	Affymetrix, Illumina [50317128] (imputed)	N	peak expiratory flow	http://www.ebi.ac.uk/efo/EFO_0009718	GCST90244095	Genome-wide genotyping array
2023-12-12	36914875	Shrine N	2023-03-13	Nat Genet	www.ncbi.nlm.nih.gov/pubmed/36914875	Multi-ancestry genome-wide association analyses improve resolution of genes and pathways influencing lung function and chronic obstructive pulmonary disease risk.	Peak expiratory flow	393,161 European ancestry individuals, 4,227 African ancestry individuals, 1,564 East Asian ancestry individuals, 4,270 South Asian ancestry individuals, 2,798 Hispanic or Latin American individuals	NA	20q11.22	20	34689049		PIGU			ENSG00000101464			rs2889855-T	rs2889855	0	2889855	intergenic_variant	0	0.627	5E-13	12.301029995663981		7.236	z score increase	Affymetrix, Illumina [50317128] (imputed)	N	peak expiratory flow	http://www.ebi.ac.uk/efo/EFO_0009718	GCST90244095	Genome-wide genotyping array
2023-12-12	36914875	Shrine N	2023-03-13	Nat Genet	www.ncbi.nlm.nih.gov/pubmed/36914875	Multi-ancestry genome-wide association analyses improve resolution of genes and pathways influencing lung function and chronic obstructive pulmonary disease risk.	Peak expiratory flow	393,161 European ancestry individuals, 4,227 African ancestry individuals, 1,564 East Asian ancestry individuals, 4,270 South Asian ancestry individuals, 2,798 Hispanic or Latin American individuals	NA	10p11.23	10	29979336		SVIL - JCAD	ENSG00000197321	ENSG00000165757		242213	33467	rs4090359-A	rs4090359	0	4090359	regulatory_region_variant	1	0.574	5E-13	12.301029995663981		7.214	z score increase	Affymetrix, Illumina [50317128] (imputed)	N	peak expiratory flow	http://www.ebi.ac.uk/efo/EFO_0009718	GCST90244095	Genome-wide genotyping array
2023-12-12	36914875	Shrine N	2023-03-13	Nat Genet	www.ncbi.nlm.nih.gov/pubmed/36914875	Multi-ancestry genome-wide association analyses improve resolution of genes and pathways influencing lung function and chronic obstructive pulmonary disease risk.	Peak expiratory flow	393,161 European ancestry individuals, 4,227 African ancestry individuals, 1,564 East Asian ancestry individuals, 4,270 South Asian ancestry individuals, 2,798 Hispanic or Latin American individuals	NA	1p36.11	1	24556314		NCMAP			ENSG00000184454			rs6702180-A	rs6702180	0	6702180	intron_variant	0	0.776	6E-13	12.221848749616356		7.192	z score decrease	Affymetrix, Illumina [50317128] (imputed)	N	peak expiratory flow	http://www.ebi.ac.uk/efo/EFO_0009718	GCST90244095	Genome-wide genotyping array
2023-12-12	36914875	Shrine N	2023-03-13	Nat Genet	www.ncbi.nlm.nih.gov/pubmed/36914875	Multi-ancestry genome-wide association analyses improve resolution of genes and pathways influencing lung function and chronic obstructive pulmonary disease risk.	Peak expiratory flow	393,161 European ancestry individuals, 4,227 African ancestry individuals, 1,564 East Asian ancestry individuals, 4,270 South Asian ancestry individuals, 2,798 Hispanic or Latin American individuals	NA	11q24.1	11	121719907		SORL1 - RNU6-256P	ENSG00000137642	ENSG00000252556		86144	284448	rs10790454-A	rs10790454	0	10790454	intron_variant	1	0.731	8E-13	12.096910013008056		7.159	z score decrease	Affymetrix, Illumina [50317128] (imputed)	N	peak expiratory flow	http://www.ebi.ac.uk/efo/EFO_0009718	GCST90244095	Genome-wide genotyping array
2023-12-12	36914875	Shrine N	2023-03-13	Nat Genet	www.ncbi.nlm.nih.gov/pubmed/36914875	Multi-ancestry genome-wide association analyses improve resolution of genes and pathways influencing lung function and chronic obstructive pulmonary disease risk.	Peak expiratory flow	393,161 European ancestry individuals, 4,227 African ancestry individuals, 1,564 East Asian ancestry individuals, 4,270 South Asian ancestry individuals, 2,798 Hispanic or Latin American individuals	NA	3q23	3	141431184		ZBTB38			ENSG00000177311			rs7625643-A	rs7625643	0	7625643	intron_variant	0	0.551	8E-13	12.096910013008056		7.157	z score increase	Affymetrix, Illumina [50317128] (imputed)	N	peak expiratory flow	http://www.ebi.ac.uk/efo/EFO_0009718	GCST90244095	Genome-wide genotyping array
2023-12-12	36914875	Shrine N	2023-03-13	Nat Genet	www.ncbi.nlm.nih.gov/pubmed/36914875	Multi-ancestry genome-wide association analyses improve resolution of genes and pathways influencing lung function and chronic obstructive pulmonary disease risk.	Peak expiratory flow	393,161 European ancestry individuals, 4,227 African ancestry individuals, 1,564 East Asian ancestry individuals, 4,270 South Asian ancestry individuals, 2,798 Hispanic or Latin American individuals	NA	1q21.2	1	150287533		CIART - MRPS21	ENSG00000159208	ENSG00000266472		440	6321	rs6685252-A	rs6685252	0	6685252	intergenic_variant	1	0.392	2E-12	11.698970004336019		7.015	z score increase	Affymetrix, Illumina [50317128] (imputed)	N	peak expiratory flow	http://www.ebi.ac.uk/efo/EFO_0009718	GCST90244095	Genome-wide genotyping array
2023-12-12	36914875	Shrine N	2023-03-13	Nat Genet	www.ncbi.nlm.nih.gov/pubmed/36914875	Multi-ancestry genome-wide association analyses improve resolution of genes and pathways influencing lung function and chronic obstructive pulmonary disease risk.	Peak expiratory flow	393,161 European ancestry individuals, 4,227 African ancestry individuals, 1,564 East Asian ancestry individuals, 4,270 South Asian ancestry individuals, 2,798 Hispanic or Latin American individuals	NA	22q13.1	22	40420837		MRTFA			ENSG00000196588			rs2072857-A	rs2072857	0	2072857	intron_variant	0	0.091	4E-12	11.397940008672037		6.953	z score decrease	Affymetrix, Illumina [50317128] (imputed)	N	peak expiratory flow	http://www.ebi.ac.uk/efo/EFO_0009718	GCST90244095	Genome-wide genotyping array
2023-12-12	36914875	Shrine N	2023-03-13	Nat Genet	www.ncbi.nlm.nih.gov/pubmed/36914875	Multi-ancestry genome-wide association analyses improve resolution of genes and pathways influencing lung function and chronic obstructive pulmonary disease risk.	Peak expiratory flow	393,161 European ancestry individuals, 4,227 African ancestry individuals, 1,564 East Asian ancestry individuals, 4,270 South Asian ancestry individuals, 2,798 Hispanic or Latin American individuals	NA	5q11.2	5	51514213		HMGB1P47 - RNA5SP182	ENSG00000249338	ENSG00000251873		104008	372475	rs10041288-A	rs10041288	0	10041288	intron_variant	1	0.604	6E-12	11.221848749616356		6.885	z score decrease	Affymetrix, Illumina [50317128] (imputed)	N	peak expiratory flow	http://www.ebi.ac.uk/efo/EFO_0009718	GCST90244095	Genome-wide genotyping array
2023-12-12	36914875	Shrine N	2023-03-13	Nat Genet	www.ncbi.nlm.nih.gov/pubmed/36914875	Multi-ancestry genome-wide association analyses improve resolution of genes and pathways influencing lung function and chronic obstructive pulmonary disease risk.	Peak expiratory flow	393,161 European ancestry individuals, 4,227 African ancestry individuals, 1,564 East Asian ancestry individuals, 4,270 South Asian ancestry individuals, 2,798 Hispanic or Latin American individuals	NA	15q22.31	15	66748772		SMAD6			ENSG00000137834			rs11638259-A	rs11638259	0	11638259	intron_variant	0	0.653	6E-12	11.221848749616356		6.873	z score increase	Affymetrix, Illumina [50317128] (imputed)	N	peak expiratory flow	http://www.ebi.ac.uk/efo/EFO_0009718	GCST90244095	Genome-wide genotyping array
2023-12-12	36914875	Shrine N	2023-03-13	Nat Genet	www.ncbi.nlm.nih.gov/pubmed/36914875	Multi-ancestry genome-wide association analyses improve resolution of genes and pathways influencing lung function and chronic obstructive pulmonary disease risk.	Peak expiratory flow	393,161 European ancestry individuals, 4,227 African ancestry individuals, 1,564 East Asian ancestry individuals, 4,270 South Asian ancestry individuals, 2,798 Hispanic or Latin American individuals	NA	4q31.21	4	144545526		GUSBP5 - KRT18P51	ENSG00000251600	ENSG00000250504		201776	26712	rs2220516-C	rs2220516	0	2220516	intron_variant	1	0.857	8E-12	11.096910013008056		6.846	z score increase	Affymetrix, Illumina [50317128] (imputed)	N	peak expiratory flow	http://www.ebi.ac.uk/efo/EFO_0009718	GCST90244095	Genome-wide genotyping array
2023-12-12	36914875	Shrine N	2023-03-13	Nat Genet	www.ncbi.nlm.nih.gov/pubmed/36914875	Multi-ancestry genome-wide association analyses improve resolution of genes and pathways influencing lung function and chronic obstructive pulmonary disease risk.	Peak expiratory flow	393,161 European ancestry individuals, 4,227 African ancestry individuals, 1,564 East Asian ancestry individuals, 4,270 South Asian ancestry individuals, 2,798 Hispanic or Latin American individuals	NA											chr5:51978913-T	chr5:51978913	0			1	0.267	9E-12	11.045757490560675		6.829	z score increase	Affymetrix, Illumina [50317128] (imputed)	N	peak expiratory flow	http://www.ebi.ac.uk/efo/EFO_0009718	GCST90244095	Genome-wide genotyping array
2023-12-12	36914875	Shrine N	2023-03-13	Nat Genet	www.ncbi.nlm.nih.gov/pubmed/36914875	Multi-ancestry genome-wide association analyses improve resolution of genes and pathways influencing lung function and chronic obstructive pulmonary disease risk.	Peak expiratory flow	393,161 European ancestry individuals, 4,227 African ancestry individuals, 1,564 East Asian ancestry individuals, 4,270 South Asian ancestry individuals, 2,798 Hispanic or Latin American individuals	NA	5q35.2	5	173352208		MIR8056 - RNU6-500P	ENSG00000274994	ENSG00000199219		4672	9926	rs11747434-T	rs11747434	0	11747434	intergenic_variant	1	0.719	1E-32	32.0		11.889	z score decrease	Affymetrix, Illumina [50317128] (imputed)	N	peak expiratory flow	http://www.ebi.ac.uk/efo/EFO_0009718	GCST90244095	Genome-wide genotyping array
2023-12-12	36914875	Shrine N	2023-03-13	Nat Genet	www.ncbi.nlm.nih.gov/pubmed/36914875	Multi-ancestry genome-wide association analyses improve resolution of genes and pathways influencing lung function and chronic obstructive pulmonary disease risk.	Peak expiratory flow	393,161 European ancestry individuals, 4,227 African ancestry individuals, 1,564 East Asian ancestry individuals, 4,270 South Asian ancestry individuals, 2,798 Hispanic or Latin American individuals	NA	18p11.22	18	10078074		VAPA - LINC01254	ENSG00000101558	ENSG00000260913		118053	326690	rs8089099-A	rs8089099	0	8089099	intergenic_variant	1	0.271	6E-32	31.221848749616356		11.766	z score increase	Affymetrix, Illumina [50317128] (imputed)	N	peak expiratory flow	http://www.ebi.ac.uk/efo/EFO_0009718	GCST90244095	Genome-wide genotyping array
2023-12-12	36914875	Shrine N	2023-03-13	Nat Genet	www.ncbi.nlm.nih.gov/pubmed/36914875	Multi-ancestry genome-wide association analyses improve resolution of genes and pathways influencing lung function and chronic obstructive pulmonary disease risk.	Peak expiratory flow	393,161 European ancestry individuals, 4,227 African ancestry individuals, 1,564 East Asian ancestry individuals, 4,270 South Asian ancestry individuals, 2,798 Hispanic or Latin American individuals	NA	2p21	2	43534973		THADA			ENSG00000115970			rs77972916-A	rs77972916	0	77972916	intron_variant	0	0.0736	1E-27	27.0		10.893	z score increase	Affymetrix, Illumina [50317128] (imputed)	N	peak expiratory flow	http://www.ebi.ac.uk/efo/EFO_0009718	GCST90244095	Genome-wide genotyping array
2023-12-12	36914875	Shrine N	2023-03-13	Nat Genet	www.ncbi.nlm.nih.gov/pubmed/36914875	Multi-ancestry genome-wide association analyses improve resolution of genes and pathways influencing lung function and chronic obstructive pulmonary disease risk.	Peak expiratory flow	393,161 European ancestry individuals, 4,227 African ancestry individuals, 1,564 East Asian ancestry individuals, 4,270 South Asian ancestry individuals, 2,798 Hispanic or Latin American individuals	NA	11p15.4	11	10603599		IRAG1, LYVE1, IRAG1-AS1			ENSG00000072952, ENSG00000133800, ENSG00000177112			rs7115735-T	rs7115735	0	7115735	intron_variant	0	0.447	2E-9	8.698970004336019		6.018	z score decrease	Affymetrix, Illumina [50317128] (imputed)	N	peak expiratory flow	http://www.ebi.ac.uk/efo/EFO_0009718	GCST90244095	Genome-wide genotyping array
2023-12-12	36914875	Shrine N	2023-03-13	Nat Genet	www.ncbi.nlm.nih.gov/pubmed/36914875	Multi-ancestry genome-wide association analyses improve resolution of genes and pathways influencing lung function and chronic obstructive pulmonary disease risk.	Peak expiratory flow	393,161 European ancestry individuals, 4,227 African ancestry individuals, 1,564 East Asian ancestry individuals, 4,270 South Asian ancestry individuals, 2,798 Hispanic or Latin American individuals	NA	8q11.23	8	51910090		PCMTD1-DT			ENSG00000228801			rs10101163-A	rs10101163	0	10101163	intron_variant	0	0.734	2E-9	8.698970004336019		6.012	z score decrease	Affymetrix, Illumina [50317128] (imputed)	N	peak expiratory flow	http://www.ebi.ac.uk/efo/EFO_0009718	GCST90244095	Genome-wide genotyping array
2023-12-12	36914875	Shrine N	2023-03-13	Nat Genet	www.ncbi.nlm.nih.gov/pubmed/36914875	Multi-ancestry genome-wide association analyses improve resolution of genes and pathways influencing lung function and chronic obstructive pulmonary disease risk.	Peak expiratory flow	393,161 European ancestry individuals, 4,227 African ancestry individuals, 1,564 East Asian ancestry individuals, 4,270 South Asian ancestry individuals, 2,798 Hispanic or Latin American individuals	NA	19p13.13	19	12988179		DAND5 - NFIX	ENSG00000179284	ENSG00000008441		13419	7296	rs11881865-C	rs11881865	0	11881865	intergenic_variant	1	0.0422	5E-12	11.301029995663981		6.897	z score decrease	Affymetrix, Illumina [50317128] (imputed)	N	peak expiratory flow	http://www.ebi.ac.uk/efo/EFO_0009718	GCST90244095	Genome-wide genotyping array
2023-12-12	36914875	Shrine N	2023-03-13	Nat Genet	www.ncbi.nlm.nih.gov/pubmed/36914875	Multi-ancestry genome-wide association analyses improve resolution of genes and pathways influencing lung function and chronic obstructive pulmonary disease risk.	Peak expiratory flow	393,161 European ancestry individuals, 4,227 African ancestry individuals, 1,564 East Asian ancestry individuals, 4,270 South Asian ancestry individuals, 2,798 Hispanic or Latin American individuals	NA	1q32.1	1	205943658		SLC26A9 - RAB7B	ENSG00000174502	ENSG00000276600		198	33082	rs1342062-T	rs1342062	0	1342062	intergenic_variant	1	0.679	6E-74	73.22184874961636		18.19	z score increase	Affymetrix, Illumina [50317128] (imputed)	N	peak expiratory flow	http://www.ebi.ac.uk/efo/EFO_0009718	GCST90244095	Genome-wide genotyping array
2023-12-12	36914875	Shrine N	2023-03-13	Nat Genet	www.ncbi.nlm.nih.gov/pubmed/36914875	Multi-ancestry genome-wide association analyses improve resolution of genes and pathways influencing lung function and chronic obstructive pulmonary disease risk.	Peak expiratory flow	393,161 European ancestry individuals, 4,227 African ancestry individuals, 1,564 East Asian ancestry individuals, 4,270 South Asian ancestry individuals, 2,798 Hispanic or Latin American individuals	NA	5q14.3	5	83719029		HAPLN1			ENSG00000145681			rs974023-T	rs974023	0	974023	intron_variant	0	0.225	1E-63	63.0		16.837	z score increase	Affymetrix, Illumina [50317128] (imputed)	N	peak expiratory flow	http://www.ebi.ac.uk/efo/EFO_0009718	GCST90244095	Genome-wide genotyping array
2023-12-12	36914875	Shrine N	2023-03-13	Nat Genet	www.ncbi.nlm.nih.gov/pubmed/36914875	Multi-ancestry genome-wide association analyses improve resolution of genes and pathways influencing lung function and chronic obstructive pulmonary disease risk.	Peak expiratory flow	393,161 European ancestry individuals, 4,227 African ancestry individuals, 1,564 East Asian ancestry individuals, 4,270 South Asian ancestry individuals, 2,798 Hispanic or Latin American individuals	NA	15q23	15	71316967		THSD4			ENSG00000187720			rs4337253-C	rs4337253	0	4337253	intron_variant	0	0.337	3E-59	58.52287874528034		16.236	z score decrease	Affymetrix, Illumina [50317128] (imputed)	N	peak expiratory flow	http://www.ebi.ac.uk/efo/EFO_0009718	GCST90244095	Genome-wide genotyping array
2023-12-12	36914875	Shrine N	2023-03-13	Nat Genet	www.ncbi.nlm.nih.gov/pubmed/36914875	Multi-ancestry genome-wide association analyses improve resolution of genes and pathways influencing lung function and chronic obstructive pulmonary disease risk.	Peak expiratory flow	393,161 European ancestry individuals, 4,227 African ancestry individuals, 1,564 East Asian ancestry individuals, 4,270 South Asian ancestry individuals, 2,798 Hispanic or Latin American individuals	NA	6p22.1	6	30386640		UBQLN1P1 - MICC	ENSG00000236405	ENSG00000226577		22360	28075	rs141748163-T	rs141748163	1	9280962	intergenic_variant	1	0.857	8E-56	55.096910013008056		15.743	z score increase	Affymetrix, Illumina [50317128] (imputed)	N	peak expiratory flow	http://www.ebi.ac.uk/efo/EFO_0009718	GCST90244095	Genome-wide genotyping array
2023-12-12	36914875	Shrine N	2023-03-13	Nat Genet	www.ncbi.nlm.nih.gov/pubmed/36914875	Multi-ancestry genome-wide association analyses improve resolution of genes and pathways influencing lung function and chronic obstructive pulmonary disease risk.	Peak expiratory flow	393,161 European ancestry individuals, 4,227 African ancestry individuals, 1,564 East Asian ancestry individuals, 4,270 South Asian ancestry individuals, 2,798 Hispanic or Latin American individuals	NA	17q24.3	17	71205670		CASC17 - RNU7-155P	ENSG00000260785	ENSG00000238759		3467	92486	rs6501455-A	rs6501455	0	6501455	intergenic_variant	1	0.506	1E-44	44.0		14.03	z score increase	Affymetrix, Illumina [50317128] (imputed)	N	peak expiratory flow	http://www.ebi.ac.uk/efo/EFO_0009718	GCST90244095	Genome-wide genotyping array
2023-12-12	36914875	Shrine N	2023-03-13	Nat Genet	www.ncbi.nlm.nih.gov/pubmed/36914875	Multi-ancestry genome-wide association analyses improve resolution of genes and pathways influencing lung function and chronic obstructive pulmonary disease risk.	Peak expiratory flow	393,161 European ancestry individuals, 4,227 African ancestry individuals, 1,564 East Asian ancestry individuals, 4,270 South Asian ancestry individuals, 2,798 Hispanic or Latin American individuals	NA	1p32.3	1	50777702		FAF1			ENSG00000185104			rs1416685-C	rs1416685	0	1416685	intron_variant	0	0.41	3E-40	39.52287874528034		13.289	z score increase	Affymetrix, Illumina [50317128] (imputed)	N	peak expiratory flow	http://www.ebi.ac.uk/efo/EFO_0009718	GCST90244095	Genome-wide genotyping array
2023-12-12	36914875	Shrine N	2023-03-13	Nat Genet	www.ncbi.nlm.nih.gov/pubmed/36914875	Multi-ancestry genome-wide association analyses improve resolution of genes and pathways influencing lung function and chronic obstructive pulmonary disease risk.	Peak expiratory flow	393,161 European ancestry individuals, 4,227 African ancestry individuals, 1,564 East Asian ancestry individuals, 4,270 South Asian ancestry individuals, 2,798 Hispanic or Latin American individuals	NA	17q24.3	17	71375177		RNU7-155P - MYL6P5	ENSG00000238759	ENSG00000228118		76959	245801	rs996865-T	rs996865	0	996865	intergenic_variant	1	0.0791	3E-38	37.52287874528034		12.922	z score decrease	Affymetrix, Illumina [50317128] (imputed)	N	peak expiratory flow	http://www.ebi.ac.uk/efo/EFO_0009718	GCST90244095	Genome-wide genotyping array
2023-12-12	36914875	Shrine N	2023-03-13	Nat Genet	www.ncbi.nlm.nih.gov/pubmed/36914875	Multi-ancestry genome-wide association analyses improve resolution of genes and pathways influencing lung function and chronic obstructive pulmonary disease risk.	Peak expiratory flow	393,161 European ancestry individuals, 4,227 African ancestry individuals, 1,564 East Asian ancestry individuals, 4,270 South Asian ancestry individuals, 2,798 Hispanic or Latin American individuals	NA	4p16.2	4	5019422		CYTL1			ENSG00000170891			rs35263598-A	rs35263598	0	35263598	synonymous_variant	0	0.152	1E-37	37.0		12.813	z score decrease	Affymetrix, Illumina [50317128] (imputed)	N	peak expiratory flow	http://www.ebi.ac.uk/efo/EFO_0009718	GCST90244095	Genome-wide genotyping array
2023-12-12	36914875	Shrine N	2023-03-13	Nat Genet	www.ncbi.nlm.nih.gov/pubmed/36914875	Multi-ancestry genome-wide association analyses improve resolution of genes and pathways influencing lung function and chronic obstructive pulmonary disease risk.	Peak expiratory flow	393,161 European ancestry individuals, 4,227 African ancestry individuals, 1,564 East Asian ancestry individuals, 4,270 South Asian ancestry individuals, 2,798 Hispanic or Latin American individuals	NA	1p35.2	1	30784823		LAPTM5 - LINC01778	ENSG00000162511	ENSG00000223382		26968	39177	rs10914204-C	rs10914204	0	10914204	intergenic_variant	1	0.462	2E-34	33.69897000433602		12.228	z score decrease	Affymetrix, Illumina [50317128] (imputed)	N	peak expiratory flow	http://www.ebi.ac.uk/efo/EFO_0009718	GCST90244095	Genome-wide genotyping array
2023-12-12	36914875	Shrine N	2023-03-13	Nat Genet	www.ncbi.nlm.nih.gov/pubmed/36914875	Multi-ancestry genome-wide association analyses improve resolution of genes and pathways influencing lung function and chronic obstructive pulmonary disease risk.	Peak expiratory flow	393,161 European ancestry individuals, 4,227 African ancestry individuals, 1,564 East Asian ancestry individuals, 4,270 South Asian ancestry individuals, 2,798 Hispanic or Latin American individuals	NA	17q22	17	56596611		NOG - C17orf67	ENSG00000183691	ENSG00000214226		1000	195302	rs62074819-T	rs62074819	0	62074819	regulatory_region_variant	1	0.502	9E-34	33.045757490560675		12.118	z score decrease	Affymetrix, Illumina [50317128] (imputed)	N	peak expiratory flow	http://www.ebi.ac.uk/efo/EFO_0009718	GCST90244095	Genome-wide genotyping array
2023-12-12	36914875	Shrine N	2023-03-13	Nat Genet	www.ncbi.nlm.nih.gov/pubmed/36914875	Multi-ancestry genome-wide association analyses improve resolution of genes and pathways influencing lung function and chronic obstructive pulmonary disease risk.	Peak expiratory flow	393,161 European ancestry individuals, 4,227 African ancestry individuals, 1,564 East Asian ancestry individuals, 4,270 South Asian ancestry individuals, 2,798 Hispanic or Latin American individuals	NA	4p16.2	4	5015156		CYTL1			ENSG00000170891			rs11722554-A	rs11722554	0	11722554	missense_variant	0	0.0378	2E-33	32.69897000433602		12.046	z score decrease	Affymetrix, Illumina [50317128] (imputed)	N	peak expiratory flow	http://www.ebi.ac.uk/efo/EFO_0009718	GCST90244095	Genome-wide genotyping array
2023-12-12	36914875	Shrine N	2023-03-13	Nat Genet	www.ncbi.nlm.nih.gov/pubmed/36914875	Multi-ancestry genome-wide association analyses improve resolution of genes and pathways influencing lung function and chronic obstructive pulmonary disease risk.	Peak expiratory flow	393,161 European ancestry individuals, 4,227 African ancestry individuals, 1,564 East Asian ancestry individuals, 4,270 South Asian ancestry individuals, 2,798 Hispanic or Latin American individuals	NA	9p24.2	9	4145163		GLIS3			ENSG00000107249			rs17209774-C	rs17209774	0	17209774	intron_variant	0	0.358	3E-28	27.522878745280337		11.026	z score decrease	Affymetrix, Illumina [50317128] (imputed)	N	peak expiratory flow	http://www.ebi.ac.uk/efo/EFO_0009718	GCST90244095	Genome-wide genotyping array
2023-12-12	36914875	Shrine N	2023-03-13	Nat Genet	www.ncbi.nlm.nih.gov/pubmed/36914875	Multi-ancestry genome-wide association analyses improve resolution of genes and pathways influencing lung function and chronic obstructive pulmonary disease risk.	Peak expiratory flow	393,161 European ancestry individuals, 4,227 African ancestry individuals, 1,564 East Asian ancestry individuals, 4,270 South Asian ancestry individuals, 2,798 Hispanic or Latin American individuals	NA	6q23.2	6	133893387		TCF21, TARID			ENSG00000118526, ENSG00000227954			rs12190287-C	rs12190287	0	12190287	3_prime_UTR_variant	0	0.63	5E-28	27.30102999566398		10.97	z score increase	Affymetrix, Illumina [50317128] (imputed)	N	peak expiratory flow	http://www.ebi.ac.uk/efo/EFO_0009718	GCST90244095	Genome-wide genotyping array
2023-12-12	36914875	Shrine N	2023-03-13	Nat Genet	www.ncbi.nlm.nih.gov/pubmed/36914875	Multi-ancestry genome-wide association analyses improve resolution of genes and pathways influencing lung function and chronic obstructive pulmonary disease risk.	Peak expiratory flow	393,161 European ancestry individuals, 4,227 African ancestry individuals, 1,564 East Asian ancestry individuals, 4,270 South Asian ancestry individuals, 2,798 Hispanic or Latin American individuals	NA	1p36.13	1	19427972		CAPZB			ENSG00000077549			rs4912092-C	rs4912092	0	4912092	intron_variant	0	0.758	7E-27	26.154901959985743		10.731	z score increase	Affymetrix, Illumina [50317128] (imputed)	N	peak expiratory flow	http://www.ebi.ac.uk/efo/EFO_0009718	GCST90244095	Genome-wide genotyping array
2023-12-12	36914875	Shrine N	2023-03-13	Nat Genet	www.ncbi.nlm.nih.gov/pubmed/36914875	Multi-ancestry genome-wide association analyses improve resolution of genes and pathways influencing lung function and chronic obstructive pulmonary disease risk.	Peak expiratory flow	393,161 European ancestry individuals, 4,227 African ancestry individuals, 1,564 East Asian ancestry individuals, 4,270 South Asian ancestry individuals, 2,798 Hispanic or Latin American individuals	NA	2q22.3	2	143578563		ARHGAP15			ENSG00000075884			rs11894956-A	rs11894956	0	11894956	intron_variant	0	0.821	1E-25	25.0		10.476	z score increase	Affymetrix, Illumina [50317128] (imputed)	N	peak expiratory flow	http://www.ebi.ac.uk/efo/EFO_0009718	GCST90244095	Genome-wide genotyping array
2023-12-12	36914875	Shrine N	2023-03-13	Nat Genet	www.ncbi.nlm.nih.gov/pubmed/36914875	Multi-ancestry genome-wide association analyses improve resolution of genes and pathways influencing lung function and chronic obstructive pulmonary disease risk.	Peak expiratory flow	393,161 European ancestry individuals, 4,227 African ancestry individuals, 1,564 East Asian ancestry individuals, 4,270 South Asian ancestry individuals, 2,798 Hispanic or Latin American individuals	NA	6p25.2	6	2507667		GMDS-DT			ENSG00000250903			rs11242779-T	rs11242779	0	11242779	intron_variant	0	0.514	2E-25	24.69897000433602		10.416	z score increase	Affymetrix, Illumina [50317128] (imputed)	N	peak expiratory flow	http://www.ebi.ac.uk/efo/EFO_0009718	GCST90244095	Genome-wide genotyping array
2023-12-12	36914875	Shrine N	2023-03-13	Nat Genet	www.ncbi.nlm.nih.gov/pubmed/36914875	Multi-ancestry genome-wide association analyses improve resolution of genes and pathways influencing lung function and chronic obstructive pulmonary disease risk.	Peak expiratory flow	393,161 European ancestry individuals, 4,227 African ancestry individuals, 1,564 East Asian ancestry individuals, 4,270 South Asian ancestry individuals, 2,798 Hispanic or Latin American individuals	NA	12q23.2	12	102437944		IGF1, LINC02456			ENSG00000017427, ENSG00000283052			rs10860865-T	rs10860865	0	10860865	intron_variant	0	0.264	5E-25	24.30102999566398		10.326	z score increase	Affymetrix, Illumina [50317128] (imputed)	N	peak expiratory flow	http://www.ebi.ac.uk/efo/EFO_0009718	GCST90244095	Genome-wide genotyping array
2023-12-12	36914875	Shrine N	2023-03-13	Nat Genet	www.ncbi.nlm.nih.gov/pubmed/36914875	Multi-ancestry genome-wide association analyses improve resolution of genes and pathways influencing lung function and chronic obstructive pulmonary disease risk.	Peak expiratory flow	393,161 European ancestry individuals, 4,227 African ancestry individuals, 1,564 East Asian ancestry individuals, 4,270 South Asian ancestry individuals, 2,798 Hispanic or Latin American individuals	NA	6p25.3	6	1775202		GMDS			ENSG00000112699			rs2318089-A	rs2318089	0	2318089	intron_variant	0	0.285	2E-24	23.69897000433602		10.217	z score increase	Affymetrix, Illumina [50317128] (imputed)	N	peak expiratory flow	http://www.ebi.ac.uk/efo/EFO_0009718	GCST90244095	Genome-wide genotyping array
2023-12-12	36914875	Shrine N	2023-03-13	Nat Genet	www.ncbi.nlm.nih.gov/pubmed/36914875	Multi-ancestry genome-wide association analyses improve resolution of genes and pathways influencing lung function and chronic obstructive pulmonary disease risk.	Peak expiratory flow	393,161 European ancestry individuals, 4,227 African ancestry individuals, 1,564 East Asian ancestry individuals, 4,270 South Asian ancestry individuals, 2,798 Hispanic or Latin American individuals	NA	12q13.11	12	48005245		COL2A1 - SENP1	ENSG00000139219	ENSG00000079387		556	34539	rs3809324-T	rs3809324	0	3809324	intergenic_variant	1	0.217	6E-24	23.221848749616356		10.099	z score decrease	Affymetrix, Illumina [50317128] (imputed)	N	peak expiratory flow	http://www.ebi.ac.uk/efo/EFO_0009718	GCST90244095	Genome-wide genotyping array
2023-12-12	36914875	Shrine N	2023-03-13	Nat Genet	www.ncbi.nlm.nih.gov/pubmed/36914875	Multi-ancestry genome-wide association analyses improve resolution of genes and pathways influencing lung function and chronic obstructive pulmonary disease risk.	Lung function (FEV1/FVC)	475,645 European ancestry individuals, 8,590 African ancestry individuals, 85,279 East Asian ancestry individuals, 4,270 South Asian ancestry individuals, 14,668 Hispanic or Latin American individuals	NA	16q24.1	16	86369466		LINC00917 - FENDRR	ENSG00000168367	ENSG00000268388		19778	105059	rs17263532-A	rs17263532	0	17263532	intergenic_variant	1	0.892	5E-13	12.301029995663981		7.223	z score increase	Affymetrix, Illumina [63372103] (imputed)	N	FEV/FVC ratio	http://www.ebi.ac.uk/efo/EFO_0004713	GCST90244094	Genome-wide genotyping array
2023-12-12	36914875	Shrine N	2023-03-13	Nat Genet	www.ncbi.nlm.nih.gov/pubmed/36914875	Multi-ancestry genome-wide association analyses improve resolution of genes and pathways influencing lung function and chronic obstructive pulmonary disease risk.	Lung function (FEV1/FVC)	475,645 European ancestry individuals, 8,590 African ancestry individuals, 85,279 East Asian ancestry individuals, 4,270 South Asian ancestry individuals, 14,668 Hispanic or Latin American individuals	NA	12q24.23	12	117953795		KSR2			ENSG00000171435			rs12424627-T	rs12424627	0	12424627	intron_variant	0	0.82	7E-13	12.154901959985743		7.171	z score increase	Affymetrix, Illumina [63372103] (imputed)	N	FEV/FVC ratio	http://www.ebi.ac.uk/efo/EFO_0004713	GCST90244094	Genome-wide genotyping array
2023-12-12	36914875	Shrine N	2023-03-13	Nat Genet	www.ncbi.nlm.nih.gov/pubmed/36914875	Multi-ancestry genome-wide association analyses improve resolution of genes and pathways influencing lung function and chronic obstructive pulmonary disease risk.	Lung function (FEV1/FVC)	475,645 European ancestry individuals, 8,590 African ancestry individuals, 85,279 East Asian ancestry individuals, 4,270 South Asian ancestry individuals, 14,668 Hispanic or Latin American individuals	NA	5p13.2	5	34627561		GUSBP18 - RAI14-DT	ENSG00000215158	ENSG00000271874		409218	23891	rs12189242-A	rs12189242	0	12189242	intergenic_variant	1	0.212	9E-13	12.045757490560675		7.145	z score increase	Affymetrix, Illumina [63372103] (imputed)	N	FEV/FVC ratio	http://www.ebi.ac.uk/efo/EFO_0004713	GCST90244094	Genome-wide genotyping array
2023-12-12	36914875	Shrine N	2023-03-13	Nat Genet	www.ncbi.nlm.nih.gov/pubmed/36914875	Multi-ancestry genome-wide association analyses improve resolution of genes and pathways influencing lung function and chronic obstructive pulmonary disease risk.	Lung function (FEV1/FVC)	475,645 European ancestry individuals, 8,590 African ancestry individuals, 85,279 East Asian ancestry individuals, 4,270 South Asian ancestry individuals, 14,668 Hispanic or Latin American individuals	NA	20q11.21	20	32821799		MAPRE1			ENSG00000101367			rs17123673-A	rs17123673	0	17123673	intron_variant	0	0.936	5E-10	9.301029995663981		6.226	z score decrease	Affymetrix, Illumina [63372103] (imputed)	N	FEV/FVC ratio	http://www.ebi.ac.uk/efo/EFO_0004713	GCST90244094	Genome-wide genotyping array
2023-12-12	36914875	Shrine N	2023-03-13	Nat Genet	www.ncbi.nlm.nih.gov/pubmed/36914875	Multi-ancestry genome-wide association analyses improve resolution of genes and pathways influencing lung function and chronic obstructive pulmonary disease risk.	Lung function (FEV1/FVC)	475,645 European ancestry individuals, 8,590 African ancestry individuals, 85,279 East Asian ancestry individuals, 4,270 South Asian ancestry individuals, 14,668 Hispanic or Latin American individuals	NA	15q22.2	15	63069063		TPM1			ENSG00000140416			rs2173982-C	rs2173982	0	2173982	intron_variant	0	0.671	7E-10	9.154901959985743		6.169	z score decrease	Affymetrix, Illumina [63372103] (imputed)	N	FEV/FVC ratio	http://www.ebi.ac.uk/efo/EFO_0004713	GCST90244094	Genome-wide genotyping array
2023-12-12	36914875	Shrine N	2023-03-13	Nat Genet	www.ncbi.nlm.nih.gov/pubmed/36914875	Multi-ancestry genome-wide association analyses improve resolution of genes and pathways influencing lung function and chronic obstructive pulmonary disease risk.	Peak expiratory flow	393,161 European ancestry individuals, 4,227 African ancestry individuals, 1,564 East Asian ancestry individuals, 4,270 South Asian ancestry individuals, 2,798 Hispanic or Latin American individuals	NA	5p13.3	5	32754348		NPR3			ENSG00000113389			rs147664254-G	rs147664254	1	144883985	intron_variant	0	0.815	3E-10	9.522878745280337		6.305	z score increase	Affymetrix, Illumina [50317128] (imputed)	N	peak expiratory flow	http://www.ebi.ac.uk/efo/EFO_0009718	GCST90244095	Genome-wide genotyping array
2023-12-12	36914875	Shrine N	2023-03-13	Nat Genet	www.ncbi.nlm.nih.gov/pubmed/36914875	Multi-ancestry genome-wide association analyses improve resolution of genes and pathways influencing lung function and chronic obstructive pulmonary disease risk.	Peak expiratory flow	393,161 European ancestry individuals, 4,227 African ancestry individuals, 1,564 East Asian ancestry individuals, 4,270 South Asian ancestry individuals, 2,798 Hispanic or Latin American individuals	NA	5p12	5	43550979		PAIP1			ENSG00000172239			rs72758686-A	rs72758686	0	72758686	intron_variant	0	0.0644	4E-10	9.397940008672037		6.237	z score increase	Affymetrix, Illumina [50317128] (imputed)	N	peak expiratory flow	http://www.ebi.ac.uk/efo/EFO_0009718	GCST90244095	Genome-wide genotyping array
2023-12-12	36914875	Shrine N	2023-03-13	Nat Genet	www.ncbi.nlm.nih.gov/pubmed/36914875	Multi-ancestry genome-wide association analyses improve resolution of genes and pathways influencing lung function and chronic obstructive pulmonary disease risk.	Peak expiratory flow	393,161 European ancestry individuals, 4,227 African ancestry individuals, 1,564 East Asian ancestry individuals, 4,270 South Asian ancestry individuals, 2,798 Hispanic or Latin American individuals	NA	15q26.2	15	95732013		LINC00924 - RNU2-3P	ENSG00000259134	ENSG00000222076		116378	13791	rs2567442-A	rs2567442	0	2567442	intron_variant	1	0.719	5E-10	9.301029995663981		6.235	z score decrease	Affymetrix, Illumina [50317128] (imputed)	N	peak expiratory flow	http://www.ebi.ac.uk/efo/EFO_0009718	GCST90244095	Genome-wide genotyping array
2023-12-12	36914875	Shrine N	2023-03-13	Nat Genet	www.ncbi.nlm.nih.gov/pubmed/36914875	Multi-ancestry genome-wide association analyses improve resolution of genes and pathways influencing lung function and chronic obstructive pulmonary disease risk.	Peak expiratory flow	393,161 European ancestry individuals, 4,227 African ancestry individuals, 1,564 East Asian ancestry individuals, 4,270 South Asian ancestry individuals, 2,798 Hispanic or Latin American individuals	NA	5q13.2	5	73285604		TMEM174 - LINC02230	ENSG00000164325	ENSG00000251543		110461	52244	rs6452929-A	rs6452929	0	6452929	intron_variant	1	0.0785	6E-10	9.221848749616356		6.204	z score increase	Affymetrix, Illumina [50317128] (imputed)	N	peak expiratory flow	http://www.ebi.ac.uk/efo/EFO_0009718	GCST90244095	Genome-wide genotyping array
2023-12-12	36914875	Shrine N	2023-03-13	Nat Genet	www.ncbi.nlm.nih.gov/pubmed/36914875	Multi-ancestry genome-wide association analyses improve resolution of genes and pathways influencing lung function and chronic obstructive pulmonary disease risk.	Peak expiratory flow	393,161 European ancestry individuals, 4,227 African ancestry individuals, 1,564 East Asian ancestry individuals, 4,270 South Asian ancestry individuals, 2,798 Hispanic or Latin American individuals	NA	20p12.3	20	7369084		LINC01706 - MIR8062	ENSG00000224711	ENSG00000278159		1151	2524	rs2423222-T	rs2423222	0	2423222	intergenic_variant	1	0.256	6E-10	9.221848749616356		6.202	z score decrease	Affymetrix, Illumina [50317128] (imputed)	N	peak expiratory flow	http://www.ebi.ac.uk/efo/EFO_0009718	GCST90244095	Genome-wide genotyping array
2023-12-12	36914875	Shrine N	2023-03-13	Nat Genet	www.ncbi.nlm.nih.gov/pubmed/36914875	Multi-ancestry genome-wide association analyses improve resolution of genes and pathways influencing lung function and chronic obstructive pulmonary disease risk.	Peak expiratory flow	393,161 European ancestry individuals, 4,227 African ancestry individuals, 1,564 East Asian ancestry individuals, 4,270 South Asian ancestry individuals, 2,798 Hispanic or Latin American individuals	NA	6q25.1	6	149436808		TAB2 - ZC3H12D	ENSG00000055208	ENSG00000178199		25195	9987	rs1001305-A	rs1001305	0	1001305	intergenic_variant	1	0.23	6E-10	9.221848749616356		6.193	z score decrease	Affymetrix, Illumina [50317128] (imputed)	N	peak expiratory flow	http://www.ebi.ac.uk/efo/EFO_0009718	GCST90244095	Genome-wide genotyping array
2023-12-12	36914875	Shrine N	2023-03-13	Nat Genet	www.ncbi.nlm.nih.gov/pubmed/36914875	Multi-ancestry genome-wide association analyses improve resolution of genes and pathways influencing lung function and chronic obstructive pulmonary disease risk.	Peak expiratory flow	393,161 European ancestry individuals, 4,227 African ancestry individuals, 1,564 East Asian ancestry individuals, 4,270 South Asian ancestry individuals, 2,798 Hispanic or Latin American individuals	NA	5q13.2	5	72848178		TNPO1			ENSG00000083312			rs34651-T	rs34651	0	34651	5_prime_UTR_variant	0	0.919	7E-10	9.154901959985743		6.173	z score increase	Affymetrix, Illumina [50317128] (imputed)	N	peak expiratory flow	http://www.ebi.ac.uk/efo/EFO_0009718	GCST90244095	Genome-wide genotyping array
2023-12-12	36914875	Shrine N	2023-03-13	Nat Genet	www.ncbi.nlm.nih.gov/pubmed/36914875	Multi-ancestry genome-wide association analyses improve resolution of genes and pathways influencing lung function and chronic obstructive pulmonary disease risk.	Peak expiratory flow	393,161 European ancestry individuals, 4,227 African ancestry individuals, 1,564 East Asian ancestry individuals, 4,270 South Asian ancestry individuals, 2,798 Hispanic or Latin American individuals	NA	16p13.3	16	984675		SOX8			ENSG00000005513			rs36079112-A	rs36079112	0	36079112	3_prime_UTR_variant	0	0.0792	7E-10	9.154901959985743		6.158	z score decrease	Affymetrix, Illumina [50317128] (imputed)	N	peak expiratory flow	http://www.ebi.ac.uk/efo/EFO_0009718	GCST90244095	Genome-wide genotyping array
2023-12-12	36914875	Shrine N	2023-03-13	Nat Genet	www.ncbi.nlm.nih.gov/pubmed/36914875	Multi-ancestry genome-wide association analyses improve resolution of genes and pathways influencing lung function and chronic obstructive pulmonary disease risk.	Peak expiratory flow	393,161 European ancestry individuals, 4,227 African ancestry individuals, 1,564 East Asian ancestry individuals, 4,270 South Asian ancestry individuals, 2,798 Hispanic or Latin American individuals	NA	14q11.2	14	22836440		MRPL52 - MMP14	ENSG00000172590	ENSG00000157227		1403	92	rs1004030-T	rs1004030	0	1004030	regulatory_region_variant	1	0.576	1E-9	9.0		6.114	z score increase	Affymetrix, Illumina [50317128] (imputed)	N	peak expiratory flow	http://www.ebi.ac.uk/efo/EFO_0009718	GCST90244095	Genome-wide genotyping array
2023-12-12	36914875	Shrine N	2023-03-13	Nat Genet	www.ncbi.nlm.nih.gov/pubmed/36914875	Multi-ancestry genome-wide association analyses improve resolution of genes and pathways influencing lung function and chronic obstructive pulmonary disease risk.	Peak expiratory flow	393,161 European ancestry individuals, 4,227 African ancestry individuals, 1,564 East Asian ancestry individuals, 4,270 South Asian ancestry individuals, 2,798 Hispanic or Latin American individuals	NA	11p11.12	11	49307969		NOX4P1			ENSG00000255532			rs1164671-T	rs1164671	0	1164671	non_coding_transcript_exon_variant	0	0.813	1E-9	9.0		6.087	z score increase	Affymetrix, Illumina [50317128] (imputed)	N	peak expiratory flow	http://www.ebi.ac.uk/efo/EFO_0009718	GCST90244095	Genome-wide genotyping array
2023-12-12	36914875	Shrine N	2023-03-13	Nat Genet	www.ncbi.nlm.nih.gov/pubmed/36914875	Multi-ancestry genome-wide association analyses improve resolution of genes and pathways influencing lung function and chronic obstructive pulmonary disease risk.	Peak expiratory flow	393,161 European ancestry individuals, 4,227 African ancestry individuals, 1,564 East Asian ancestry individuals, 4,270 South Asian ancestry individuals, 2,798 Hispanic or Latin American individuals	NA	5q31.1	5	132459618		IRF1, CARINH			ENSG00000125347, ENSG00000197536			rs10477741-T	rs10477741	0	10477741	intron_variant	0	0.874	1E-9	9.0		6.077	z score increase	Affymetrix, Illumina [50317128] (imputed)	N	peak expiratory flow	http://www.ebi.ac.uk/efo/EFO_0009718	GCST90244095	Genome-wide genotyping array
2023-12-12	36914875	Shrine N	2023-03-13	Nat Genet	www.ncbi.nlm.nih.gov/pubmed/36914875	Multi-ancestry genome-wide association analyses improve resolution of genes and pathways influencing lung function and chronic obstructive pulmonary disease risk.	Peak expiratory flow	393,161 European ancestry individuals, 4,227 African ancestry individuals, 1,564 East Asian ancestry individuals, 4,270 South Asian ancestry individuals, 2,798 Hispanic or Latin American individuals	NA											rs138743979-T	rs138743979	0	58844541		1	0.626	1E-9	9.0		6.075	z score decrease	Affymetrix, Illumina [50317128] (imputed)	N	peak expiratory flow	http://www.ebi.ac.uk/efo/EFO_0009718	GCST90244095	Genome-wide genotyping array
2023-12-12	36914875	Shrine N	2023-03-13	Nat Genet	www.ncbi.nlm.nih.gov/pubmed/36914875	Multi-ancestry genome-wide association analyses improve resolution of genes and pathways influencing lung function and chronic obstructive pulmonary disease risk.	Peak expiratory flow	393,161 European ancestry individuals, 4,227 African ancestry individuals, 1,564 East Asian ancestry individuals, 4,270 South Asian ancestry individuals, 2,798 Hispanic or Latin American individuals	NA	16p13.3	16	2090679		PKD1			ENSG00000008710			rs10960-T	rs10960	0	10960	missense_variant	0	0.816	1E-9	9.0		6.061	z score increase	Affymetrix, Illumina [50317128] (imputed)	N	peak expiratory flow	http://www.ebi.ac.uk/efo/EFO_0009718	GCST90244095	Genome-wide genotyping array
2023-12-12	36914875	Shrine N	2023-03-13	Nat Genet	www.ncbi.nlm.nih.gov/pubmed/36914875	Multi-ancestry genome-wide association analyses improve resolution of genes and pathways influencing lung function and chronic obstructive pulmonary disease risk.	Peak expiratory flow	393,161 European ancestry individuals, 4,227 African ancestry individuals, 1,564 East Asian ancestry individuals, 4,270 South Asian ancestry individuals, 2,798 Hispanic or Latin American individuals	NA	14q24.3	14	73824982		LINC02274			ENSG00000258586			rs4899483-T	rs4899483	0	4899483	intron_variant	0	0.723	1E-9	9.0		6.046	z score increase	Affymetrix, Illumina [50317128] (imputed)	N	peak expiratory flow	http://www.ebi.ac.uk/efo/EFO_0009718	GCST90244095	Genome-wide genotyping array
2023-12-12	36914875	Shrine N	2023-03-13	Nat Genet	www.ncbi.nlm.nih.gov/pubmed/36914875	Multi-ancestry genome-wide association analyses improve resolution of genes and pathways influencing lung function and chronic obstructive pulmonary disease risk.	Peak expiratory flow	393,161 European ancestry individuals, 4,227 African ancestry individuals, 1,564 East Asian ancestry individuals, 4,270 South Asian ancestry individuals, 2,798 Hispanic or Latin American individuals	NA											chr19:3471615-CAA	chr19:3471615	0			1	0.602	2E-9	8.698970004336019		6.044	z score decrease	Affymetrix, Illumina [50317128] (imputed)	N	peak expiratory flow	http://www.ebi.ac.uk/efo/EFO_0009718	GCST90244095	Genome-wide genotyping array
2023-12-12	36914875	Shrine N	2023-03-13	Nat Genet	www.ncbi.nlm.nih.gov/pubmed/36914875	Multi-ancestry genome-wide association analyses improve resolution of genes and pathways influencing lung function and chronic obstructive pulmonary disease risk.	Peak expiratory flow	393,161 European ancestry individuals, 4,227 African ancestry individuals, 1,564 East Asian ancestry individuals, 4,270 South Asian ancestry individuals, 2,798 Hispanic or Latin American individuals	NA	5q14.1	5	79222358		DMGDH			ENSG00000132837			rs62366070-A	rs62366070	0	62366070	intergenic_variant	0	0.26	2E-9	8.698970004336019		6.035	z score decrease	Affymetrix, Illumina [50317128] (imputed)	N	peak expiratory flow	http://www.ebi.ac.uk/efo/EFO_0009718	GCST90244095	Genome-wide genotyping array
2023-12-12	36914875	Shrine N	2023-03-13	Nat Genet	www.ncbi.nlm.nih.gov/pubmed/36914875	Multi-ancestry genome-wide association analyses improve resolution of genes and pathways influencing lung function and chronic obstructive pulmonary disease risk.	Peak expiratory flow	393,161 European ancestry individuals, 4,227 African ancestry individuals, 1,564 East Asian ancestry individuals, 4,270 South Asian ancestry individuals, 2,798 Hispanic or Latin American individuals	NA	3p13	3	73516796		PDZRN3			ENSG00000121440			rs766206762-A	rs766206762	1	11267642	intron_variant	0	0.355	1E-12	12.0		7.125	z score decrease	Affymetrix, Illumina [50317128] (imputed)	N	peak expiratory flow	http://www.ebi.ac.uk/efo/EFO_0009718	GCST90244095	Genome-wide genotyping array
2023-12-12	36914875	Shrine N	2023-03-13	Nat Genet	www.ncbi.nlm.nih.gov/pubmed/36914875	Multi-ancestry genome-wide association analyses improve resolution of genes and pathways influencing lung function and chronic obstructive pulmonary disease risk.	Peak expiratory flow	393,161 European ancestry individuals, 4,227 African ancestry individuals, 1,564 East Asian ancestry individuals, 4,270 South Asian ancestry individuals, 2,798 Hispanic or Latin American individuals	NA	22q12.2	22	30054052		HORMAD2-AS1			ENSG00000227117			rs17647863-C	rs17647863	0	17647863	intron_variant	0	0.904	1E-12	12.0		7.112	z score decrease	Affymetrix, Illumina [50317128] (imputed)	N	peak expiratory flow	http://www.ebi.ac.uk/efo/EFO_0009718	GCST90244095	Genome-wide genotyping array
2023-12-12	36914875	Shrine N	2023-03-13	Nat Genet	www.ncbi.nlm.nih.gov/pubmed/36914875	Multi-ancestry genome-wide association analyses improve resolution of genes and pathways influencing lung function and chronic obstructive pulmonary disease risk.	Peak expiratory flow	393,161 European ancestry individuals, 4,227 African ancestry individuals, 1,564 East Asian ancestry individuals, 4,270 South Asian ancestry individuals, 2,798 Hispanic or Latin American individuals	NA	16p13.12	16	14305978		MIR193BHG			ENSG00000262454			rs11462206-G	rs11462206	0	11462206	intron_variant	0	0.406	5E-12	11.301029995663981		6.901	z score decrease	Affymetrix, Illumina [50317128] (imputed)	N	peak expiratory flow	http://www.ebi.ac.uk/efo/EFO_0009718	GCST90244095	Genome-wide genotyping array
2023-12-12	36914875	Shrine N	2023-03-13	Nat Genet	www.ncbi.nlm.nih.gov/pubmed/36914875	Multi-ancestry genome-wide association analyses improve resolution of genes and pathways influencing lung function and chronic obstructive pulmonary disease risk.	Peak expiratory flow	393,161 European ancestry individuals, 4,227 African ancestry individuals, 1,564 East Asian ancestry individuals, 4,270 South Asian ancestry individuals, 2,798 Hispanic or Latin American individuals	NA	3q13.2	3	111785709		PHLDB2, PLCXD2			ENSG00000144824, ENSG00000240891			rs9843288-A	rs9843288	0	9843288	intron_variant	0	0.189	2E-9	8.698970004336019		6.025	z score decrease	Affymetrix, Illumina [50317128] (imputed)	N	peak expiratory flow	http://www.ebi.ac.uk/efo/EFO_0009718	GCST90244095	Genome-wide genotyping array
